WARNING: Makefile 'package/feeds/packages/bmx7-dnsupdate/Makefile' has a dependency on 'bmx7', which does not exist
WARNING: Makefile 'package/feeds/packages/bmx7-dnsupdate/Makefile' has a dependency on 'bmx7-json', which does not exist
WARNING: Makefile 'package/feeds/luci/luci-app-babeld/Makefile' has a dependency on 'babeld', which does not exist
WARNING: Makefile 'package/feeds/luci/luci-app-bmx7/Makefile' has a dependency on 'bmx7', which does not exist
WARNING: Makefile 'package/feeds/luci/luci-app-bmx7/Makefile' has a dependency on 'bmx7-uci-config', which does not exist
WARNING: Makefile 'package/feeds/luci/luci-app-bmx7/Makefile' has a dependency on 'bmx7-json', which does not exist
WARNING: Makefile 'package/feeds/luci/luci-app-bmx7/Makefile' has a dependency on 'bmx7-tun', which does not exist
WARNING: Makefile 'package/feeds/luci/luci-app-bmx7/Makefile' has a dependency on 'bmx7-iwinfo', which does not exist
WARNING: Makefile 'package/feeds/luci/luci-app-olsr/Makefile' has a dependency on 'olsrd', which does not exist
WARNING: Makefile 'package/feeds/luci/luci-app-olsr/Makefile' has a dependency on 'olsrd-mod-jsoninfo', which does not exist
WARNING: Makefile 'package/feeds/luci/luci-app-olsr/Makefile' has a dependency on 'olsrd-mod-sgwdynspeed', which does not exist
WARNING: Makefile 'package/feeds/luci/luci-app-olsr-services/Makefile' has a dependency on 'olsrd', which does not exist
WARNING: Makefile 'package/feeds/luci/luci-app-olsr-services/Makefile' has a dependency on 'olsrd-mod-nameservice', which does not exist
WARNING: Makefile 'package/feeds/luci/luci-app-olsr-viz/Makefile' has a dependency on 'olsrd', which does not exist
WARNING: Makefile 'package/feeds/luci/luci-app-olsr-viz/Makefile' has a dependency on 'olsrd-mod-txtinfo', which does not exist
WARNING: Makefile 'package/feeds/luci/luci-proto-batman-adv/Makefile' has a dependency on 'kmod-batman-adv', which does not exist
WARNING: Makefile 'package/feeds/packages/prometheus-node-exporter-lua/Makefile' has a dependency on 'bmx7', which does not exist
WARNING: Makefile 'package/feeds/packages/prometheus-node-exporter-lua/Makefile' has a dependency on 'bmx7-json', which does not exist
WARNING: Makefile 'package/feeds/video/sdl3/Makefile' has a build dependency on 'libwayland', which does not exist
make[2]: Entering directory '/home/oleg/openwrt/scripts/config'
make[2]: 'conf' is up to date.
make[2]: Leaving directory '/home/oleg/openwrt/scripts/config'
make[1]: Entering directory '/home/oleg/openwrt'
make[2]: Entering directory '/home/oleg/openwrt'
make[2]: Entering directory '/home/oleg/openwrt'
rm -rf /home/oleg/openwrt/staging_dir/target-arm_cortex-a7_musl_eabi/root-airoha
make[2]: Leaving directory '/home/oleg/openwrt'
+ mkdir -p /home/oleg/openwrt/staging_dir/target-arm_cortex-a7_musl_eabi
+ cd /home/oleg/openwrt/staging_dir/target-arm_cortex-a7_musl_eabi
+ mkdir -p bin lib stamp usr/include usr/lib
mkdir -p /home/oleg/openwrt/build_dir/target-arm_cortex-a7_musl_eabi/stamp
touch /home/oleg/openwrt/staging_dir/target-arm_cortex-a7_musl_eabi/.prepared
make[3]: Entering directory '/home/oleg/openwrt/target/linux'
make[4]: Entering directory '/home/oleg/openwrt/target/linux/airoha'
rm -f /home/oleg/openwrt/build_dir/target-arm_cortex-a7_musl_eabi/linux-airoha_an7563/linux-6.18.37/localversion
/home/oleg/openwrt/scripts/kconfig.pl  + /home/oleg/openwrt/target/linux/generic/config-6.18 /home/oleg/openwrt/target/linux/airoha/an7563/config-6.18 > /home/oleg/openwrt/build_dir/target-arm_cortex-a7_musl_eabi/linux-airoha_an7563/linux-6.18.37/.config.target
awk '/^(#[[:space:]]+)?CONFIG_KERNEL/{sub("CONFIG_KERNEL_","CONFIG_");print}' /home/oleg/openwrt/.config >> /home/oleg/openwrt/build_dir/target-arm_cortex-a7_musl_eabi/linux-airoha_an7563/linux-6.18.37/.config.target
echo "# CONFIG_KALLSYMS_EXTRA_PASS is not set" >> /home/oleg/openwrt/build_dir/target-arm_cortex-a7_musl_eabi/linux-airoha_an7563/linux-6.18.37/.config.target
echo "# CONFIG_KALLSYMS_ALL is not set" >> /home/oleg/openwrt/build_dir/target-arm_cortex-a7_musl_eabi/linux-airoha_an7563/linux-6.18.37/.config.target
echo "CONFIG_KALLSYMS_UNCOMPRESSED=y" >> /home/oleg/openwrt/build_dir/target-arm_cortex-a7_musl_eabi/linux-airoha_an7563/linux-6.18.37/.config.target
/home/oleg/openwrt/scripts/package-metadata.pl kconfig /home/oleg/openwrt/tmp/.packageinfo /home/oleg/openwrt/.config 6.18 > /home/oleg/openwrt/build_dir/target-arm_cortex-a7_musl_eabi/linux-airoha_an7563/linux-6.18.37/.config.override
/home/oleg/openwrt/scripts/kconfig.pl 'm+' '+' /home/oleg/openwrt/build_dir/target-arm_cortex-a7_musl_eabi/linux-airoha_an7563/linux-6.18.37/.config.target /dev/null /home/oleg/openwrt/build_dir/target-arm_cortex-a7_musl_eabi/linux-airoha_an7563/linux-6.18.37/.config.override > /home/oleg/openwrt/build_dir/target-arm_cortex-a7_musl_eabi/linux-airoha_an7563/linux-6.18.37/.config.set
mv /home/oleg/openwrt/build_dir/target-arm_cortex-a7_musl_eabi/linux-airoha_an7563/linux-6.18.37/.config.set /home/oleg/openwrt/build_dir/target-arm_cortex-a7_musl_eabi/linux-airoha_an7563/linux-6.18.37/.config.old
grep -v INITRAMFS /home/oleg/openwrt/build_dir/target-arm_cortex-a7_musl_eabi/linux-airoha_an7563/linux-6.18.37/.config.old > /home/oleg/openwrt/build_dir/target-arm_cortex-a7_musl_eabi/linux-airoha_an7563/linux-6.18.37/.config.set
echo 'CONFIG_INITRAMFS_SOURCE=""' >> /home/oleg/openwrt/build_dir/target-arm_cortex-a7_musl_eabi/linux-airoha_an7563/linux-6.18.37/.config.set
echo '# CONFIG_INITRAMFS_FORCE is not set' >> /home/oleg/openwrt/build_dir/target-arm_cortex-a7_musl_eabi/linux-airoha_an7563/linux-6.18.37/.config.set
echo "# CONFIG_INITRAMFS_PRESERVE_MTIME is not set" >> /home/oleg/openwrt/build_dir/target-arm_cortex-a7_musl_eabi/linux-airoha_an7563/linux-6.18.37/.config.set
rm -rf /home/oleg/openwrt/build_dir/target-arm_cortex-a7_musl_eabi/linux-airoha_an7563/modules
cmp -s /home/oleg/openwrt/build_dir/target-arm_cortex-a7_musl_eabi/linux-airoha_an7563/linux-6.18.37/.config.set /home/oleg/openwrt/build_dir/target-arm_cortex-a7_musl_eabi/linux-airoha_an7563/linux-6.18.37/.config.prev || { cp /home/oleg/openwrt/build_dir/target-arm_cortex-a7_musl_eabi/linux-airoha_an7563/linux-6.18.37/.config.set /home/oleg/openwrt/build_dir/target-arm_cortex-a7_musl_eabi/linux-airoha_an7563/linux-6.18.37/.config; cp /home/oleg/openwrt/build_dir/target-arm_cortex-a7_musl_eabi/linux-airoha_an7563/linux-6.18.37/.config.set /home/oleg/openwrt/build_dir/target-arm_cortex-a7_musl_eabi/linux-airoha_an7563/linux-6.18.37/.config.prev; }
export MAKEFLAGS= ; [ -d /home/oleg/openwrt/build_dir/target-arm_cortex-a7_musl_eabi/linux-airoha_an7563/linux-6.18.37/user_headers ] || make -C /home/oleg/openwrt/build_dir/target-arm_cortex-a7_musl_eabi/linux-airoha_an7563/linux-6.18.37 KCFLAGS="-fmacro-prefix-map=/home/oleg/openwrt/build_dir/target-arm_cortex-a7_musl_eabi=target-arm_cortex-a7_musl_eabi -fno-caller-saves " HOSTCFLAGS="-O2 -I/home/oleg/openwrt/staging_dir/host/include -Wall -Wmissing-prototypes -Wstrict-prototypes" CROSS_COMPILE="arm-openwrt-linux-muslgnueabi-" ARCH="arm" KBUILD_HAVE_NLS=no KBUILD_BUILD_USER="" KBUILD_BUILD_HOST="" KBUILD_BUILD_TIMESTAMP="Tue Aug 11 18:35:36 2026" KBUILD_BUILD_VERSION="0" KBUILD_HOSTLDFLAGS="-L/home/oleg/openwrt/staging_dir/host/lib" CONFIG_SHELL="bash" V=''  cmd_syscalls=  CC="arm-openwrt-linux-muslgnueabi-gcc" KERNELRELEASE=6.18.37  INSTALL_HDR_PATH=/home/oleg/openwrt/build_dir/target-arm_cortex-a7_musl_eabi/linux-airoha_an7563/linux-6.18.37/user_headers headers_install
grep '=[ym]' /home/oleg/openwrt/build_dir/target-arm_cortex-a7_musl_eabi/linux-airoha_an7563/linux-6.18.37/.config.set | LC_ALL=C sort | /home/oleg/openwrt/staging_dir/host/bin/mkhash md5 > /home/oleg/openwrt/build_dir/target-arm_cortex-a7_musl_eabi/linux-airoha_an7563/linux-6.18.37/.vermagic
touch /home/oleg/openwrt/build_dir/target-arm_cortex-a7_musl_eabi/linux-airoha_an7563/linux-6.18.37/.configured
rm -f /home/oleg/openwrt/build_dir/target-arm_cortex-a7_musl_eabi/linux-airoha_an7563/linux-6.18.37/vmlinux /home/oleg/openwrt/build_dir/target-arm_cortex-a7_musl_eabi/linux-airoha_an7563/linux-6.18.37/System.map
make -C /home/oleg/openwrt/build_dir/target-arm_cortex-a7_musl_eabi/linux-airoha_an7563/linux-6.18.37 KCFLAGS="-fmacro-prefix-map=/home/oleg/openwrt/build_dir/target-arm_cortex-a7_musl_eabi=target-arm_cortex-a7_musl_eabi -fno-caller-saves " HOSTCFLAGS="-O2 -I/home/oleg/openwrt/staging_dir/host/include -Wall -Wmissing-prototypes -Wstrict-prototypes" CROSS_COMPILE="arm-openwrt-linux-muslgnueabi-" ARCH="arm" KBUILD_HAVE_NLS=no KBUILD_BUILD_USER="" KBUILD_BUILD_HOST="" KBUILD_BUILD_TIMESTAMP="Tue Aug 11 18:35:36 2026" KBUILD_BUILD_VERSION="0" KBUILD_HOSTLDFLAGS="-L/home/oleg/openwrt/staging_dir/host/lib" CONFIG_SHELL="bash" V=''  cmd_syscalls=  CC="arm-openwrt-linux-muslgnueabi-gcc" KERNELRELEASE=6.18.37 Image dtbs modules
make[5]: Entering directory '/home/oleg/openwrt/build_dir/target-arm_cortex-a7_musl_eabi/linux-airoha_an7563/linux-6.18.37'
  OBJCOPY vmlinux
  OBJCOPY arch/arm/boot/Image
  Kernel: arch/arm/boot/Image is ready
make[5]: Leaving directory '/home/oleg/openwrt/build_dir/target-arm_cortex-a7_musl_eabi/linux-airoha_an7563/linux-6.18.37'
# If .config did not change, use the previous timestamp to avoid package rebuilds
cmp -s /home/oleg/openwrt/build_dir/target-arm_cortex-a7_musl_eabi/linux-airoha_an7563/linux-6.18.37/.config /home/oleg/openwrt/build_dir/target-arm_cortex-a7_musl_eabi/linux-airoha_an7563/linux-6.18.37/.config.modules.save && mv /home/oleg/openwrt/build_dir/target-arm_cortex-a7_musl_eabi/linux-airoha_an7563/linux-6.18.37/.config.modules.save /home/oleg/openwrt/build_dir/target-arm_cortex-a7_musl_eabi/linux-airoha_an7563/linux-6.18.37/.config; cp -fpR /home/oleg/openwrt/build_dir/target-arm_cortex-a7_musl_eabi/linux-airoha_an7563/linux-6.18.37/.config /home/oleg/openwrt/build_dir/target-arm_cortex-a7_musl_eabi/linux-airoha_an7563/linux-6.18.37/.config.modules.save
touch /home/oleg/openwrt/build_dir/target-arm_cortex-a7_musl_eabi/linux-airoha_an7563/linux-6.18.37/.modules
make -C image compile TARGET_BUILD=
make[5]: Entering directory '/home/oleg/openwrt/target/linux/airoha/image'
make[5]: Nothing to be done for 'compile'.
make[5]: Leaving directory '/home/oleg/openwrt/target/linux/airoha/image'
make[4]: Leaving directory '/home/oleg/openwrt/target/linux/airoha'
make[3]: Leaving directory '/home/oleg/openwrt/target/linux'
time: target/linux/compile#4.89#2.75#1.64
make[2]: Leaving directory '/home/oleg/openwrt'
export MAKEFLAGS= ;make -w -r buildinfo
make[2]: Entering directory '/home/oleg/openwrt'
make[2]: Entering directory '/home/oleg/openwrt'
 make[3] diffconfig buildversion feedsversion
make[2]: Circular package/firmware/linux-firmware/compile <- package/kernel/linux/compile dependency dropped.
make[3]: Entering directory '/home/oleg/openwrt/package/system/fwtool'
make[3]: Entering directory '/home/oleg/openwrt/package/system/usign'
make[3]: Entering directory '/home/oleg/openwrt/feeds/luci/contrib/package/csstidy'
make[3]: Entering directory '/home/oleg/openwrt/feeds/luci/modules/luci-base'
make[3]: Entering directory '/home/oleg/openwrt/package/libs/libjson-c'
make[3]: Entering directory '/home/oleg/openwrt/package/libs/ncurses'
make[3]: Entering directory '/home/oleg/openwrt/package/utils/lua'
make[3]: Entering directory '/home/oleg/openwrt/package/boot/arm-trusted-firmware-tools'
make[3]: Leaving directory '/home/oleg/openwrt/package/boot/arm-trusted-firmware-tools'
time: package/boot/arm-trusted-firmware-tools/host-compile#0.14#0.12#0.26
make[3]: Leaving directory '/home/oleg/openwrt/package/libs/libjson-c'
time: package/libs/libjson-c/host-compile#0.14#0.10#0.28
make[3]: Leaving directory '/home/oleg/openwrt/package/utils/lua'
make[3]: Leaving directory '/home/oleg/openwrt/package/system/fwtool'
make[3]: Leaving directory '/home/oleg/openwrt/feeds/luci/contrib/package/csstidy'
time: package/utils/lua/host-compile#0.18#0.08#0.28
time: package/feeds/luci/csstidy/host-compile#0.15#0.09#0.28
time: package/system/fwtool/host-compile#0.18#0.08#0.28
make[3]: Leaving directory '/home/oleg/openwrt/package/system/usign'
time: package/system/usign/host-compile#0.17#0.09#0.28
make[3]: Entering directory '/home/oleg/openwrt/package/libs/libubox'
make[3]: Leaving directory '/home/oleg/openwrt/package/libs/ncurses'
time: package/libs/ncurses/host-compile#0.19#0.10#0.31
make[3]: Entering directory '/home/oleg/openwrt/package/system/apk'
make[3]: Leaving directory '/home/oleg/openwrt/package/libs/libubox'
time: package/libs/libubox/host-compile#0.12#0.05#0.21
make[3]: Leaving directory '/home/oleg/openwrt/package/system/apk'
time: package/system/apk/host-compile#0.12#0.04#0.21
make[3]: Entering directory '/home/oleg/openwrt/package/system/ucert'
make[3]: Entering directory '/home/oleg/openwrt/package/kernel/gpio-button-hotplug'
make[3]: Entering directory '/home/oleg/openwrt/package/libs/toolchain'
[ ! -d ./src/ ] || cp -fpR ./src/* /home/oleg/openwrt/build_dir/hostpkg/luci-base
touch /home/oleg/openwrt/build_dir/hostpkg/luci-base/.preparedd3306879d41f36c1dcb5234d869be735_6664517399ebbbc92a37c5bb081b5c53
touch /home/oleg/openwrt/build_dir/hostpkg/luci-base/.configured
make -C src/ clean po2lmo jsmin
make[4]: Entering directory '/home/oleg/openwrt/feeds/luci/modules/luci-base/src'
rm -f contrib/lemon lib/*.o lib/plural_formula.c lib/plural_formula.h *.o core.so jsmin po2lmo version.uc
cc    -DNDEBUG -c -o po2lmo.o po2lmo.c
mkdir -p /home/oleg/openwrt/staging_dir/target-arm_cortex-a7_musl_eabi/root-airoha/stamp
echo '1' | cmp -s - /home/oleg/openwrt/staging_dir/target-arm_cortex-a7_musl_eabi/pkginfo/libgcc.version || { mkdir -p /home/oleg/openwrt/staging_dir/target-arm_cortex-a7_musl_eabi/pkginfo; echo '1' > /home/oleg/openwrt/staging_dir/target-arm_cortex-a7_musl_eabi/pkginfo/libgcc.version;  cp /home/oleg/openwrt/staging_dir/target-arm_cortex-a7_musl_eabi/pkginfo/libgcc.version /home/oleg/openwrt/staging_dir/target-arm_cortex-a7_musl_eabi/pkginfo/libgcc-any.version;  } 
SHELL= flock /home/oleg/openwrt/tmp/.root-copy.flock -c 'cp -fpR /home/oleg/openwrt/build_dir/target-arm_cortex-a7_musl_eabi/toolchain/.pkgdir/libgcc/. /home/oleg/openwrt/staging_dir/target-arm_cortex-a7_musl_eabi/root-airoha/'
touch /home/oleg/openwrt/staging_dir/target-arm_cortex-a7_musl_eabi/root-airoha/stamp/.libgcc_installed
echo "libgcc" >> /home/oleg/openwrt/staging_dir/target-arm_cortex-a7_musl_eabi/pkginfo/toolchain.default.install
mkdir -p /home/oleg/openwrt/staging_dir/target-arm_cortex-a7_musl_eabi/root-airoha/stamp
SHELL= flock /home/oleg/openwrt/tmp/.root-copy.flock -c 'cp -fpR /home/oleg/openwrt/build_dir/target-arm_cortex-a7_musl_eabi/toolchain/.pkgdir/libc/. /home/oleg/openwrt/staging_dir/target-arm_cortex-a7_musl_eabi/root-airoha/'
cc -std=gnu17 -o contrib/lemon contrib/lemon.c
make[3]: Leaving directory '/home/oleg/openwrt/package/system/ucert'
time: package/system/ucert/host-compile#0.10#0.06#0.24
touch /home/oleg/openwrt/staging_dir/target-arm_cortex-a7_musl_eabi/root-airoha/stamp/.libc_installed
echo "libc" >> /home/oleg/openwrt/staging_dir/target-arm_cortex-a7_musl_eabi/pkginfo/toolchain.default.install
make[3]: Leaving directory '/home/oleg/openwrt/package/libs/toolchain'
time: package/libs/toolchain/compile#0.14#0.11#0.28
make[3]: Entering directory '/home/oleg/openwrt/package/system/fwtool'
make[3]: Entering directory '/home/oleg/openwrt/package/libs/libnl-tiny'
make[3]: Entering directory '/home/oleg/openwrt/package/system/openwrt-keyring'
make[3]: Entering directory '/home/oleg/openwrt/package/boot/uboot-airoha'
make[3]: Entering directory '/home/oleg/openwrt/package/libs/libmd'
make[3]: Entering directory '/home/oleg/openwrt/package/utils/lua'
make[3]: Entering directory '/home/oleg/openwrt/package/libs/zlib'
make[3]: Entering directory '/home/oleg/openwrt/package/firmware/linux-firmware'
make[3]: Entering directory '/home/oleg/openwrt/package/libs/libsepol'
make[3]: Entering directory '/home/oleg/openwrt/package/libs/libjson-c'
make[3]: Entering directory '/home/oleg/openwrt/package/libs/libmnl'
make[3]: Entering directory '/home/oleg/openwrt/package/libs/musl-fts'
make[3]: Entering directory '/home/oleg/openwrt/package/libs/jansson'
make[3]: Leaving directory '/home/oleg/openwrt/package/libs/libmd'
time: package/libs/libmd/compile#0.17#0.09#0.27
mkdir -p /home/oleg/openwrt/staging_dir/target-arm_cortex-a7_musl_eabi/root-airoha/stamp
SHELL= flock /home/oleg/openwrt/tmp/.root-copy.flock -c 'cp -fpR /home/oleg/openwrt/build_dir/target-arm_cortex-a7_musl_eabi/openwrt-keyring-2025.12.10~f0670054/.pkgdir/openwrt-keyring/. /home/oleg/openwrt/staging_dir/target-arm_cortex-a7_musl_eabi/root-airoha/'
mkdir -p /home/oleg/openwrt/staging_dir/target-arm_cortex-a7_musl_eabi/root-airoha/stamp
mkdir -p /home/oleg/openwrt/staging_dir/target-arm_cortex-a7_musl_eabi/root-airoha/stamp
touch /home/oleg/openwrt/staging_dir/target-arm_cortex-a7_musl_eabi/root-airoha/stamp/.openwrt-keyring_installed
SHELL= flock /home/oleg/openwrt/tmp/.root-copy.flock -c 'cp -fpR /home/oleg/openwrt/build_dir/target-arm_cortex-a7_musl_eabi/zlib-1.3.2/.pkgdir/zlib/. /home/oleg/openwrt/staging_dir/target-arm_cortex-a7_musl_eabi/root-airoha/'
echo '0' | cmp -s - /home/oleg/openwrt/staging_dir/target-arm_cortex-a7_musl_eabi/pkginfo/libmnl.version || { mkdir -p /home/oleg/openwrt/staging_dir/target-arm_cortex-a7_musl_eabi/pkginfo; echo '0' > /home/oleg/openwrt/staging_dir/target-arm_cortex-a7_musl_eabi/pkginfo/libmnl.version;  cp /home/oleg/openwrt/staging_dir/target-arm_cortex-a7_musl_eabi/pkginfo/libmnl.version /home/oleg/openwrt/staging_dir/target-arm_cortex-a7_musl_eabi/pkginfo/libmnl-any.version;  } 
echo "openwrt-keyring" >> /home/oleg/openwrt/staging_dir/target-arm_cortex-a7_musl_eabi/pkginfo/openwrt-keyring.default.install
make[3]: Leaving directory '/home/oleg/openwrt/package/system/openwrt-keyring'
SHELL= flock /home/oleg/openwrt/tmp/.root-copy.flock -c 'cp -fpR /home/oleg/openwrt/build_dir/target-arm_cortex-a7_musl_eabi/libmnl-1.0.5/.pkgdir/libmnl/. /home/oleg/openwrt/staging_dir/target-arm_cortex-a7_musl_eabi/root-airoha/'
time: package/system/openwrt-keyring/compile#0.16#0.13#0.31
touch /home/oleg/openwrt/staging_dir/target-arm_cortex-a7_musl_eabi/root-airoha/stamp/.zlib_installed
echo "zlib" >> /home/oleg/openwrt/staging_dir/target-arm_cortex-a7_musl_eabi/pkginfo/zlib.default.install
./contrib/lemon -q lib/plural_formula.y
cc    -DNDEBUG -c -o lib/lmo.o lib/lmo.c
touch /home/oleg/openwrt/staging_dir/target-arm_cortex-a7_musl_eabi/root-airoha/stamp/.libmnl_installed
make[3]: Leaving directory '/home/oleg/openwrt/package/libs/zlib'
time: package/libs/zlib/compile#0.21#0.09#0.33
echo "libmnl" >> /home/oleg/openwrt/staging_dir/target-arm_cortex-a7_musl_eabi/pkginfo/libmnl.default.install
make[3]: Leaving directory '/home/oleg/openwrt/package/firmware/linux-firmware'
time: package/firmware/linux-firmware/compile#0.25#0.07#0.33
make[3]: Leaving directory '/home/oleg/openwrt/package/libs/libmnl'
make[3]: Entering directory '/home/oleg/openwrt/package/libs/mbedtls'
time: package/libs/libmnl/compile#0.19#0.09#0.33
mkdir -p /home/oleg/openwrt/staging_dir/target-arm_cortex-a7_musl_eabi/root-airoha/stamp
mkdir -p /home/oleg/openwrt/staging_dir/target-arm_cortex-a7_musl_eabi/root-airoha/stamp
echo '4' | cmp -s - /home/oleg/openwrt/staging_dir/target-arm_cortex-a7_musl_eabi/pkginfo/jansson.version || { mkdir -p /home/oleg/openwrt/staging_dir/target-arm_cortex-a7_musl_eabi/pkginfo; echo '4' > /home/oleg/openwrt/staging_dir/target-arm_cortex-a7_musl_eabi/pkginfo/jansson.version;  cp /home/oleg/openwrt/staging_dir/target-arm_cortex-a7_musl_eabi/pkginfo/jansson.version /home/oleg/openwrt/staging_dir/target-arm_cortex-a7_musl_eabi/pkginfo/jansson-any.version;  } 
make[3]: Entering directory '/home/oleg/openwrt/package/network/utils/linux-atm'
echo '1' | cmp -s - /home/oleg/openwrt/staging_dir/target-arm_cortex-a7_musl_eabi/pkginfo/libnl-tiny.version || { mkdir -p /home/oleg/openwrt/staging_dir/target-arm_cortex-a7_musl_eabi/pkginfo; echo '1' > /home/oleg/openwrt/staging_dir/target-arm_cortex-a7_musl_eabi/pkginfo/libnl-tiny.version;  cp /home/oleg/openwrt/staging_dir/target-arm_cortex-a7_musl_eabi/pkginfo/libnl-tiny.version /home/oleg/openwrt/staging_dir/target-arm_cortex-a7_musl_eabi/pkginfo/libnl-tiny-any.version;  } 
SHELL= flock /home/oleg/openwrt/tmp/.root-copy.flock -c 'cp -fpR /home/oleg/openwrt/build_dir/target-arm_cortex-a7_musl_eabi/jansson-2.15.0/.pkgdir/jansson/. /home/oleg/openwrt/staging_dir/target-arm_cortex-a7_musl_eabi/root-airoha/'
SHELL= flock /home/oleg/openwrt/tmp/.root-copy.flock -c 'cp -fpR /home/oleg/openwrt/build_dir/target-arm_cortex-a7_musl_eabi/libnl-tiny-2025.12.02~40493a65/.pkgdir/libnl-tiny/. /home/oleg/openwrt/staging_dir/target-arm_cortex-a7_musl_eabi/root-airoha/'
touch /home/oleg/openwrt/staging_dir/target-arm_cortex-a7_musl_eabi/root-airoha/stamp/.jansson_installed
echo "jansson" >> /home/oleg/openwrt/staging_dir/target-arm_cortex-a7_musl_eabi/pkginfo/jansson.default.install
touch /home/oleg/openwrt/staging_dir/target-arm_cortex-a7_musl_eabi/root-airoha/stamp/.libnl-tiny_installed
make[3]: Leaving directory '/home/oleg/openwrt/package/libs/jansson'
time: package/libs/jansson/compile#0.20#0.09#0.36
echo "libnl-tiny" >> /home/oleg/openwrt/staging_dir/target-arm_cortex-a7_musl_eabi/pkginfo/libnl-tiny.default.install
make[3]: Leaving directory '/home/oleg/openwrt/package/libs/libnl-tiny'
time: package/libs/libnl-tiny/compile#0.20#0.09#0.38
make[3]: Entering directory '/home/oleg/openwrt/package/network/services/dropbear'
cc    -DNDEBUG -c -o lib/plural_formula.o lib/plural_formula.c
make[3]: Entering directory '/home/oleg/openwrt/package/libs/libpcap'
make[3]: Entering directory '/home/oleg/openwrt/package/network/utils/resolveip'
make[3]: Leaving directory '/home/oleg/openwrt/package/utils/lua'
time: package/utils/lua/compile#0.24#0.11#0.42
cc  -o po2lmo po2lmo.o lib/lmo.o lib/plural_formula.o
make[3]: Entering directory '/home/oleg/openwrt/package/libs/openssl'
make[3]: Leaving directory '/home/oleg/openwrt/package/libs/libsepol'
time: package/libs/libsepol/compile#0.22#0.13#0.44
make[3]: Entering directory '/home/oleg/openwrt/package/system/ca-certificates'
mkdir -p /home/oleg/openwrt/staging_dir/target-arm_cortex-a7_musl_eabi/root-airoha/stamp
echo '5' | cmp -s - /home/oleg/openwrt/staging_dir/target-arm_cortex-a7_musl_eabi/pkginfo/libjson-c.version || { mkdir -p /home/oleg/openwrt/staging_dir/target-arm_cortex-a7_musl_eabi/pkginfo; echo '5' > /home/oleg/openwrt/staging_dir/target-arm_cortex-a7_musl_eabi/pkginfo/libjson-c.version;  cp /home/oleg/openwrt/staging_dir/target-arm_cortex-a7_musl_eabi/pkginfo/libjson-c.version /home/oleg/openwrt/staging_dir/target-arm_cortex-a7_musl_eabi/pkginfo/libjson-c-any.version;  } 
SHELL= flock /home/oleg/openwrt/tmp/.root-copy.flock -c 'cp -fpR /home/oleg/openwrt/build_dir/target-arm_cortex-a7_musl_eabi/json-c-0.18/.pkgdir/libjson-c/. /home/oleg/openwrt/staging_dir/target-arm_cortex-a7_musl_eabi/root-airoha/'
make[3]: Leaving directory '/home/oleg/openwrt/package/libs/musl-fts'
time: package/libs/musl-fts/compile#0.25#0.09#0.46
mkdir -p /home/oleg/openwrt/staging_dir/target-arm_cortex-a7_musl_eabi/root-airoha/stamp
touch /home/oleg/openwrt/staging_dir/target-arm_cortex-a7_musl_eabi/root-airoha/stamp/.libjson-c_installed
SHELL= flock /home/oleg/openwrt/tmp/.root-copy.flock -c 'cp -fpR /home/oleg/openwrt/build_dir/target-arm_cortex-a7_musl_eabi/fwtool-2025.10.03~04cd252e/.pkgdir/fwtool/. /home/oleg/openwrt/staging_dir/target-arm_cortex-a7_musl_eabi/root-airoha/'
Package/openssl/add-module 1='provider'; 2='legacy'; 3='/usr/lib/ossl-modules' 4=''
MOD_TYPE='provider'; MOD_NAME='legacy'; MOD_DIR='/usr/lib/ossl-modules' OSSL_PKG='libopenssl-legacy'
Package/openssl/add-module 1='engine'; 2='afalg'; 3='/usr/lib/engines-3' 4=''
MOD_TYPE='engine'; MOD_NAME='afalg'; MOD_DIR='/usr/lib/engines-3' OSSL_PKG='libopenssl-afalg'
Package/openssl/add-module 1='engine'; 2='devcrypto'; 3='/usr/lib/engines-3' 4=''
MOD_TYPE='engine'; MOD_NAME='devcrypto'; MOD_DIR='/usr/lib/engines-3' OSSL_PKG='libopenssl-devcrypto'
Package/openssl/add-module 1='engine'; 2='padlock'; 3='/usr/lib/engines-3' 4=''
MOD_TYPE='engine'; MOD_NAME='padlock'; MOD_DIR='/usr/lib/engines-3' OSSL_PKG='libopenssl-padlock'
echo "libjson-c" >> /home/oleg/openwrt/staging_dir/target-arm_cortex-a7_musl_eabi/pkginfo/libjson-c.default.install
make[3]: Leaving directory '/home/oleg/openwrt/package/libs/libjson-c'
touch /home/oleg/openwrt/staging_dir/target-arm_cortex-a7_musl_eabi/root-airoha/stamp/.fwtool_installed
time: package/libs/libjson-c/compile#0.26#0.13#0.48
echo "fwtool" >> /home/oleg/openwrt/staging_dir/target-arm_cortex-a7_musl_eabi/pkginfo/fwtool.default.install
make[3]: Entering directory '/home/oleg/openwrt/package/libs/ncurses'
make[3]: Leaving directory '/home/oleg/openwrt/package/system/fwtool'
time: package/system/fwtool/compile#0.24#0.14#0.49
make[3]: Entering directory '/home/oleg/openwrt/package/libs/libubox'
make[3]: Entering directory '/home/oleg/openwrt/package/libs/pcre2'
make[3]: Entering directory '/home/oleg/openwrt/package/libs/libnftnl'
cc    -DNDEBUG -c -o jsmin.o jsmin.c
cc  -o jsmin jsmin.o
make[3]: Leaving directory '/home/oleg/openwrt/package/network/utils/resolveip'
time: package/network/utils/resolveip/compile#0.16#0.03#0.23
rm -f /home/oleg/openwrt/build_dir/target-arm_cortex-a7_musl_eabi/u-boot-an7563_xiaomi_be5000/u-boot-2026.01/.built
touch /home/oleg/openwrt/build_dir/target-arm_cortex-a7_musl_eabi/u-boot-an7563_xiaomi_be5000/u-boot-2026.01/.built_check
make --jobserver-auth=3,4  -C /home/oleg/openwrt/build_dir/target-arm_cortex-a7_musl_eabi/u-boot-an7563_xiaomi_be5000/u-boot-2026.01 CROSS_COMPILE=arm-openwrt-linux-muslgnueabi-  PATH=/home/oleg/openwrt/staging_dir/host/bin:/home/oleg/openwrt/staging_dir/toolchain-arm_cortex-a7_gcc-14.4.0_musl_eabi/bin:/home/oleg/openwrt/staging_dir/toolchain-arm_cortex-a7_gcc-14.4.0_musl_eabi/bin:/home/oleg/openwrt/staging_dir/host/bin:/home/oleg/openwrt/staging_dir/toolchain-arm_cortex-a7_gcc-14.4.0_musl_eabi/bin:/home/oleg/openwrt/staging_dir/host/bin:/home/oleg/openwrt/staging_dir/host/bin:/usr/local/sbin:/usr/local/bin:/usr/sbin:/usr/bin:/sbin:/bin:/usr/games:/usr/local/games:/usr/lib/wsl/lib:/mnt/c/Program:Files:(x86)/Common:Files/Oracle/Java/java8path:/mnt/c/Program:Files:(x86)/Common:Files/Oracle/Java/javapath:/mnt/c/WINDOWS/system32:/mnt/c/WINDOWS:/mnt/c/WINDOWS/System32/Wbem:/mnt/c/WINDOWS/System32/WindowsPowerShell/v1.0/:/mnt/c/WINDOWS/System32/OpenSSH/:/mnt/c/Program:Files:(x86)/Common:Files/Acronis/SnapAPI/:/mnt/c/Program:Files/PuTTY/:/mnt/c/Program:Files/dotnet/:/mnt/c/Program:Files:(x86)/Intel/Platform:Flash:Tool:Modem:/mnt/c/Program:Files:(x86)/Common:Files/Acronis/VirtualFile/:/mnt/c/Program:Files:(x86)/Common:Files/Acronis/VirtualFile64/:/mnt/c/Users/vakhr/AppData/Local/Microsoft/WindowsApps:/mnt/c/adb:/mnt/c/Program:Files/NVIDIA:Corporation/NVIDIA:App/NvDLISR:/mnt/c/Program:Files:(x86)/NVIDIA:Corporation/PhysX/Common:/mnt/c/Program:Files/Microsoft:Network:Monitor:3/:/mnt/c/Program:Files:(x86)/STMicroelectronics/STM32:ST-LINK:Utility/ST-LINK:Utility:/mnt/c/Users/vakhr/AppData/Local/Programs/Microsoft:VS:Code/bin:/mnt/c/Users/vakhr/.dotnet/tools:/snap/bin HOSTCC="/home/oleg/openwrt/staging_dir/host/bin/gcc" HOSTCFLAGS="-O2 -I/home/oleg/openwrt/staging_dir/host/include -I/home/oleg/openwrt/staging_dir/hostpkg/include -I/home/oleg/openwrt/staging_dir/target-arm_cortex-a7_musl_eabi/host/include -I/home/oleg/openwrt/staging_dir/host/include -I/home/oleg/openwrt/staging_dir/hostpkg/include -I/home/oleg/openwrt/staging_dir/target-arm_cortex-a7_musl_eabi/host/include -std=gnu11" HOSTLDFLAGS="-L/home/oleg/openwrt/staging_dir/host/lib -L/home/oleg/openwrt/staging_dir/hostpkg/lib -L/home/oleg/openwrt/staging_dir/target-arm_cortex-a7_musl_eabi/host/lib" LOCALVERSION="-OpenWrt-r35210-01a9177374" STAGING_PREFIX="/home/oleg/openwrt/staging_dir/host" PKG_CONFIG_PATH="/home/oleg/openwrt/staging_dir/host/lib/pkgconfig" PKG_CONFIG_LIBDIR="/home/oleg/openwrt/staging_dir/host/lib/pkgconfig" PKG_CONFIG_EXTRAARGS="--static"  V=''
bash: -c: line 1: syntax error near unexpected token `('
bash: -c: line 1: `make --jobserver-auth=3,4  -C /home/oleg/openwrt/build_dir/target-arm_cortex-a7_musl_eabi/u-boot-an7563_xiaomi_be5000/u-boot-2026.01 CROSS_COMPILE=arm-openwrt-linux-muslgnueabi-  PATH=/home/oleg/openwrt/staging_dir/host/bin:/home/oleg/openwrt/staging_dir/toolchain-arm_cortex-a7_gcc-14.4.0_musl_eabi/bin:/home/oleg/openwrt/staging_dir/toolchain-arm_cortex-a7_gcc-14.4.0_musl_eabi/bin:/home/oleg/openwrt/staging_dir/host/bin:/home/oleg/openwrt/staging_dir/toolchain-arm_cortex-a7_gcc-14.4.0_musl_eabi/bin:/home/oleg/openwrt/staging_dir/host/bin:/home/oleg/openwrt/staging_dir/host/bin:/usr/local/sbin:/usr/local/bin:/usr/sbin:/usr/bin:/sbin:/bin:/usr/games:/usr/local/games:/usr/lib/wsl/lib:/mnt/c/Program:Files:(x86)/Common:Files/Oracle/Java/java8path:/mnt/c/Program:Files:(x86)/Common:Files/Oracle/Java/javapath:/mnt/c/WINDOWS/system32:/mnt/c/WINDOWS:/mnt/c/WINDOWS/System32/Wbem:/mnt/c/WINDOWS/System32/WindowsPowerShell/v1.0/:/mnt/c/WINDOWS/System32/OpenSSH/:/mnt/c/Program:Files:(x86)/Common:Files/Acronis/SnapAPI/:/mnt/c/Program:Files/PuTTY/:/mnt/c/Program:Files/dotnet/:/mnt/c/Program:Files:(x86)/Intel/Platform:Flash:Tool:Modem:/mnt/c/Program:Files:(x86)/Common:Files/Acronis/VirtualFile/:/mnt/c/Program:Files:(x86)/Common:Files/Acronis/VirtualFile64/:/mnt/c/Users/vakhr/AppData/Local/Microsoft/WindowsApps:/mnt/c/adb:/mnt/c/Program:Files/NVIDIA:Corporation/NVIDIA:App/NvDLISR:/mnt/c/Program:Files:(x86)/NVIDIA:Corporation/PhysX/Common:/mnt/c/Program:Files/Microsoft:Network:Monitor:3/:/mnt/c/Program:Files:(x86)/STMicroelectronics/STM32:ST-LINK:Utility/ST-LINK:Utility:/mnt/c/Users/vakhr/AppData/Local/Programs/Microsoft:VS:Code/bin:/mnt/c/Users/vakhr/.dotnet/tools:/snap/bin HOSTCC="/home/oleg/openwrt/staging_dir/host/bin/gcc" HOSTCFLAGS="-O2 -I/home/oleg/openwrt/staging_dir/host/include -I/home/oleg/openwrt/staging_dir/hostpkg/include -I/home/oleg/openwrt/staging_dir/target-arm_cortex-a7_musl_eabi/host/include -I/home/oleg/openwrt/staging_dir/host/include -I/home/oleg/openwrt/staging_dir/hostpkg/include -I/home/oleg/openwrt/staging_dir/target-arm_cortex-a7_musl_eabi/host/include -std=gnu11" HOSTLDFLAGS="-L/home/oleg/openwrt/staging_dir/host/lib -L/home/oleg/openwrt/staging_dir/hostpkg/lib -L/home/oleg/openwrt/staging_dir/target-arm_cortex-a7_musl_eabi/host/lib" LOCALVERSION="-OpenWrt-r35210-01a9177374" STAGING_PREFIX="/home/oleg/openwrt/staging_dir/host" PKG_CONFIG_PATH="/home/oleg/openwrt/staging_dir/host/lib/pkgconfig" PKG_CONFIG_LIBDIR="/home/oleg/openwrt/staging_dir/host/lib/pkgconfig" PKG_CONFIG_EXTRAARGS="--static"  V='''
make[3]: *** [Makefile:218: /home/oleg/openwrt/build_dir/target-arm_cortex-a7_musl_eabi/u-boot-an7563_xiaomi_be5000/u-boot-2026.01/.built] Error 2
make[3]: Leaving directory '/home/oleg/openwrt/package/boot/uboot-airoha'
time: package/boot/uboot-airoha/an7563_xiaomi_be5000/compile#0.34#0.14#0.60
    ERROR: package/boot/uboot-airoha failed to build (build variant: an7563_xiaomi_be5000).
make[2]: *** [package/Makefile:198: package/boot/uboot-airoha/compile] Error 1
make[2]: *** Waiting for unfinished jobs....
mkdir -p /home/oleg/openwrt/staging_dir/target-arm_cortex-a7_musl_eabi/root-airoha/stamp
echo '21' | cmp -s - /home/oleg/openwrt/staging_dir/target-arm_cortex-a7_musl_eabi/pkginfo/libmbedtls.version || { mkdir -p /home/oleg/openwrt/staging_dir/target-arm_cortex-a7_musl_eabi/pkginfo; echo '21' > /home/oleg/openwrt/staging_dir/target-arm_cortex-a7_musl_eabi/pkginfo/libmbedtls.version;  cp /home/oleg/openwrt/staging_dir/target-arm_cortex-a7_musl_eabi/pkginfo/libmbedtls.version /home/oleg/openwrt/staging_dir/target-arm_cortex-a7_musl_eabi/pkginfo/libmbedtls-any.version;  } 
make[3]: Leaving directory '/home/oleg/openwrt/package/libs/libpcap'
time: package/libs/libpcap/compile#0.18#0.08#0.29
SHELL= flock /home/oleg/openwrt/tmp/.root-copy.flock -c 'cp -fpR /home/oleg/openwrt/build_dir/target-arm_cortex-a7_musl_eabi/mbedtls-3.6.6/.pkgdir/libmbedtls/. /home/oleg/openwrt/staging_dir/target-arm_cortex-a7_musl_eabi/root-airoha/'
mkdir -p /home/oleg/openwrt/staging_dir/target-arm_cortex-a7_musl_eabi/root-airoha/stamp
touch /home/oleg/openwrt/staging_dir/target-arm_cortex-a7_musl_eabi/root-airoha/stamp/.libmbedtls_installed
make[4]: Leaving directory '/home/oleg/openwrt/feeds/luci/modules/luci-base/src'
touch /home/oleg/openwrt/build_dir/hostpkg/luci-base/.built
SHELL= flock /home/oleg/openwrt/tmp/.root-copy.flock -c 'cp -fpR /home/oleg/openwrt/build_dir/target-arm_cortex-a7_musl_eabi/dropbear-2026.91/.pkgdir/dropbear/. /home/oleg/openwrt/staging_dir/target-arm_cortex-a7_musl_eabi/root-airoha/'
echo "libmbedtls" >> /home/oleg/openwrt/staging_dir/target-arm_cortex-a7_musl_eabi/pkginfo/mbedtls.default.install
make[3]: Leaving directory '/home/oleg/openwrt/package/libs/mbedtls'
time: package/libs/mbedtls/compile#0.22#0.13#0.37
install -d -m0755 /home/oleg/openwrt/staging_dir/hostpkg/bin
touch /home/oleg/openwrt/staging_dir/target-arm_cortex-a7_musl_eabi/root-airoha/stamp/.dropbear_installed
install -m0755 src/po2lmo /home/oleg/openwrt/staging_dir/hostpkg/bin/po2lmo
echo "dropbear" >> /home/oleg/openwrt/staging_dir/target-arm_cortex-a7_musl_eabi/pkginfo/dropbear.default.install
install -m0755 src/jsmin /home/oleg/openwrt/staging_dir/hostpkg/bin/jsmin
make[3]: Leaving directory '/home/oleg/openwrt/package/network/services/dropbear'
mkdir -p /home/oleg/openwrt/staging_dir/hostpkg/stamp
time: package/network/services/dropbear/compile#0.18#0.11#0.33
make[3]: Leaving directory '/home/oleg/openwrt/package/network/utils/linux-atm'
touch /home/oleg/openwrt/build_dir/hostpkg/luci-base/.built
time: package/network/utils/linux-atm/compile#0.20#0.08#0.32
touch /home/oleg/openwrt/staging_dir/hostpkg/stamp/.luci-base_installed 
mkdir -p /home/oleg/openwrt/dl
make[3]: Leaving directory '/home/oleg/openwrt/feeds/luci/modules/luci-base'
time: package/feeds/luci/luci-base/host-compile#0.70#0.34#1.47
mkdir -p /home/oleg/openwrt/staging_dir/target-arm_cortex-a7_musl_eabi/root-airoha/stamp
SHELL= flock /home/oleg/openwrt/tmp/.root-copy.flock -c 'cp -fpR /home/oleg/openwrt/build_dir/target-arm_cortex-a7_musl_eabi/ca-certificates-20260601/.pkgdir/ca-bundle/. /home/oleg/openwrt/staging_dir/target-arm_cortex-a7_musl_eabi/root-airoha/'
touch /home/oleg/openwrt/staging_dir/target-arm_cortex-a7_musl_eabi/root-airoha/stamp/.ca-bundle_installed
echo "ca-bundle" >> /home/oleg/openwrt/staging_dir/target-arm_cortex-a7_musl_eabi/pkginfo/ca-certificates.default.install
make[3]: Leaving directory '/home/oleg/openwrt/package/system/ca-certificates'
time: package/system/ca-certificates/compile#0.16#0.10#0.30
SHELL= flock /home/oleg/openwrt/tmp/.libnftnl-1.3.1.tar.xz.flock -c '  	/home/oleg/openwrt/scripts/download.pl "/home/oleg/openwrt/dl" "libnftnl-1.3.1.tar.xz" "607da28dba66fbdeccf8ef1395dded9077e8d19f2995f9a4d45a9c2f0bcffba8" "" "https://netfilter.org/projects/libnftnl/files"    '
make[3]: Leaving directory '/home/oleg/openwrt/package/libs/pcre2'
time: package/libs/pcre2/compile#0.19#0.09#0.35
make[3]: Leaving directory '/home/oleg/openwrt/package/libs/ncurses'
time: package/libs/ncurses/compile#0.20#0.11#0.39
+ curl -f --connect-timeout 5 --retry 3 --location https://netfilter.org/projects/libnftnl/files/libnftnl-1.3.1.tar.xz
  % Total    % Received % Xferd  Average Speed   Time    Time     Time  Current
                                 Dload  Upload   Total   Spent    Left  Speed
  0     0    0     0    0     0      0      0 --:--:-- --:--:-- --:--:--     0mkdir -p /home/oleg/openwrt/staging_dir/target-arm_cortex-a7_musl_eabi/root-airoha/stamp
echo '20260523' | cmp -s - /home/oleg/openwrt/staging_dir/target-arm_cortex-a7_musl_eabi/pkginfo/libubox.version || { mkdir -p /home/oleg/openwrt/staging_dir/target-arm_cortex-a7_musl_eabi/pkginfo; echo '20260523' > /home/oleg/openwrt/staging_dir/target-arm_cortex-a7_musl_eabi/pkginfo/libubox.version;  cp /home/oleg/openwrt/staging_dir/target-arm_cortex-a7_musl_eabi/pkginfo/libubox.version /home/oleg/openwrt/staging_dir/target-arm_cortex-a7_musl_eabi/pkginfo/libubox-any.version;  } 
SHELL= flock /home/oleg/openwrt/tmp/.root-copy.flock -c 'cp -fpR /home/oleg/openwrt/build_dir/target-arm_cortex-a7_musl_eabi/libubox-2026.05.23~1fe93d2f/.pkgdir/libubox/. /home/oleg/openwrt/staging_dir/target-arm_cortex-a7_musl_eabi/root-airoha/'
touch /home/oleg/openwrt/staging_dir/target-arm_cortex-a7_musl_eabi/root-airoha/stamp/.libubox_installed
echo "libubox" >> /home/oleg/openwrt/staging_dir/target-arm_cortex-a7_musl_eabi/pkginfo/libubox.default.install
mkdir -p /home/oleg/openwrt/staging_dir/target-arm_cortex-a7_musl_eabi/root-airoha/stamp
echo '20260523' | cmp -s - /home/oleg/openwrt/staging_dir/target-arm_cortex-a7_musl_eabi/pkginfo/libblobmsg-json.version || { mkdir -p /home/oleg/openwrt/staging_dir/target-arm_cortex-a7_musl_eabi/pkginfo; echo '20260523' > /home/oleg/openwrt/staging_dir/target-arm_cortex-a7_musl_eabi/pkginfo/libblobmsg-json.version;  cp /home/oleg/openwrt/staging_dir/target-arm_cortex-a7_musl_eabi/pkginfo/libblobmsg-json.version /home/oleg/openwrt/staging_dir/target-arm_cortex-a7_musl_eabi/pkginfo/libblobmsg-json-any.version;  } 
SHELL= flock /home/oleg/openwrt/tmp/.root-copy.flock -c 'cp -fpR /home/oleg/openwrt/build_dir/target-arm_cortex-a7_musl_eabi/libubox-2026.05.23~1fe93d2f/.pkgdir/libblobmsg-json/. /home/oleg/openwrt/staging_dir/target-arm_cortex-a7_musl_eabi/root-airoha/'
touch /home/oleg/openwrt/staging_dir/target-arm_cortex-a7_musl_eabi/root-airoha/stamp/.libblobmsg-json_installed
echo "libblobmsg-json" >> /home/oleg/openwrt/staging_dir/target-arm_cortex-a7_musl_eabi/pkginfo/libubox.default.install
mkdir -p /home/oleg/openwrt/staging_dir/target-arm_cortex-a7_musl_eabi/root-airoha/stamp
SHELL= flock /home/oleg/openwrt/tmp/.root-copy.flock -c 'cp -fpR /home/oleg/openwrt/build_dir/target-arm_cortex-a7_musl_eabi/libubox-2026.05.23~1fe93d2f/.pkgdir/jshn/. /home/oleg/openwrt/staging_dir/target-arm_cortex-a7_musl_eabi/root-airoha/'
touch /home/oleg/openwrt/staging_dir/target-arm_cortex-a7_musl_eabi/root-airoha/stamp/.jshn_installed
echo "jshn" >> /home/oleg/openwrt/staging_dir/target-arm_cortex-a7_musl_eabi/pkginfo/libubox.default.install
mkdir -p /home/oleg/openwrt/staging_dir/target-arm_cortex-a7_musl_eabi/root-airoha/stamp
echo '20260523' | cmp -s - /home/oleg/openwrt/staging_dir/target-arm_cortex-a7_musl_eabi/pkginfo/libjson-script.version || { mkdir -p /home/oleg/openwrt/staging_dir/target-arm_cortex-a7_musl_eabi/pkginfo; echo '20260523' > /home/oleg/openwrt/staging_dir/target-arm_cortex-a7_musl_eabi/pkginfo/libjson-script.version;  cp /home/oleg/openwrt/staging_dir/target-arm_cortex-a7_musl_eabi/pkginfo/libjson-script.version /home/oleg/openwrt/staging_dir/target-arm_cortex-a7_musl_eabi/pkginfo/libjson-script-any.version;  } 
SHELL= flock /home/oleg/openwrt/tmp/.root-copy.flock -c 'cp -fpR /home/oleg/openwrt/build_dir/target-arm_cortex-a7_musl_eabi/libubox-2026.05.23~1fe93d2f/.pkgdir/libjson-script/. /home/oleg/openwrt/staging_dir/target-arm_cortex-a7_musl_eabi/root-airoha/'
touch /home/oleg/openwrt/staging_dir/target-arm_cortex-a7_musl_eabi/root-airoha/stamp/.libjson-script_installed
echo "libjson-script" >> /home/oleg/openwrt/staging_dir/target-arm_cortex-a7_musl_eabi/pkginfo/libubox.default.install
make[3]: Leaving directory '/home/oleg/openwrt/package/libs/libubox'
time: package/libs/libubox/compile#0.20#0.10#0.41
make[3]: Leaving directory '/home/oleg/openwrt/package/libs/openssl'
time: package/libs/openssl/compile#0.41#0.14#0.54
  0     0    0     0    0     0      0      0 --:--:-- --:--:-- --:--:--     0 make[4] scripts/config/conf
100  340k  100  340k    0     0   504k      0 --:--:-- --:--:-- --:--:--  504k
touch /home/oleg/openwrt/build_dir/target-arm_cortex-a7_musl_eabi/libnftnl-1.3.1/.prepared_d7fb61627cea354615df88ba98078dd4_6664517399ebbbc92a37c5bb081b5c53_check
. /home/oleg/openwrt/include/shell.sh; xzcat /home/oleg/openwrt/dl/libnftnl-1.3.1.tar.xz | tar -C /home/oleg/openwrt/build_dir/target-arm_cortex-a7_musl_eabi/libnftnl-1.3.1/.. -xf -
find /home/oleg/openwrt/build_dir/target-arm_cortex-a7_musl_eabi/libnftnl-1.3.1 -mindepth 1 -type f -not -name '.*' -not -name 'version.date' -printf '%T@\n' 2>/dev/null | cut -d. -f1 | sort -n | tail -n1 > /home/oleg/openwrt/build_dir/target-arm_cortex-a7_musl_eabi/libnftnl-1.3.1/version.date
[ ! -d ./src/ ] || cp -fpR ./src/. /home/oleg/openwrt/build_dir/target-arm_cortex-a7_musl_eabi/libnftnl-1.3.1
touch /home/oleg/openwrt/build_dir/target-arm_cortex-a7_musl_eabi/libnftnl-1.3.1/.prepared_d7fb61627cea354615df88ba98078dd4_6664517399ebbbc92a37c5bb081b5c53
rm -f /home/oleg/openwrt/build_dir/target-arm_cortex-a7_musl_eabi/libnftnl-1.3.1/.configured_*
rm -f /home/oleg/openwrt/staging_dir/target-arm_cortex-a7_musl_eabi/stamp/.libnftnl_installed
(cd /home/oleg/openwrt/build_dir/target-arm_cortex-a7_musl_eabi/libnftnl-1.3.1/./; if [ -x ./configure ]; then find /home/oleg/openwrt/build_dir/target-arm_cortex-a7_musl_eabi/libnftnl-1.3.1/ -name config.guess | xargs -r chmod u+w; find /home/oleg/openwrt/build_dir/target-arm_cortex-a7_musl_eabi/libnftnl-1.3.1/ -name config.guess | xargs -r -n1 cp --remove-destination /home/oleg/openwrt/scripts/config.guess; find /home/oleg/openwrt/build_dir/target-arm_cortex-a7_musl_eabi/libnftnl-1.3.1/ -name config.sub | xargs -r chmod u+w; find /home/oleg/openwrt/build_dir/target-arm_cortex-a7_musl_eabi/libnftnl-1.3.1/ -name config.sub | xargs -r -n1 cp --remove-destination /home/oleg/openwrt/scripts/config.sub; AR="arm-openwrt-linux-muslgnueabi-gcc-ar" AS="arm-openwrt-linux-muslgnueabi-gcc -c -Os -pipe -fno-caller-saves -fno-plt -fhonour-copts -mfloat-abi=soft -fmacro-prefix-map=/home/oleg/openwrt/build_dir/target-arm_cortex-a7_musl_eabi/libnftnl-1.3.1=libnftnl-1.3.1 -flto=auto -fno-fat-lto-objects -Wl,-z,max-page-size=4096 -Wformat -Werror=format-security -fstack-protector -D_FORTIFY_SOURCE=1 -Wl,-z,now -Wl,-z,relro -DPIC -fpic" LD="arm-openwrt-linux-muslgnueabi-ld.bfd" NM="arm-openwrt-linux-muslgnueabi-gcc-nm" CC="arm-openwrt-linux-muslgnueabi-gcc" GCC="arm-openwrt-linux-muslgnueabi-gcc" CXX="arm-openwrt-linux-muslgnueabi-g++" RANLIB="arm-openwrt-linux-muslgnueabi-gcc-ranlib" STRIP=arm-openwrt-linux-muslgnueabi-strip OBJCOPY=arm-openwrt-linux-muslgnueabi-objcopy OBJDUMP=arm-openwrt-linux-muslgnueabi-objdump SIZE=arm-openwrt-linux-muslgnueabi-size CFLAGS="-Os -pipe -fno-caller-saves -fno-plt -fhonour-copts -mfloat-abi=soft -fmacro-prefix-map=/home/oleg/openwrt/build_dir/target-arm_cortex-a7_musl_eabi/libnftnl-1.3.1=libnftnl-1.3.1 -flto=auto -fno-fat-lto-objects -Wl,-z,max-page-size=4096 -Wformat -Werror=format-security -fstack-protector -D_FORTIFY_SOURCE=1 -Wl,-z,now -Wl,-z,relro -DPIC -fpic " CXXFLAGS="-Os -pipe -fno-caller-saves -fno-plt -fhonour-copts -mfloat-abi=soft -fmacro-prefix-map=/home/oleg/openwrt/build_dir/target-arm_cortex-a7_musl_eabi/libnftnl-1.3.1=libnftnl-1.3.1 -flto=auto -fno-fat-lto-objects -Wl,-z,max-page-size=4096 -Wformat -Werror=format-security -fstack-protector -D_FORTIFY_SOURCE=1 -Wl,-z,now -Wl,-z,relro -DPIC -fpic -flto=auto -fno-fat-lto-objects " CPPFLAGS="-I/home/oleg/openwrt/staging_dir/toolchain-arm_cortex-a7_gcc-14.4.0_musl_eabi/usr/include -I/home/oleg/openwrt/staging_dir/toolchain-arm_cortex-a7_gcc-14.4.0_musl_eabi/include -I/home/oleg/openwrt/staging_dir/toolchain-arm_cortex-a7_gcc-14.4.0_musl_eabi/include/fortify " LDFLAGS="-L/home/oleg/openwrt/staging_dir/toolchain-arm_cortex-a7_gcc-14.4.0_musl_eabi/usr/lib -L/home/oleg/openwrt/staging_dir/toolchain-arm_cortex-a7_gcc-14.4.0_musl_eabi/lib -fuse-ld=bfd -flto=auto -fuse-linker-plugin -zmax-page-size=4096 -znow -zrelro "   ./configure --target=arm-openwrt-linux --host=arm-openwrt-linux --build=x86_64-pc-linux-gnu --disable-dependency-tracking --program-prefix="" --program-suffix="" --prefix=/usr --exec-prefix=/usr --bindir=/usr/bin --sbindir=/usr/sbin --libexecdir=/usr/lib --sysconfdir=/etc --datadir=/usr/share --localstatedir=/var --mandir=/usr/man --infodir=/usr/info   --enable-static --enable-shared ; fi; )
configure: loading site script /home/oleg/openwrt/include/site/arm
checking build system type... x86_64-pc-linux-gnu
checking host system type... arm-openwrt-linux-gnu
checking for arm-openwrt-linux-gcc... arm-openwrt-linux-muslgnueabi-gcc
checking whether the C compiler works... yes
checking for C compiler default output file name... a.out
checking for suffix of executables... 
checking whether we are cross compiling... yes
checking for suffix of object files... o
checking whether the compiler supports GNU C... yes
checking whether arm-openwrt-linux-muslgnueabi-gcc accepts -g... yes
checking for arm-openwrt-linux-muslgnueabi-gcc option to enable C11 features... none needed
checking whether arm-openwrt-linux-muslgnueabi-gcc understands -c and -o together... yes
checking for arm-openwrt-linux-ar... arm-openwrt-linux-muslgnueabi-gcc-ar
checking the archiver (arm-openwrt-linux-muslgnueabi-gcc-ar) interface... ar
checking for a BSD-compatible install... /home/oleg/openwrt/staging_dir/host/bin/install -c
checking whether sleep supports fractional seconds... yes
checking filesystem timestamp resolution... 0.01
checking whether build environment is sane... yes
checking for arm-openwrt-linux-strip... arm-openwrt-linux-muslgnueabi-strip
checking for a race-free mkdir -p... /usr/bin/mkdir -p
checking for gawk... gawk
checking whether make sets $(MAKE)... yes
checking whether make supports the include directive... yes (GNU style)
checking whether make supports nested variables... yes
checking xargs -n works... yes
checking how to create a pax tar archive... gnutar
checking dependency style of arm-openwrt-linux-muslgnueabi-gcc... none
checking pkg-config is at least version 0.9.0... yes
checking for libmnl >= 1.0.4... yes
checking for arm-openwrt-linux-gcc... (cached) arm-openwrt-linux-muslgnueabi-gcc
checking whether the compiler supports GNU C... (cached) yes
checking whether arm-openwrt-linux-muslgnueabi-gcc accepts -g... (cached) yes
checking for arm-openwrt-linux-muslgnueabi-gcc option to enable C11 features... (cached) none needed
checking whether arm-openwrt-linux-muslgnueabi-gcc understands -c and -o together... (cached) yes
checking how to print strings... printf
checking for a sed that does not truncate output... /home/oleg/openwrt/staging_dir/host/bin/sed
checking for grep that handles long lines and -e... /home/oleg/openwrt/staging_dir/host/bin/grep
checking for egrep... /home/oleg/openwrt/staging_dir/host/bin/grep -E
checking for fgrep... /home/oleg/openwrt/staging_dir/host/bin/grep -F
checking for ld used by arm-openwrt-linux-muslgnueabi-gcc... arm-openwrt-linux-muslgnueabi-ld.bfd
checking if the linker (arm-openwrt-linux-muslgnueabi-ld.bfd) is GNU ld... yes
checking for BSD- or MS-compatible name lister (nm)... arm-openwrt-linux-muslgnueabi-gcc-nm
checking the name lister (arm-openwrt-linux-muslgnueabi-gcc-nm) interface... BSD nm
checking whether ln -s works... yes
checking the maximum length of command line arguments... 1572864
checking how to convert x86_64-pc-linux-gnu file names to arm-openwrt-linux-gnu format... func_convert_file_noop
checking how to convert x86_64-pc-linux-gnu file names to toolchain format... func_convert_file_noop
checking for arm-openwrt-linux-muslgnueabi-ld.bfd option to reload object files... -r
checking for file... file
checking for arm-openwrt-linux-objdump... arm-openwrt-linux-muslgnueabi-objdump
checking how to recognize dependent libraries... pass_all
checking for arm-openwrt-linux-dlltool... no
checking for dlltool... no
checking how to associate runtime and link libraries... printf %s\n
checking for arm-openwrt-linux-ranlib... arm-openwrt-linux-muslgnueabi-gcc-ranlib
checking for arm-openwrt-linux-ar... (cached) arm-openwrt-linux-muslgnueabi-gcc-ar
checking for archiver @FILE support... @
checking for arm-openwrt-linux-strip... (cached) arm-openwrt-linux-muslgnueabi-strip
checking command to parse arm-openwrt-linux-muslgnueabi-gcc-nm output from arm-openwrt-linux-muslgnueabi-gcc object... rm -f /home/oleg/openwrt/build_dir/target-arm_cortex-a7_musl_eabi/linux-airoha_an7563/gpio-button-hotplug/.built
ok
checking for sysroot... no
checking for a working dd... /usr/bin/dd
checking how to truncate binary pipes... /usr/bin/dd bs=4096 count=1
checking for arm-openwrt-linux-mt... no
checking for mt... mt
configure: WARNING: using cross tools not prefixed with host triplet
checking if mt is a manifest tool... no
checking for stdio.h... yes
checking for stdlib.h... yes
checking for string.h... yes
checking for inttypes.h... yes
checking for stdint.h... yes
checking for strings.h... yes
checking for sys/stat.h... yes
checking for sys/types.h... yes
checking for unistd.h... yes
checking for dlfcn.h... yes
checking for objdir... .libs
checking if arm-openwrt-linux-muslgnueabi-gcc supports -fno-rtti -fno-exceptions... no
checking for arm-openwrt-linux-muslgnueabi-gcc option to produce PIC... -fPIC -DPIC
checking if arm-openwrt-linux-muslgnueabi-gcc PIC flag -fPIC -DPIC works... yes
checking if arm-openwrt-linux-muslgnueabi-gcc static flag -static works... yes
checking if arm-openwrt-linux-muslgnueabi-gcc supports -c -o file.o... yes
checking if arm-openwrt-linux-muslgnueabi-gcc supports -c -o file.o... (cached) yes
checking whether the arm-openwrt-linux-muslgnueabi-gcc linker (arm-openwrt-linux-muslgnueabi-ld.bfd) supports shared libraries... yes
checking whether -lc should be explicitly linked in... no
checking dynamic linker characteristics... GNU/Linux ld.so
checking how to hardcode library paths into programs... immediate
checking whether stripping libraries is possible... yes
checking if libtool supports shared libraries... yes
checking whether to build shared libraries... yes
checking whether to build static libraries... yes
checking whether compiler accepts -fvisibility=hidden... yes
checking that generated files are newer than configure... done
configure: creating ./config.status
config.status: creating Makefile
config.status: creating src/Makefile
config.status: creating include/Makefile
config.status: creating include/libnftnl/Makefile
config.status: creating include/linux/Makefile
config.status: creating include/linux/netfilter/Makefile
config.status: creating examples/Makefile
config.status: creating tests/Makefile
config.status: creating libnftnl.pc
config.status: creating doxygen.cfg
config.status: creating config.h
config.status: executing depfiles commands
config.status: executing libtool commands
touch /home/oleg/openwrt/build_dir/target-arm_cortex-a7_musl_eabi/linux-airoha_an7563/gpio-button-hotplug/.built_check
make -C /home/oleg/openwrt/build_dir/target-arm_cortex-a7_musl_eabi/linux-airoha_an7563/linux-6.18.37 KCFLAGS="-fmacro-prefix-map=/home/oleg/openwrt/build_dir/target-arm_cortex-a7_musl_eabi=target-arm_cortex-a7_musl_eabi -fno-caller-saves " HOSTCFLAGS="-O2 -I/home/oleg/openwrt/staging_dir/host/include -I/home/oleg/openwrt/staging_dir/hostpkg/include -I/home/oleg/openwrt/staging_dir/target-arm_cortex-a7_musl_eabi/host/include -Wall -Wmissing-prototypes -Wstrict-prototypes" CROSS_COMPILE="arm-openwrt-linux-muslgnueabi-" ARCH="arm" KBUILD_HAVE_NLS=no KBUILD_BUILD_USER="" KBUILD_BUILD_HOST="" KBUILD_BUILD_TIMESTAMP="Tue Aug 11 18:35:36 2026" KBUILD_BUILD_VERSION="0" KBUILD_HOSTLDFLAGS="-L/home/oleg/openwrt/staging_dir/host/lib" CONFIG_SHELL="bash" V=''  cmd_syscalls= KBUILD_EXTRA_SYMBOLS="/home/oleg/openwrt/build_dir/target-arm_cortex-a7_musl_eabi/linux-airoha_an7563/symvers/gpio-button-hotplug.symvers" CC="arm-openwrt-linux-muslgnueabi-gcc" KERNELRELEASE=6.18.37 M="/home/oleg/openwrt/build_dir/target-arm_cortex-a7_musl_eabi/linux-airoha_an7563/gpio-button-hotplug" modules
make[4]: Entering directory '/home/oleg/openwrt/build_dir/target-arm_cortex-a7_musl_eabi/linux-airoha_an7563/linux-6.18.37'
make[5]: Entering directory '/home/oleg/openwrt/build_dir/target-arm_cortex-a7_musl_eabi/linux-airoha_an7563/gpio-button-hotplug'
touch /home/oleg/openwrt/build_dir/target-arm_cortex-a7_musl_eabi/libnftnl-1.3.1/.configured_68b329da9893e34099c7d8ad5cb9c940
rm -f /home/oleg/openwrt/build_dir/target-arm_cortex-a7_musl_eabi/libnftnl-1.3.1/.built
touch /home/oleg/openwrt/build_dir/target-arm_cortex-a7_musl_eabi/libnftnl-1.3.1/.built_check
CFLAGS="-Os -pipe -fno-caller-saves -fno-plt -fhonour-copts -mfloat-abi=soft -fmacro-prefix-map=/home/oleg/openwrt/build_dir/target-arm_cortex-a7_musl_eabi/libnftnl-1.3.1=libnftnl-1.3.1 -flto=auto -fno-fat-lto-objects -Wl,-z,max-page-size=4096 -Wformat -Werror=format-security -fstack-protector -D_FORTIFY_SOURCE=1 -Wl,-z,now -Wl,-z,relro -DPIC -fpic  -I/home/oleg/openwrt/staging_dir/toolchain-arm_cortex-a7_gcc-14.4.0_musl_eabi/usr/include -I/home/oleg/openwrt/staging_dir/toolchain-arm_cortex-a7_gcc-14.4.0_musl_eabi/include -I/home/oleg/openwrt/staging_dir/toolchain-arm_cortex-a7_gcc-14.4.0_musl_eabi/include/fortify " CXXFLAGS="-Os -pipe -fno-caller-saves -fno-plt -fhonour-copts -mfloat-abi=soft -fmacro-prefix-map=/home/oleg/openwrt/build_dir/target-arm_cortex-a7_musl_eabi/libnftnl-1.3.1=libnftnl-1.3.1 -flto=auto -fno-fat-lto-objects -Wl,-z,max-page-size=4096 -Wformat -Werror=format-security -fstack-protector -D_FORTIFY_SOURCE=1 -Wl,-z,now -Wl,-z,relro -DPIC -fpic -flto=auto -fno-fat-lto-objects  -I/home/oleg/openwrt/staging_dir/toolchain-arm_cortex-a7_gcc-14.4.0_musl_eabi/usr/include -I/home/oleg/openwrt/staging_dir/toolchain-arm_cortex-a7_gcc-14.4.0_musl_eabi/include -I/home/oleg/openwrt/staging_dir/toolchain-arm_cortex-a7_gcc-14.4.0_musl_eabi/include/fortify " LDFLAGS="-L/home/oleg/openwrt/staging_dir/toolchain-arm_cortex-a7_gcc-14.4.0_musl_eabi/usr/lib -L/home/oleg/openwrt/staging_dir/toolchain-arm_cortex-a7_gcc-14.4.0_musl_eabi/lib -fuse-ld=bfd -flto=auto -fuse-linker-plugin -zmax-page-size=4096 -znow -zrelro " make --jobserver-auth=3,4  -C /home/oleg/openwrt/build_dir/target-arm_cortex-a7_musl_eabi/libnftnl-1.3.1/. AR="arm-openwrt-linux-muslgnueabi-gcc-ar" AS="arm-openwrt-linux-muslgnueabi-gcc -c -Os -pipe -fno-caller-saves -fno-plt -fhonour-copts -mfloat-abi=soft -fmacro-prefix-map=/home/oleg/openwrt/build_dir/target-arm_cortex-a7_musl_eabi/libnftnl-1.3.1=libnftnl-1.3.1 -flto=auto -fno-fat-lto-objects -Wl,-z,max-page-size=4096 -Wformat -Werror=format-security -fstack-protector -D_FORTIFY_SOURCE=1 -Wl,-z,now -Wl,-z,relro -DPIC -fpic" LD="arm-openwrt-linux-muslgnueabi-ld.bfd" NM="arm-openwrt-linux-muslgnueabi-gcc-nm" CC="arm-openwrt-linux-muslgnueabi-gcc" GCC="arm-openwrt-linux-muslgnueabi-gcc" CXX="arm-openwrt-linux-muslgnueabi-g++" RANLIB="arm-openwrt-linux-muslgnueabi-gcc-ranlib" STRIP=arm-openwrt-linux-muslgnueabi-strip OBJCOPY=arm-openwrt-linux-muslgnueabi-objcopy OBJDUMP=arm-openwrt-linux-muslgnueabi-objdump SIZE=arm-openwrt-linux-muslgnueabi-size CROSS="arm-openwrt-linux-muslgnueabi-" ARCH="arm" ;
make[4]: Entering directory '/home/oleg/openwrt/build_dir/target-arm_cortex-a7_musl_eabi/libnftnl-1.3.1'
make  all-recursive
make[5]: Entering directory '/home/oleg/openwrt/build_dir/target-arm_cortex-a7_musl_eabi/libnftnl-1.3.1'
Making all in src
make[6]: Entering directory '/home/oleg/openwrt/build_dir/target-arm_cortex-a7_musl_eabi/libnftnl-1.3.1/src'
/bin/bash ../libtool  --tag=CC   --mode=compile arm-openwrt-linux-muslgnueabi-gcc -DHAVE_CONFIG_H -I. -I..  -D_FILE_OFFSET_BITS=64 -D_REENTRANT -I../include -I/home/oleg/openwrt/staging_dir/target-arm_cortex-a7_musl_eabi/usr/include  -I/home/oleg/openwrt/staging_dir/toolchain-arm_cortex-a7_gcc-14.4.0_musl_eabi/usr/include -I/home/oleg/openwrt/staging_dir/toolchain-arm_cortex-a7_gcc-14.4.0_musl_eabi/include -I/home/oleg/openwrt/staging_dir/toolchain-arm_cortex-a7_gcc-14.4.0_musl_eabi/include/fortify  -Wall -Waggregate-return -Wmissing-declarations 	-Wmissing-prototypes -Wshadow -Wstrict-prototypes 	-Wformat=2 -Wwrite-strings -pipe -fvisibility=hidden -Os -pipe -fno-caller-saves -fno-plt -fhonour-copts -mfloat-abi=soft -fmacro-prefix-map=/home/oleg/openwrt/build_dir/target-arm_cortex-a7_musl_eabi/libnftnl-1.3.1=libnftnl-1.3.1 -flto=auto -fno-fat-lto-objects -Wl,-z,max-page-size=4096 -Wformat -Werror=format-security -fstack-protector -D_FORTIFY_SOURCE=1 -Wl,-z,now -Wl,-z,relro -DPIC -fpic  -c -o utils.lo utils.c
/bin/bash ../libtool  --tag=CC   --mode=compile arm-openwrt-linux-muslgnueabi-gcc -DHAVE_CONFIG_H -I. -I..  -D_FILE_OFFSET_BITS=64 -D_REENTRANT -I../include -I/home/oleg/openwrt/staging_dir/target-arm_cortex-a7_musl_eabi/usr/include  -I/home/oleg/openwrt/staging_dir/toolchain-arm_cortex-a7_gcc-14.4.0_musl_eabi/usr/include -I/home/oleg/openwrt/staging_dir/toolchain-arm_cortex-a7_gcc-14.4.0_musl_eabi/include -I/home/oleg/openwrt/staging_dir/toolchain-arm_cortex-a7_gcc-14.4.0_musl_eabi/include/fortify  -Wall -Waggregate-return -Wmissing-declarations 	-Wmissing-prototypes -Wshadow -Wstrict-prototypes 	-Wformat=2 -Wwrite-strings -pipe -fvisibility=hidden -Os -pipe -fno-caller-saves -fno-plt -fhonour-copts -mfloat-abi=soft -fmacro-prefix-map=/home/oleg/openwrt/build_dir/target-arm_cortex-a7_musl_eabi/libnftnl-1.3.1=libnftnl-1.3.1 -flto=auto -fno-fat-lto-objects -Wl,-z,max-page-size=4096 -Wformat -Werror=format-security -fstack-protector -D_FORTIFY_SOURCE=1 -Wl,-z,now -Wl,-z,relro -DPIC -fpic  -c -o batch.lo batch.c
/bin/bash ../libtool  --tag=CC   --mode=compile arm-openwrt-linux-muslgnueabi-gcc -DHAVE_CONFIG_H -I. -I..  -D_FILE_OFFSET_BITS=64 -D_REENTRANT -I../include -I/home/oleg/openwrt/staging_dir/target-arm_cortex-a7_musl_eabi/usr/include  -I/home/oleg/openwrt/staging_dir/toolchain-arm_cortex-a7_gcc-14.4.0_musl_eabi/usr/include -I/home/oleg/openwrt/staging_dir/toolchain-arm_cortex-a7_gcc-14.4.0_musl_eabi/include -I/home/oleg/openwrt/staging_dir/toolchain-arm_cortex-a7_gcc-14.4.0_musl_eabi/include/fortify  -Wall -Waggregate-return -Wmissing-declarations 	-Wmissing-prototypes -Wshadow -Wstrict-prototypes 	-Wformat=2 -Wwrite-strings -pipe -fvisibility=hidden -Os -pipe -fno-caller-saves -fno-plt -fhonour-copts -mfloat-abi=soft -fmacro-prefix-map=/home/oleg/openwrt/build_dir/target-arm_cortex-a7_musl_eabi/libnftnl-1.3.1=libnftnl-1.3.1 -flto=auto -fno-fat-lto-objects -Wl,-z,max-page-size=4096 -Wformat -Werror=format-security -fstack-protector -D_FORTIFY_SOURCE=1 -Wl,-z,now -Wl,-z,relro -DPIC -fpic  -c -o flowtable.lo flowtable.c
/bin/bash ../libtool  --tag=CC   --mode=compile arm-openwrt-linux-muslgnueabi-gcc -DHAVE_CONFIG_H -I. -I..  -D_FILE_OFFSET_BITS=64 -D_REENTRANT -I../include -I/home/oleg/openwrt/staging_dir/target-arm_cortex-a7_musl_eabi/usr/include  -I/home/oleg/openwrt/staging_dir/toolchain-arm_cortex-a7_gcc-14.4.0_musl_eabi/usr/include -I/home/oleg/openwrt/staging_dir/toolchain-arm_cortex-a7_gcc-14.4.0_musl_eabi/include -I/home/oleg/openwrt/staging_dir/toolchain-arm_cortex-a7_gcc-14.4.0_musl_eabi/include/fortify  -Wall -Waggregate-return -Wmissing-declarations 	-Wmissing-prototypes -Wshadow -Wstrict-prototypes 	-Wformat=2 -Wwrite-strings -pipe -fvisibility=hidden -Os -pipe -fno-caller-saves -fno-plt -fhonour-copts -mfloat-abi=soft -fmacro-prefix-map=/home/oleg/openwrt/build_dir/target-arm_cortex-a7_musl_eabi/libnftnl-1.3.1=libnftnl-1.3.1 -flto=auto -fno-fat-lto-objects -Wl,-z,max-page-size=4096 -Wformat -Werror=format-security -fstack-protector -D_FORTIFY_SOURCE=1 -Wl,-z,now -Wl,-z,relro -DPIC -fpic  -c -o common.lo common.c
/bin/bash ../libtool  --tag=CC   --mode=compile arm-openwrt-linux-muslgnueabi-gcc -DHAVE_CONFIG_H -I. -I..  -D_FILE_OFFSET_BITS=64 -D_REENTRANT -I../include -I/home/oleg/openwrt/staging_dir/target-arm_cortex-a7_musl_eabi/usr/include  -I/home/oleg/openwrt/staging_dir/toolchain-arm_cortex-a7_gcc-14.4.0_musl_eabi/usr/include -I/home/oleg/openwrt/staging_dir/toolchain-arm_cortex-a7_gcc-14.4.0_musl_eabi/include -I/home/oleg/openwrt/staging_dir/toolchain-arm_cortex-a7_gcc-14.4.0_musl_eabi/include/fortify  -Wall -Waggregate-return -Wmissing-declarations 	-Wmissing-prototypes -Wshadow -Wstrict-prototypes 	-Wformat=2 -Wwrite-strings -pipe -fvisibility=hidden -Os -pipe -fno-caller-saves -fno-plt -fhonour-copts -mfloat-abi=soft -fmacro-prefix-map=/home/oleg/openwrt/build_dir/target-arm_cortex-a7_musl_eabi/libnftnl-1.3.1=libnftnl-1.3.1 -flto=auto -fno-fat-lto-objects -Wl,-z,max-page-size=4096 -Wformat -Werror=format-security -fstack-protector -D_FORTIFY_SOURCE=1 -Wl,-z,now -Wl,-z,relro -DPIC -fpic  -c -o gen.lo gen.c
/bin/bash ../libtool  --tag=CC   --mode=compile arm-openwrt-linux-muslgnueabi-gcc -DHAVE_CONFIG_H -I. -I..  -D_FILE_OFFSET_BITS=64 -D_REENTRANT -I../include -I/home/oleg/openwrt/staging_dir/target-arm_cortex-a7_musl_eabi/usr/include  -I/home/oleg/openwrt/staging_dir/toolchain-arm_cortex-a7_gcc-14.4.0_musl_eabi/usr/include -I/home/oleg/openwrt/staging_dir/toolchain-arm_cortex-a7_gcc-14.4.0_musl_eabi/include -I/home/oleg/openwrt/staging_dir/toolchain-arm_cortex-a7_gcc-14.4.0_musl_eabi/include/fortify  -Wall -Waggregate-return -Wmissing-declarations 	-Wmissing-prototypes -Wshadow -Wstrict-prototypes 	-Wformat=2 -Wwrite-strings -pipe -fvisibility=hidden -Os -pipe -fno-caller-saves -fno-plt -fhonour-copts -mfloat-abi=soft -fmacro-prefix-map=/home/oleg/openwrt/build_dir/target-arm_cortex-a7_musl_eabi/libnftnl-1.3.1=libnftnl-1.3.1 -flto=auto -fno-fat-lto-objects -Wl,-z,max-page-size=4096 -Wformat -Werror=format-security -fstack-protector -D_FORTIFY_SOURCE=1 -Wl,-z,now -Wl,-z,relro -DPIC -fpic  -c -o table.lo table.c
/bin/bash ../libtool  --tag=CC   --mode=compile arm-openwrt-linux-muslgnueabi-gcc -DHAVE_CONFIG_H -I. -I..  -D_FILE_OFFSET_BITS=64 -D_REENTRANT -I../include -I/home/oleg/openwrt/staging_dir/target-arm_cortex-a7_musl_eabi/usr/include  -I/home/oleg/openwrt/staging_dir/toolchain-arm_cortex-a7_gcc-14.4.0_musl_eabi/usr/include -I/home/oleg/openwrt/staging_dir/toolchain-arm_cortex-a7_gcc-14.4.0_musl_eabi/include -I/home/oleg/openwrt/staging_dir/toolchain-arm_cortex-a7_gcc-14.4.0_musl_eabi/include/fortify  -Wall -Waggregate-return -Wmissing-declarations 	-Wmissing-prototypes -Wshadow -Wstrict-prototypes 	-Wformat=2 -Wwrite-strings -pipe -fvisibility=hidden -Os -pipe -fno-caller-saves -fno-plt -fhonour-copts -mfloat-abi=soft -fmacro-prefix-map=/home/oleg/openwrt/build_dir/target-arm_cortex-a7_musl_eabi/libnftnl-1.3.1=libnftnl-1.3.1 -flto=auto -fno-fat-lto-objects -Wl,-z,max-page-size=4096 -Wformat -Werror=format-security -fstack-protector -D_FORTIFY_SOURCE=1 -Wl,-z,now -Wl,-z,relro -DPIC -fpic  -c -o trace.lo trace.c
/bin/bash ../libtool  --tag=CC   --mode=compile arm-openwrt-linux-muslgnueabi-gcc -DHAVE_CONFIG_H -I. -I..  -D_FILE_OFFSET_BITS=64 -D_REENTRANT -I../include -I/home/oleg/openwrt/staging_dir/target-arm_cortex-a7_musl_eabi/usr/include  -I/home/oleg/openwrt/staging_dir/toolchain-arm_cortex-a7_gcc-14.4.0_musl_eabi/usr/include -I/home/oleg/openwrt/staging_dir/toolchain-arm_cortex-a7_gcc-14.4.0_musl_eabi/include -I/home/oleg/openwrt/staging_dir/toolchain-arm_cortex-a7_gcc-14.4.0_musl_eabi/include/fortify  -Wall -Waggregate-return -Wmissing-declarations 	-Wmissing-prototypes -Wshadow -Wstrict-prototypes 	-Wformat=2 -Wwrite-strings -pipe -fvisibility=hidden -Os -pipe -fno-caller-saves -fno-plt -fhonour-copts -mfloat-abi=soft -fmacro-prefix-map=/home/oleg/openwrt/build_dir/target-arm_cortex-a7_musl_eabi/libnftnl-1.3.1=libnftnl-1.3.1 -flto=auto -fno-fat-lto-objects -Wl,-z,max-page-size=4096 -Wformat -Werror=format-security -fstack-protector -D_FORTIFY_SOURCE=1 -Wl,-z,now -Wl,-z,relro -DPIC -fpic  -c -o chain.lo chain.c
/bin/bash ../libtool  --tag=CC   --mode=compile arm-openwrt-linux-muslgnueabi-gcc -DHAVE_CONFIG_H -I. -I..  -D_FILE_OFFSET_BITS=64 -D_REENTRANT -I../include -I/home/oleg/openwrt/staging_dir/target-arm_cortex-a7_musl_eabi/usr/include  -I/home/oleg/openwrt/staging_dir/toolchain-arm_cortex-a7_gcc-14.4.0_musl_eabi/usr/include -I/home/oleg/openwrt/staging_dir/toolchain-arm_cortex-a7_gcc-14.4.0_musl_eabi/include -I/home/oleg/openwrt/staging_dir/toolchain-arm_cortex-a7_gcc-14.4.0_musl_eabi/include/fortify  -Wall -Waggregate-return -Wmissing-declarations 	-Wmissing-prototypes -Wshadow -Wstrict-prototypes 	-Wformat=2 -Wwrite-strings -pipe -fvisibility=hidden -Os -pipe -fno-caller-saves -fno-plt -fhonour-copts -mfloat-abi=soft -fmacro-prefix-map=/home/oleg/openwrt/build_dir/target-arm_cortex-a7_musl_eabi/libnftnl-1.3.1=libnftnl-1.3.1 -flto=auto -fno-fat-lto-objects -Wl,-z,max-page-size=4096 -Wformat -Werror=format-security -fstack-protector -D_FORTIFY_SOURCE=1 -Wl,-z,now -Wl,-z,relro -DPIC -fpic  -c -o object.lo object.c
/bin/bash ../libtool  --tag=CC   --mode=compile arm-openwrt-linux-muslgnueabi-gcc -DHAVE_CONFIG_H -I. -I..  -D_FILE_OFFSET_BITS=64 -D_REENTRANT -I../include -I/home/oleg/openwrt/staging_dir/target-arm_cortex-a7_musl_eabi/usr/include  -I/home/oleg/openwrt/staging_dir/toolchain-arm_cortex-a7_gcc-14.4.0_musl_eabi/usr/include -I/home/oleg/openwrt/staging_dir/toolchain-arm_cortex-a7_gcc-14.4.0_musl_eabi/include -I/home/oleg/openwrt/staging_dir/toolchain-arm_cortex-a7_gcc-14.4.0_musl_eabi/include/fortify  -Wall -Waggregate-return -Wmissing-declarations 	-Wmissing-prototypes -Wshadow -Wstrict-prototypes 	-Wformat=2 -Wwrite-strings -pipe -fvisibility=hidden -Os -pipe -fno-caller-saves -fno-plt -fhonour-copts -mfloat-abi=soft -fmacro-prefix-map=/home/oleg/openwrt/build_dir/target-arm_cortex-a7_musl_eabi/libnftnl-1.3.1=libnftnl-1.3.1 -flto=auto -fno-fat-lto-objects -Wl,-z,max-page-size=4096 -Wformat -Werror=format-security -fstack-protector -D_FORTIFY_SOURCE=1 -Wl,-z,now -Wl,-z,relro -DPIC -fpic  -c -o rule.lo rule.c
/bin/bash ../libtool  --tag=CC   --mode=compile arm-openwrt-linux-muslgnueabi-gcc -DHAVE_CONFIG_H -I. -I..  -D_FILE_OFFSET_BITS=64 -D_REENTRANT -I../include -I/home/oleg/openwrt/staging_dir/target-arm_cortex-a7_musl_eabi/usr/include  -I/home/oleg/openwrt/staging_dir/toolchain-arm_cortex-a7_gcc-14.4.0_musl_eabi/usr/include -I/home/oleg/openwrt/staging_dir/toolchain-arm_cortex-a7_gcc-14.4.0_musl_eabi/include -I/home/oleg/openwrt/staging_dir/toolchain-arm_cortex-a7_gcc-14.4.0_musl_eabi/include/fortify  -Wall -Waggregate-return -Wmissing-declarations 	-Wmissing-prototypes -Wshadow -Wstrict-prototypes 	-Wformat=2 -Wwrite-strings -pipe -fvisibility=hidden -Os -pipe -fno-caller-saves -fno-plt -fhonour-copts -mfloat-abi=soft -fmacro-prefix-map=/home/oleg/openwrt/build_dir/target-arm_cortex-a7_musl_eabi/libnftnl-1.3.1=libnftnl-1.3.1 -flto=auto -fno-fat-lto-objects -Wl,-z,max-page-size=4096 -Wformat -Werror=format-security -fstack-protector -D_FORTIFY_SOURCE=1 -Wl,-z,now -Wl,-z,relro -DPIC -fpic  -c -o set.lo set.c
/bin/bash ../libtool  --tag=CC   --mode=compile arm-openwrt-linux-muslgnueabi-gcc -DHAVE_CONFIG_H -I. -I..  -D_FILE_OFFSET_BITS=64 -D_REENTRANT -I../include -I/home/oleg/openwrt/staging_dir/target-arm_cortex-a7_musl_eabi/usr/include  -I/home/oleg/openwrt/staging_dir/toolchain-arm_cortex-a7_gcc-14.4.0_musl_eabi/usr/include -I/home/oleg/openwrt/staging_dir/toolchain-arm_cortex-a7_gcc-14.4.0_musl_eabi/include -I/home/oleg/openwrt/staging_dir/toolchain-arm_cortex-a7_gcc-14.4.0_musl_eabi/include/fortify  -Wall -Waggregate-return -Wmissing-declarations 	-Wmissing-prototypes -Wshadow -Wstrict-prototypes 	-Wformat=2 -Wwrite-strings -pipe -fvisibility=hidden -Os -pipe -fno-caller-saves -fno-plt -fhonour-copts -mfloat-abi=soft -fmacro-prefix-map=/home/oleg/openwrt/build_dir/target-arm_cortex-a7_musl_eabi/libnftnl-1.3.1=libnftnl-1.3.1 -flto=auto -fno-fat-lto-objects -Wl,-z,max-page-size=4096 -Wformat -Werror=format-security -fstack-protector -D_FORTIFY_SOURCE=1 -Wl,-z,now -Wl,-z,relro -DPIC -fpic  -c -o set_elem.lo set_elem.c
/bin/bash ../libtool  --tag=CC   --mode=compile arm-openwrt-linux-muslgnueabi-gcc -DHAVE_CONFIG_H -I. -I..  -D_FILE_OFFSET_BITS=64 -D_REENTRANT -I../include -I/home/oleg/openwrt/staging_dir/target-arm_cortex-a7_musl_eabi/usr/include  -I/home/oleg/openwrt/staging_dir/toolchain-arm_cortex-a7_gcc-14.4.0_musl_eabi/usr/include -I/home/oleg/openwrt/staging_dir/toolchain-arm_cortex-a7_gcc-14.4.0_musl_eabi/include -I/home/oleg/openwrt/staging_dir/toolchain-arm_cortex-a7_gcc-14.4.0_musl_eabi/include/fortify  -Wall -Waggregate-return -Wmissing-declarations 	-Wmissing-prototypes -Wshadow -Wstrict-prototypes 	-Wformat=2 -Wwrite-strings -pipe -fvisibility=hidden -Os -pipe -fno-caller-saves -fno-plt -fhonour-copts -mfloat-abi=soft -fmacro-prefix-map=/home/oleg/openwrt/build_dir/target-arm_cortex-a7_musl_eabi/libnftnl-1.3.1=libnftnl-1.3.1 -flto=auto -fno-fat-lto-objects -Wl,-z,max-page-size=4096 -Wformat -Werror=format-security -fstack-protector -D_FORTIFY_SOURCE=1 -Wl,-z,now -Wl,-z,relro -DPIC -fpic  -c -o str_array.lo str_array.c
/bin/bash ../libtool  --tag=CC   --mode=compile arm-openwrt-linux-muslgnueabi-gcc -DHAVE_CONFIG_H -I. -I..  -D_FILE_OFFSET_BITS=64 -D_REENTRANT -I../include -I/home/oleg/openwrt/staging_dir/target-arm_cortex-a7_musl_eabi/usr/include  -I/home/oleg/openwrt/staging_dir/toolchain-arm_cortex-a7_gcc-14.4.0_musl_eabi/usr/include -I/home/oleg/openwrt/staging_dir/toolchain-arm_cortex-a7_gcc-14.4.0_musl_eabi/include -I/home/oleg/openwrt/staging_dir/toolchain-arm_cortex-a7_gcc-14.4.0_musl_eabi/include/fortify  -Wall -Waggregate-return -Wmissing-declarations 	-Wmissing-prototypes -Wshadow -Wstrict-prototypes 	-Wformat=2 -Wwrite-strings -pipe -fvisibility=hidden -Os -pipe -fno-caller-saves -fno-plt -fhonour-copts -mfloat-abi=soft -fmacro-prefix-map=/home/oleg/openwrt/build_dir/target-arm_cortex-a7_musl_eabi/libnftnl-1.3.1=libnftnl-1.3.1 -flto=auto -fno-fat-lto-objects -Wl,-z,max-page-size=4096 -Wformat -Werror=format-security -fstack-protector -D_FORTIFY_SOURCE=1 -Wl,-z,now -Wl,-z,relro -DPIC -fpic  -c -o ruleset.lo ruleset.c
libtool: compile:  arm-openwrt-linux-muslgnueabi-gcc -DHAVE_CONFIG_H -I. -I.. -D_FILE_OFFSET_BITS=64 -D_REENTRANT -I../include -I/home/oleg/openwrt/staging_dir/target-arm_cortex-a7_musl_eabi/usr/include -I/home/oleg/openwrt/staging_dir/toolchain-arm_cortex-a7_gcc-14.4.0_musl_eabi/usr/include -I/home/oleg/openwrt/staging_dir/toolchain-arm_cortex-a7_gcc-14.4.0_musl_eabi/include -I/home/oleg/openwrt/staging_dir/toolchain-arm_cortex-a7_gcc-14.4.0_musl_eabi/include/fortify -Wall -Waggregate-return -Wmissing-declarations -Wmissing-prototypes -Wshadow -Wstrict-prototypes -Wformat=2 -Wwrite-strings -pipe -fvisibility=hidden -Os -pipe -fno-caller-saves -fno-plt -fhonour-copts -mfloat-abi=soft -fmacro-prefix-map=/home/oleg/openwrt/build_dir/target-arm_cortex-a7_musl_eabi/libnftnl-1.3.1=libnftnl-1.3.1 -flto=auto -fno-fat-lto-objects -Wl,-z,max-page-size=4096 -Wformat -Werror=format-security -fstack-protector -D_FORTIFY_SOURCE=1 -Wl,-z,now -Wl,-z,relro -DPIC -fpic -c common.c  -fPIC -DPIC -o .libs/common.o
libtool: compile:  arm-openwrt-linux-muslgnueabi-gcc -DHAVE_CONFIG_H -I. -I.. -D_FILE_OFFSET_BITS=64 -D_REENTRANT -I../include -I/home/oleg/openwrt/staging_dir/target-arm_cortex-a7_musl_eabi/usr/include -I/home/oleg/openwrt/staging_dir/toolchain-arm_cortex-a7_gcc-14.4.0_musl_eabi/usr/include -I/home/oleg/openwrt/staging_dir/toolchain-arm_cortex-a7_gcc-14.4.0_musl_eabi/include -I/home/oleg/openwrt/staging_dir/toolchain-arm_cortex-a7_gcc-14.4.0_musl_eabi/include/fortify -Wall -Waggregate-return -Wmissing-declarations -Wmissing-prototypes -Wshadow -Wstrict-prototypes -Wformat=2 -Wwrite-strings -pipe -fvisibility=hidden -Os -pipe -fno-caller-saves -fno-plt -fhonour-copts -mfloat-abi=soft -fmacro-prefix-map=/home/oleg/openwrt/build_dir/target-arm_cortex-a7_musl_eabi/libnftnl-1.3.1=libnftnl-1.3.1 -flto=auto -fno-fat-lto-objects -Wl,-z,max-page-size=4096 -Wformat -Werror=format-security -fstack-protector -D_FORTIFY_SOURCE=1 -Wl,-z,now -Wl,-z,relro -DPIC -fpic -c set_elem.c  -fPIC -DPIC -o .libs/set_elem.o
libtool: compile:  arm-openwrt-linux-muslgnueabi-gcc -DHAVE_CONFIG_H -I. -I.. -D_FILE_OFFSET_BITS=64 -D_REENTRANT -I../include -I/home/oleg/openwrt/staging_dir/target-arm_cortex-a7_musl_eabi/usr/include -I/home/oleg/openwrt/staging_dir/toolchain-arm_cortex-a7_gcc-14.4.0_musl_eabi/usr/include -I/home/oleg/openwrt/staging_dir/toolchain-arm_cortex-a7_gcc-14.4.0_musl_eabi/include -I/home/oleg/openwrt/staging_dir/toolchain-arm_cortex-a7_gcc-14.4.0_musl_eabi/include/fortify -Wall -Waggregate-return -Wmissing-declarations -Wmissing-prototypes -Wshadow -Wstrict-prototypes -Wformat=2 -Wwrite-strings -pipe -fvisibility=hidden -Os -pipe -fno-caller-saves -fno-plt -fhonour-copts -mfloat-abi=soft -fmacro-prefix-map=/home/oleg/openwrt/build_dir/target-arm_cortex-a7_musl_eabi/libnftnl-1.3.1=libnftnl-1.3.1 -flto=auto -fno-fat-lto-objects -Wl,-z,max-page-size=4096 -Wformat -Werror=format-security -fstack-protector -D_FORTIFY_SOURCE=1 -Wl,-z,now -Wl,-z,relro -DPIC -fpic -c flowtable.c  -fPIC -DPIC -o .libs/flowtable.o
libtool: compile:  arm-openwrt-linux-muslgnueabi-gcc -DHAVE_CONFIG_H -I. -I.. -D_FILE_OFFSET_BITS=64 -D_REENTRANT -I../include -I/home/oleg/openwrt/staging_dir/target-arm_cortex-a7_musl_eabi/usr/include -I/home/oleg/openwrt/staging_dir/toolchain-arm_cortex-a7_gcc-14.4.0_musl_eabi/usr/include -I/home/oleg/openwrt/staging_dir/toolchain-arm_cortex-a7_gcc-14.4.0_musl_eabi/include -I/home/oleg/openwrt/staging_dir/toolchain-arm_cortex-a7_gcc-14.4.0_musl_eabi/include/fortify -Wall -Waggregate-return -Wmissing-declarations -Wmissing-prototypes -Wshadow -Wstrict-prototypes -Wformat=2 -Wwrite-strings -pipe -fvisibility=hidden -Os -pipe -fno-caller-saves -fno-plt -fhonour-copts -mfloat-abi=soft -fmacro-prefix-map=/home/oleg/openwrt/build_dir/target-arm_cortex-a7_musl_eabi/libnftnl-1.3.1=libnftnl-1.3.1 -flto=auto -fno-fat-lto-objects -Wl,-z,max-page-size=4096 -Wformat -Werror=format-security -fstack-protector -D_FORTIFY_SOURCE=1 -Wl,-z,now -Wl,-z,relro -DPIC -fpic -c table.c  -fPIC -DPIC -o .libs/table.o
libtool: compile:  arm-openwrt-linux-muslgnueabi-gcc -DHAVE_CONFIG_H -I. -I.. -D_FILE_OFFSET_BITS=64 -D_REENTRANT -I../include -I/home/oleg/openwrt/staging_dir/target-arm_cortex-a7_musl_eabi/usr/include -I/home/oleg/openwrt/staging_dir/toolchain-arm_cortex-a7_gcc-14.4.0_musl_eabi/usr/include -I/home/oleg/openwrt/staging_dir/toolchain-arm_cortex-a7_gcc-14.4.0_musl_eabi/include -I/home/oleg/openwrt/staging_dir/toolchain-arm_cortex-a7_gcc-14.4.0_musl_eabi/include/fortify -Wall -Waggregate-return -Wmissing-declarations -Wmissing-prototypes -Wshadow -Wstrict-prototypes -Wformat=2 -Wwrite-strings -pipe -fvisibility=hidden -Os -pipe -fno-caller-saves -fno-plt -fhonour-copts -mfloat-abi=soft -fmacro-prefix-map=/home/oleg/openwrt/build_dir/target-arm_cortex-a7_musl_eabi/libnftnl-1.3.1=libnftnl-1.3.1 -flto=auto -fno-fat-lto-objects -Wl,-z,max-page-size=4096 -Wformat -Werror=format-security -fstack-protector -D_FORTIFY_SOURCE=1 -Wl,-z,now -Wl,-z,relro -DPIC -fpic -c batch.c  -fPIC -DPIC -o .libs/batch.o
libtool: compile:  arm-openwrt-linux-muslgnueabi-gcc -DHAVE_CONFIG_H -I. -I.. -D_FILE_OFFSET_BITS=64 -D_REENTRANT -I../include -I/home/oleg/openwrt/staging_dir/target-arm_cortex-a7_musl_eabi/usr/include -I/home/oleg/openwrt/staging_dir/toolchain-arm_cortex-a7_gcc-14.4.0_musl_eabi/usr/include -I/home/oleg/openwrt/staging_dir/toolchain-arm_cortex-a7_gcc-14.4.0_musl_eabi/include -I/home/oleg/openwrt/staging_dir/toolchain-arm_cortex-a7_gcc-14.4.0_musl_eabi/include/fortify -Wall -Waggregate-return -Wmissing-declarations -Wmissing-prototypes -Wshadow -Wstrict-prototypes -Wformat=2 -Wwrite-strings -pipe -fvisibility=hidden -Os -pipe -fno-caller-saves -fno-plt -fhonour-copts -mfloat-abi=soft -fmacro-prefix-map=/home/oleg/openwrt/build_dir/target-arm_cortex-a7_musl_eabi/libnftnl-1.3.1=libnftnl-1.3.1 -flto=auto -fno-fat-lto-objects -Wl,-z,max-page-size=4096 -Wformat -Werror=format-security -fstack-protector -D_FORTIFY_SOURCE=1 -Wl,-z,now -Wl,-z,relro -DPIC -fpic -c gen.c  -fPIC -DPIC -o .libs/gen.o
libtool: compile:  arm-openwrt-linux-muslgnueabi-gcc -DHAVE_CONFIG_H -I. -I.. -D_FILE_OFFSET_BITS=64 -D_REENTRANT -I../include -I/home/oleg/openwrt/staging_dir/target-arm_cortex-a7_musl_eabi/usr/include -I/home/oleg/openwrt/staging_dir/toolchain-arm_cortex-a7_gcc-14.4.0_musl_eabi/usr/include -I/home/oleg/openwrt/staging_dir/toolchain-arm_cortex-a7_gcc-14.4.0_musl_eabi/include -I/home/oleg/openwrt/staging_dir/toolchain-arm_cortex-a7_gcc-14.4.0_musl_eabi/include/fortify -Wall -Waggregate-return -Wmissing-declarations -Wmissing-prototypes -Wshadow -Wstrict-prototypes -Wformat=2 -Wwrite-strings -pipe -fvisibility=hidden -Os -pipe -fno-caller-saves -fno-plt -fhonour-copts -mfloat-abi=soft -fmacro-prefix-map=/home/oleg/openwrt/build_dir/target-arm_cortex-a7_musl_eabi/libnftnl-1.3.1=libnftnl-1.3.1 -flto=auto -fno-fat-lto-objects -Wl,-z,max-page-size=4096 -Wformat -Werror=format-security -fstack-protector -D_FORTIFY_SOURCE=1 -Wl,-z,now -Wl,-z,relro -DPIC -fpic -c object.c  -fPIC -DPIC -o .libs/object.o
libtool: compile:  arm-openwrt-linux-muslgnueabi-gcc -DHAVE_CONFIG_H -I. -I.. -D_FILE_OFFSET_BITS=64 -D_REENTRANT -I../include -I/home/oleg/openwrt/staging_dir/target-arm_cortex-a7_musl_eabi/usr/include -I/home/oleg/openwrt/staging_dir/toolchain-arm_cortex-a7_gcc-14.4.0_musl_eabi/usr/include -I/home/oleg/openwrt/staging_dir/toolchain-arm_cortex-a7_gcc-14.4.0_musl_eabi/include -I/home/oleg/openwrt/staging_dir/toolchain-arm_cortex-a7_gcc-14.4.0_musl_eabi/include/fortify -Wall -Waggregate-return -Wmissing-declarations -Wmissing-prototypes -Wshadow -Wstrict-prototypes -Wformat=2 -Wwrite-strings -pipe -fvisibility=hidden -Os -pipe -fno-caller-saves -fno-plt -fhonour-copts -mfloat-abi=soft -fmacro-prefix-map=/home/oleg/openwrt/build_dir/target-arm_cortex-a7_musl_eabi/libnftnl-1.3.1=libnftnl-1.3.1 -flto=auto -fno-fat-lto-objects -Wl,-z,max-page-size=4096 -Wformat -Werror=format-security -fstack-protector -D_FORTIFY_SOURCE=1 -Wl,-z,now -Wl,-z,relro -DPIC -fpic -c set.c  -fPIC -DPIC -o .libs/set.o
libtool: compile:  arm-openwrt-linux-muslgnueabi-gcc -DHAVE_CONFIG_H -I. -I.. -D_FILE_OFFSET_BITS=64 -D_REENTRANT -I../include -I/home/oleg/openwrt/staging_dir/target-arm_cortex-a7_musl_eabi/usr/include -I/home/oleg/openwrt/staging_dir/toolchain-arm_cortex-a7_gcc-14.4.0_musl_eabi/usr/include -I/home/oleg/openwrt/staging_dir/toolchain-arm_cortex-a7_gcc-14.4.0_musl_eabi/include -I/home/oleg/openwrt/staging_dir/toolchain-arm_cortex-a7_gcc-14.4.0_musl_eabi/include/fortify -Wall -Waggregate-return -Wmissing-declarations -Wmissing-prototypes -Wshadow -Wstrict-prototypes -Wformat=2 -Wwrite-strings -pipe -fvisibility=hidden -Os -pipe -fno-caller-saves -fno-plt -fhonour-copts -mfloat-abi=soft -fmacro-prefix-map=/home/oleg/openwrt/build_dir/target-arm_cortex-a7_musl_eabi/libnftnl-1.3.1=libnftnl-1.3.1 -flto=auto -fno-fat-lto-objects -Wl,-z,max-page-size=4096 -Wformat -Werror=format-security -fstack-protector -D_FORTIFY_SOURCE=1 -Wl,-z,now -Wl,-z,relro -DPIC -fpic -c chain.c  -fPIC -DPIC -o .libs/chain.o
libtool: compile:  arm-openwrt-linux-muslgnueabi-gcc -DHAVE_CONFIG_H -I. -I.. -D_FILE_OFFSET_BITS=64 -D_REENTRANT -I../include -I/home/oleg/openwrt/staging_dir/target-arm_cortex-a7_musl_eabi/usr/include -I/home/oleg/openwrt/staging_dir/toolchain-arm_cortex-a7_gcc-14.4.0_musl_eabi/usr/include -I/home/oleg/openwrt/staging_dir/toolchain-arm_cortex-a7_gcc-14.4.0_musl_eabi/include -I/home/oleg/openwrt/staging_dir/toolchain-arm_cortex-a7_gcc-14.4.0_musl_eabi/include/fortify -Wall -Waggregate-return -Wmissing-declarations -Wmissing-prototypes -Wshadow -Wstrict-prototypes -Wformat=2 -Wwrite-strings -pipe -fvisibility=hidden -Os -pipe -fno-caller-saves -fno-plt -fhonour-copts -mfloat-abi=soft -fmacro-prefix-map=/home/oleg/openwrt/build_dir/target-arm_cortex-a7_musl_eabi/libnftnl-1.3.1=libnftnl-1.3.1 -flto=auto -fno-fat-lto-objects -Wl,-z,max-page-size=4096 -Wformat -Werror=format-security -fstack-protector -D_FORTIFY_SOURCE=1 -Wl,-z,now -Wl,-z,relro -DPIC -fpic -c utils.c  -fPIC -DPIC -o .libs/utils.o
libtool: compile:  arm-openwrt-linux-muslgnueabi-gcc -DHAVE_CONFIG_H -I. -I.. -D_FILE_OFFSET_BITS=64 -D_REENTRANT -I../include -I/home/oleg/openwrt/staging_dir/target-arm_cortex-a7_musl_eabi/usr/include -I/home/oleg/openwrt/staging_dir/toolchain-arm_cortex-a7_gcc-14.4.0_musl_eabi/usr/include -I/home/oleg/openwrt/staging_dir/toolchain-arm_cortex-a7_gcc-14.4.0_musl_eabi/include -I/home/oleg/openwrt/staging_dir/toolchain-arm_cortex-a7_gcc-14.4.0_musl_eabi/include/fortify -Wall -Waggregate-return -Wmissing-declarations -Wmissing-prototypes -Wshadow -Wstrict-prototypes -Wformat=2 -Wwrite-strings -pipe -fvisibility=hidden -Os -pipe -fno-caller-saves -fno-plt -fhonour-copts -mfloat-abi=soft -fmacro-prefix-map=/home/oleg/openwrt/build_dir/target-arm_cortex-a7_musl_eabi/libnftnl-1.3.1=libnftnl-1.3.1 -flto=auto -fno-fat-lto-objects -Wl,-z,max-page-size=4096 -Wformat -Werror=format-security -fstack-protector -D_FORTIFY_SOURCE=1 -Wl,-z,now -Wl,-z,relro -DPIC -fpic -c str_array.c  -fPIC -DPIC -o .libs/str_array.o
libtool: compile:  arm-openwrt-linux-muslgnueabi-gcc -DHAVE_CONFIG_H -I. -I.. -D_FILE_OFFSET_BITS=64 -D_REENTRANT -I../include -I/home/oleg/openwrt/staging_dir/target-arm_cortex-a7_musl_eabi/usr/include -I/home/oleg/openwrt/staging_dir/toolchain-arm_cortex-a7_gcc-14.4.0_musl_eabi/usr/include -I/home/oleg/openwrt/staging_dir/toolchain-arm_cortex-a7_gcc-14.4.0_musl_eabi/include -I/home/oleg/openwrt/staging_dir/toolchain-arm_cortex-a7_gcc-14.4.0_musl_eabi/include/fortify -Wall -Waggregate-return -Wmissing-declarations -Wmissing-prototypes -Wshadow -Wstrict-prototypes -Wformat=2 -Wwrite-strings -pipe -fvisibility=hidden -Os -pipe -fno-caller-saves -fno-plt -fhonour-copts -mfloat-abi=soft -fmacro-prefix-map=/home/oleg/openwrt/build_dir/target-arm_cortex-a7_musl_eabi/libnftnl-1.3.1=libnftnl-1.3.1 -flto=auto -fno-fat-lto-objects -Wl,-z,max-page-size=4096 -Wformat -Werror=format-security -fstack-protector -D_FORTIFY_SOURCE=1 -Wl,-z,now -Wl,-z,relro -DPIC -fpic -c rule.c  -fPIC -DPIC -o .libs/rule.o
libtool: compile:  arm-openwrt-linux-muslgnueabi-gcc -DHAVE_CONFIG_H -I. -I.. -D_FILE_OFFSET_BITS=64 -D_REENTRANT -I../include -I/home/oleg/openwrt/staging_dir/target-arm_cortex-a7_musl_eabi/usr/include -I/home/oleg/openwrt/staging_dir/toolchain-arm_cortex-a7_gcc-14.4.0_musl_eabi/usr/include -I/home/oleg/openwrt/staging_dir/toolchain-arm_cortex-a7_gcc-14.4.0_musl_eabi/include -I/home/oleg/openwrt/staging_dir/toolchain-arm_cortex-a7_gcc-14.4.0_musl_eabi/include/fortify -Wall -Waggregate-return -Wmissing-declarations -Wmissing-prototypes -Wshadow -Wstrict-prototypes -Wformat=2 -Wwrite-strings -pipe -fvisibility=hidden -Os -pipe -fno-caller-saves -fno-plt -fhonour-copts -mfloat-abi=soft -fmacro-prefix-map=/home/oleg/openwrt/build_dir/target-arm_cortex-a7_musl_eabi/libnftnl-1.3.1=libnftnl-1.3.1 -flto=auto -fno-fat-lto-objects -Wl,-z,max-page-size=4096 -Wformat -Werror=format-security -fstack-protector -D_FORTIFY_SOURCE=1 -Wl,-z,now -Wl,-z,relro -DPIC -fpic -c trace.c  -fPIC -DPIC -o .libs/trace.o
libtool: compile:  arm-openwrt-linux-muslgnueabi-gcc -DHAVE_CONFIG_H -I. -I.. -D_FILE_OFFSET_BITS=64 -D_REENTRANT -I../include -I/home/oleg/openwrt/staging_dir/target-arm_cortex-a7_musl_eabi/usr/include -I/home/oleg/openwrt/staging_dir/toolchain-arm_cortex-a7_gcc-14.4.0_musl_eabi/usr/include -I/home/oleg/openwrt/staging_dir/toolchain-arm_cortex-a7_gcc-14.4.0_musl_eabi/include -I/home/oleg/openwrt/staging_dir/toolchain-arm_cortex-a7_gcc-14.4.0_musl_eabi/include/fortify -Wall -Waggregate-return -Wmissing-declarations -Wmissing-prototypes -Wshadow -Wstrict-prototypes -Wformat=2 -Wwrite-strings -pipe -fvisibility=hidden -Os -pipe -fno-caller-saves -fno-plt -fhonour-copts -mfloat-abi=soft -fmacro-prefix-map=/home/oleg/openwrt/build_dir/target-arm_cortex-a7_musl_eabi/libnftnl-1.3.1=libnftnl-1.3.1 -flto=auto -fno-fat-lto-objects -Wl,-z,max-page-size=4096 -Wformat -Werror=format-security -fstack-protector -D_FORTIFY_SOURCE=1 -Wl,-z,now -Wl,-z,relro -DPIC -fpic -c ruleset.c  -fPIC -DPIC -o .libs/ruleset.o
libtool: compile:  arm-openwrt-linux-muslgnueabi-gcc -DHAVE_CONFIG_H -I. -I.. -D_FILE_OFFSET_BITS=64 -D_REENTRANT -I../include -I/home/oleg/openwrt/staging_dir/target-arm_cortex-a7_musl_eabi/usr/include -I/home/oleg/openwrt/staging_dir/toolchain-arm_cortex-a7_gcc-14.4.0_musl_eabi/usr/include -I/home/oleg/openwrt/staging_dir/toolchain-arm_cortex-a7_gcc-14.4.0_musl_eabi/include -I/home/oleg/openwrt/staging_dir/toolchain-arm_cortex-a7_gcc-14.4.0_musl_eabi/include/fortify -Wall -Waggregate-return -Wmissing-declarations -Wmissing-prototypes -Wshadow -Wstrict-prototypes -Wformat=2 -Wwrite-strings -pipe -fvisibility=hidden -Os -pipe -fno-caller-saves -fno-plt -fhonour-copts -mfloat-abi=soft -fmacro-prefix-map=/home/oleg/openwrt/build_dir/target-arm_cortex-a7_musl_eabi/libnftnl-1.3.1=libnftnl-1.3.1 -flto=auto -fno-fat-lto-objects -Wl,-z,max-page-size=4096 -Wformat -Werror=format-security -fstack-protector -D_FORTIFY_SOURCE=1 -Wl,-z,now -Wl,-z,relro -DPIC -fpic -c str_array.c -o str_array.o >/dev/null 2>&1
libtool: compile:  arm-openwrt-linux-muslgnueabi-gcc -DHAVE_CONFIG_H -I. -I.. -D_FILE_OFFSET_BITS=64 -D_REENTRANT -I../include -I/home/oleg/openwrt/staging_dir/target-arm_cortex-a7_musl_eabi/usr/include -I/home/oleg/openwrt/staging_dir/toolchain-arm_cortex-a7_gcc-14.4.0_musl_eabi/usr/include -I/home/oleg/openwrt/staging_dir/toolchain-arm_cortex-a7_gcc-14.4.0_musl_eabi/include -I/home/oleg/openwrt/staging_dir/toolchain-arm_cortex-a7_gcc-14.4.0_musl_eabi/include/fortify -Wall -Waggregate-return -Wmissing-declarations -Wmissing-prototypes -Wshadow -Wstrict-prototypes -Wformat=2 -Wwrite-strings -pipe -fvisibility=hidden -Os -pipe -fno-caller-saves -fno-plt -fhonour-copts -mfloat-abi=soft -fmacro-prefix-map=/home/oleg/openwrt/build_dir/target-arm_cortex-a7_musl_eabi/libnftnl-1.3.1=libnftnl-1.3.1 -flto=auto -fno-fat-lto-objects -Wl,-z,max-page-size=4096 -Wformat -Werror=format-security -fstack-protector -D_FORTIFY_SOURCE=1 -Wl,-z,now -Wl,-z,relro -DPIC -fpic -c common.c -o common.o >/dev/null 2>&1
libtool: compile:  arm-openwrt-linux-muslgnueabi-gcc -DHAVE_CONFIG_H -I. -I.. -D_FILE_OFFSET_BITS=64 -D_REENTRANT -I../include -I/home/oleg/openwrt/staging_dir/target-arm_cortex-a7_musl_eabi/usr/include -I/home/oleg/openwrt/staging_dir/toolchain-arm_cortex-a7_gcc-14.4.0_musl_eabi/usr/include -I/home/oleg/openwrt/staging_dir/toolchain-arm_cortex-a7_gcc-14.4.0_musl_eabi/include -I/home/oleg/openwrt/staging_dir/toolchain-arm_cortex-a7_gcc-14.4.0_musl_eabi/include/fortify -Wall -Waggregate-return -Wmissing-declarations -Wmissing-prototypes -Wshadow -Wstrict-prototypes -Wformat=2 -Wwrite-strings -pipe -fvisibility=hidden -Os -pipe -fno-caller-saves -fno-plt -fhonour-copts -mfloat-abi=soft -fmacro-prefix-map=/home/oleg/openwrt/build_dir/target-arm_cortex-a7_musl_eabi/libnftnl-1.3.1=libnftnl-1.3.1 -flto=auto -fno-fat-lto-objects -Wl,-z,max-page-size=4096 -Wformat -Werror=format-security -fstack-protector -D_FORTIFY_SOURCE=1 -Wl,-z,now -Wl,-z,relro -DPIC -fpic -c batch.c -o batch.o >/dev/null 2>&1
libtool: compile:  arm-openwrt-linux-muslgnueabi-gcc -DHAVE_CONFIG_H -I. -I.. -D_FILE_OFFSET_BITS=64 -D_REENTRANT -I../include -I/home/oleg/openwrt/staging_dir/target-arm_cortex-a7_musl_eabi/usr/include -I/home/oleg/openwrt/staging_dir/toolchain-arm_cortex-a7_gcc-14.4.0_musl_eabi/usr/include -I/home/oleg/openwrt/staging_dir/toolchain-arm_cortex-a7_gcc-14.4.0_musl_eabi/include -I/home/oleg/openwrt/staging_dir/toolchain-arm_cortex-a7_gcc-14.4.0_musl_eabi/include/fortify -Wall -Waggregate-return -Wmissing-declarations -Wmissing-prototypes -Wshadow -Wstrict-prototypes -Wformat=2 -Wwrite-strings -pipe -fvisibility=hidden -Os -pipe -fno-caller-saves -fno-plt -fhonour-copts -mfloat-abi=soft -fmacro-prefix-map=/home/oleg/openwrt/build_dir/target-arm_cortex-a7_musl_eabi/libnftnl-1.3.1=libnftnl-1.3.1 -flto=auto -fno-fat-lto-objects -Wl,-z,max-page-size=4096 -Wformat -Werror=format-security -fstack-protector -D_FORTIFY_SOURCE=1 -Wl,-z,now -Wl,-z,relro -DPIC -fpic -c gen.c -o gen.o >/dev/null 2>&1
libtool: compile:  arm-openwrt-linux-muslgnueabi-gcc -DHAVE_CONFIG_H -I. -I.. -D_FILE_OFFSET_BITS=64 -D_REENTRANT -I../include -I/home/oleg/openwrt/staging_dir/target-arm_cortex-a7_musl_eabi/usr/include -I/home/oleg/openwrt/staging_dir/toolchain-arm_cortex-a7_gcc-14.4.0_musl_eabi/usr/include -I/home/oleg/openwrt/staging_dir/toolchain-arm_cortex-a7_gcc-14.4.0_musl_eabi/include -I/home/oleg/openwrt/staging_dir/toolchain-arm_cortex-a7_gcc-14.4.0_musl_eabi/include/fortify -Wall -Waggregate-return -Wmissing-declarations -Wmissing-prototypes -Wshadow -Wstrict-prototypes -Wformat=2 -Wwrite-strings -pipe -fvisibility=hidden -Os -pipe -fno-caller-saves -fno-plt -fhonour-copts -mfloat-abi=soft -fmacro-prefix-map=/home/oleg/openwrt/build_dir/target-arm_cortex-a7_musl_eabi/libnftnl-1.3.1=libnftnl-1.3.1 -flto=auto -fno-fat-lto-objects -Wl,-z,max-page-size=4096 -Wformat -Werror=format-security -fstack-protector -D_FORTIFY_SOURCE=1 -Wl,-z,now -Wl,-z,relro -DPIC -fpic -c utils.c -o utils.o >/dev/null 2>&1
libtool: compile:  arm-openwrt-linux-muslgnueabi-gcc -DHAVE_CONFIG_H -I. -I.. -D_FILE_OFFSET_BITS=64 -D_REENTRANT -I../include -I/home/oleg/openwrt/staging_dir/target-arm_cortex-a7_musl_eabi/usr/include -I/home/oleg/openwrt/staging_dir/toolchain-arm_cortex-a7_gcc-14.4.0_musl_eabi/usr/include -I/home/oleg/openwrt/staging_dir/toolchain-arm_cortex-a7_gcc-14.4.0_musl_eabi/include -I/home/oleg/openwrt/staging_dir/toolchain-arm_cortex-a7_gcc-14.4.0_musl_eabi/include/fortify -Wall -Waggregate-return -Wmissing-declarations -Wmissing-prototypes -Wshadow -Wstrict-prototypes -Wformat=2 -Wwrite-strings -pipe -fvisibility=hidden -Os -pipe -fno-caller-saves -fno-plt -fhonour-copts -mfloat-abi=soft -fmacro-prefix-map=/home/oleg/openwrt/build_dir/target-arm_cortex-a7_musl_eabi/libnftnl-1.3.1=libnftnl-1.3.1 -flto=auto -fno-fat-lto-objects -Wl,-z,max-page-size=4096 -Wformat -Werror=format-security -fstack-protector -D_FORTIFY_SOURCE=1 -Wl,-z,now -Wl,-z,relro -DPIC -fpic -c trace.c -o trace.o >/dev/null 2>&1
/bin/bash ../libtool  --tag=CC   --mode=compile arm-openwrt-linux-muslgnueabi-gcc -DHAVE_CONFIG_H -I. -I..  -D_FILE_OFFSET_BITS=64 -D_REENTRANT -I../include -I/home/oleg/openwrt/staging_dir/target-arm_cortex-a7_musl_eabi/usr/include  -I/home/oleg/openwrt/staging_dir/toolchain-arm_cortex-a7_gcc-14.4.0_musl_eabi/usr/include -I/home/oleg/openwrt/staging_dir/toolchain-arm_cortex-a7_gcc-14.4.0_musl_eabi/include -I/home/oleg/openwrt/staging_dir/toolchain-arm_cortex-a7_gcc-14.4.0_musl_eabi/include/fortify  -Wall -Waggregate-return -Wmissing-declarations 	-Wmissing-prototypes -Wshadow -Wstrict-prototypes 	-Wformat=2 -Wwrite-strings -pipe -fvisibility=hidden -Os -pipe -fno-caller-saves -fno-plt -fhonour-copts -mfloat-abi=soft -fmacro-prefix-map=/home/oleg/openwrt/build_dir/target-arm_cortex-a7_musl_eabi/libnftnl-1.3.1=libnftnl-1.3.1 -flto=auto -fno-fat-lto-objects -Wl,-z,max-page-size=4096 -Wformat -Werror=format-security -fstack-protector -D_FORTIFY_SOURCE=1 -Wl,-z,now -Wl,-z,relro -DPIC -fpic  -c -o udata.lo udata.c
libtool: compile:  arm-openwrt-linux-muslgnueabi-gcc -DHAVE_CONFIG_H -I. -I.. -D_FILE_OFFSET_BITS=64 -D_REENTRANT -I../include -I/home/oleg/openwrt/staging_dir/target-arm_cortex-a7_musl_eabi/usr/include -I/home/oleg/openwrt/staging_dir/toolchain-arm_cortex-a7_gcc-14.4.0_musl_eabi/usr/include -I/home/oleg/openwrt/staging_dir/toolchain-arm_cortex-a7_gcc-14.4.0_musl_eabi/include -I/home/oleg/openwrt/staging_dir/toolchain-arm_cortex-a7_gcc-14.4.0_musl_eabi/include/fortify -Wall -Waggregate-return -Wmissing-declarations -Wmissing-prototypes -Wshadow -Wstrict-prototypes -Wformat=2 -Wwrite-strings -pipe -fvisibility=hidden -Os -pipe -fno-caller-saves -fno-plt -fhonour-copts -mfloat-abi=soft -fmacro-prefix-map=/home/oleg/openwrt/build_dir/target-arm_cortex-a7_musl_eabi/libnftnl-1.3.1=libnftnl-1.3.1 -flto=auto -fno-fat-lto-objects -Wl,-z,max-page-size=4096 -Wformat -Werror=format-security -fstack-protector -D_FORTIFY_SOURCE=1 -Wl,-z,now -Wl,-z,relro -DPIC -fpic -c flowtable.c -o flowtable.o >/dev/null 2>&1
libtool: compile:  arm-openwrt-linux-muslgnueabi-gcc -DHAVE_CONFIG_H -I. -I.. -D_FILE_OFFSET_BITS=64 -D_REENTRANT -I../include -I/home/oleg/openwrt/staging_dir/target-arm_cortex-a7_musl_eabi/usr/include -I/home/oleg/openwrt/staging_dir/toolchain-arm_cortex-a7_gcc-14.4.0_musl_eabi/usr/include -I/home/oleg/openwrt/staging_dir/toolchain-arm_cortex-a7_gcc-14.4.0_musl_eabi/include -I/home/oleg/openwrt/staging_dir/toolchain-arm_cortex-a7_gcc-14.4.0_musl_eabi/include/fortify -Wall -Waggregate-return -Wmissing-declarations -Wmissing-prototypes -Wshadow -Wstrict-prototypes -Wformat=2 -Wwrite-strings -pipe -fvisibility=hidden -Os -pipe -fno-caller-saves -fno-plt -fhonour-copts -mfloat-abi=soft -fmacro-prefix-map=/home/oleg/openwrt/build_dir/target-arm_cortex-a7_musl_eabi/libnftnl-1.3.1=libnftnl-1.3.1 -flto=auto -fno-fat-lto-objects -Wl,-z,max-page-size=4096 -Wformat -Werror=format-security -fstack-protector -D_FORTIFY_SOURCE=1 -Wl,-z,now -Wl,-z,relro -DPIC -fpic -c table.c -o table.o >/dev/null 2>&1
/bin/bash ../libtool  --tag=CC   --mode=compile arm-openwrt-linux-muslgnueabi-gcc -DHAVE_CONFIG_H -I. -I..  -D_FILE_OFFSET_BITS=64 -D_REENTRANT -I../include -I/home/oleg/openwrt/staging_dir/target-arm_cortex-a7_musl_eabi/usr/include  -I/home/oleg/openwrt/staging_dir/toolchain-arm_cortex-a7_gcc-14.4.0_musl_eabi/usr/include -I/home/oleg/openwrt/staging_dir/toolchain-arm_cortex-a7_gcc-14.4.0_musl_eabi/include -I/home/oleg/openwrt/staging_dir/toolchain-arm_cortex-a7_gcc-14.4.0_musl_eabi/include/fortify  -Wall -Waggregate-return -Wmissing-declarations 	-Wmissing-prototypes -Wshadow -Wstrict-prototypes 	-Wformat=2 -Wwrite-strings -pipe -fvisibility=hidden -Os -pipe -fno-caller-saves -fno-plt -fhonour-copts -mfloat-abi=soft -fmacro-prefix-map=/home/oleg/openwrt/build_dir/target-arm_cortex-a7_musl_eabi/libnftnl-1.3.1=libnftnl-1.3.1 -flto=auto -fno-fat-lto-objects -Wl,-z,max-page-size=4096 -Wformat -Werror=format-security -fstack-protector -D_FORTIFY_SOURCE=1 -Wl,-z,now -Wl,-z,relro -DPIC -fpic  -c -o expr.lo expr.c
libtool: compile:  arm-openwrt-linux-muslgnueabi-gcc -DHAVE_CONFIG_H -I. -I.. -D_FILE_OFFSET_BITS=64 -D_REENTRANT -I../include -I/home/oleg/openwrt/staging_dir/target-arm_cortex-a7_musl_eabi/usr/include -I/home/oleg/openwrt/staging_dir/toolchain-arm_cortex-a7_gcc-14.4.0_musl_eabi/usr/include -I/home/oleg/openwrt/staging_dir/toolchain-arm_cortex-a7_gcc-14.4.0_musl_eabi/include -I/home/oleg/openwrt/staging_dir/toolchain-arm_cortex-a7_gcc-14.4.0_musl_eabi/include/fortify -Wall -Waggregate-return -Wmissing-declarations -Wmissing-prototypes -Wshadow -Wstrict-prototypes -Wformat=2 -Wwrite-strings -pipe -fvisibility=hidden -Os -pipe -fno-caller-saves -fno-plt -fhonour-copts -mfloat-abi=soft -fmacro-prefix-map=/home/oleg/openwrt/build_dir/target-arm_cortex-a7_musl_eabi/libnftnl-1.3.1=libnftnl-1.3.1 -flto=auto -fno-fat-lto-objects -Wl,-z,max-page-size=4096 -Wformat -Werror=format-security -fstack-protector -D_FORTIFY_SOURCE=1 -Wl,-z,now -Wl,-z,relro -DPIC -fpic -c object.c -o object.o >/dev/null 2>&1
/bin/bash ../libtool  --tag=CC   --mode=compile arm-openwrt-linux-muslgnueabi-gcc -DHAVE_CONFIG_H -I. -I..  -D_FILE_OFFSET_BITS=64 -D_REENTRANT -I../include -I/home/oleg/openwrt/staging_dir/target-arm_cortex-a7_musl_eabi/usr/include  -I/home/oleg/openwrt/staging_dir/toolchain-arm_cortex-a7_gcc-14.4.0_musl_eabi/usr/include -I/home/oleg/openwrt/staging_dir/toolchain-arm_cortex-a7_gcc-14.4.0_musl_eabi/include -I/home/oleg/openwrt/staging_dir/toolchain-arm_cortex-a7_gcc-14.4.0_musl_eabi/include/fortify  -Wall -Waggregate-return -Wmissing-declarations 	-Wmissing-prototypes -Wshadow -Wstrict-prototypes 	-Wformat=2 -Wwrite-strings -pipe -fvisibility=hidden -Os -pipe -fno-caller-saves -fno-plt -fhonour-copts -mfloat-abi=soft -fmacro-prefix-map=/home/oleg/openwrt/build_dir/target-arm_cortex-a7_musl_eabi/libnftnl-1.3.1=libnftnl-1.3.1 -flto=auto -fno-fat-lto-objects -Wl,-z,max-page-size=4096 -Wformat -Werror=format-security -fstack-protector -D_FORTIFY_SOURCE=1 -Wl,-z,now -Wl,-z,relro -DPIC -fpic  -c -o expr_ops.lo expr_ops.c
libtool: compile:  arm-openwrt-linux-muslgnueabi-gcc -DHAVE_CONFIG_H -I. -I.. -D_FILE_OFFSET_BITS=64 -D_REENTRANT -I../include -I/home/oleg/openwrt/staging_dir/target-arm_cortex-a7_musl_eabi/usr/include -I/home/oleg/openwrt/staging_dir/toolchain-arm_cortex-a7_gcc-14.4.0_musl_eabi/usr/include -I/home/oleg/openwrt/staging_dir/toolchain-arm_cortex-a7_gcc-14.4.0_musl_eabi/include -I/home/oleg/openwrt/staging_dir/toolchain-arm_cortex-a7_gcc-14.4.0_musl_eabi/include/fortify -Wall -Waggregate-return -Wmissing-declarations -Wmissing-prototypes -Wshadow -Wstrict-prototypes -Wformat=2 -Wwrite-strings -pipe -fvisibility=hidden -Os -pipe -fno-caller-saves -fno-plt -fhonour-copts -mfloat-abi=soft -fmacro-prefix-map=/home/oleg/openwrt/build_dir/target-arm_cortex-a7_musl_eabi/libnftnl-1.3.1=libnftnl-1.3.1 -flto=auto -fno-fat-lto-objects -Wl,-z,max-page-size=4096 -Wformat -Werror=format-security -fstack-protector -D_FORTIFY_SOURCE=1 -Wl,-z,now -Wl,-z,relro -DPIC -fpic -c rule.c -o rule.o >/dev/null 2>&1
libtool: compile:  arm-openwrt-linux-muslgnueabi-gcc -DHAVE_CONFIG_H -I. -I.. -D_FILE_OFFSET_BITS=64 -D_REENTRANT -I../include -I/home/oleg/openwrt/staging_dir/target-arm_cortex-a7_musl_eabi/usr/include -I/home/oleg/openwrt/staging_dir/toolchain-arm_cortex-a7_gcc-14.4.0_musl_eabi/usr/include -I/home/oleg/openwrt/staging_dir/toolchain-arm_cortex-a7_gcc-14.4.0_musl_eabi/include -I/home/oleg/openwrt/staging_dir/toolchain-arm_cortex-a7_gcc-14.4.0_musl_eabi/include/fortify -Wall -Waggregate-return -Wmissing-declarations -Wmissing-prototypes -Wshadow -Wstrict-prototypes -Wformat=2 -Wwrite-strings -pipe -fvisibility=hidden -Os -pipe -fno-caller-saves -fno-plt -fhonour-copts -mfloat-abi=soft -fmacro-prefix-map=/home/oleg/openwrt/build_dir/target-arm_cortex-a7_musl_eabi/libnftnl-1.3.1=libnftnl-1.3.1 -flto=auto -fno-fat-lto-objects -Wl,-z,max-page-size=4096 -Wformat -Werror=format-security -fstack-protector -D_FORTIFY_SOURCE=1 -Wl,-z,now -Wl,-z,relro -DPIC -fpic -c set_elem.c -o set_elem.o >/dev/null 2>&1
libtool: compile:  arm-openwrt-linux-muslgnueabi-gcc -DHAVE_CONFIG_H -I. -I.. -D_FILE_OFFSET_BITS=64 -D_REENTRANT -I../include -I/home/oleg/openwrt/staging_dir/target-arm_cortex-a7_musl_eabi/usr/include -I/home/oleg/openwrt/staging_dir/toolchain-arm_cortex-a7_gcc-14.4.0_musl_eabi/usr/include -I/home/oleg/openwrt/staging_dir/toolchain-arm_cortex-a7_gcc-14.4.0_musl_eabi/include -I/home/oleg/openwrt/staging_dir/toolchain-arm_cortex-a7_gcc-14.4.0_musl_eabi/include/fortify -Wall -Waggregate-return -Wmissing-declarations -Wmissing-prototypes -Wshadow -Wstrict-prototypes -Wformat=2 -Wwrite-strings -pipe -fvisibility=hidden -Os -pipe -fno-caller-saves -fno-plt -fhonour-copts -mfloat-abi=soft -fmacro-prefix-map=/home/oleg/openwrt/build_dir/target-arm_cortex-a7_musl_eabi/libnftnl-1.3.1=libnftnl-1.3.1 -flto=auto -fno-fat-lto-objects -Wl,-z,max-page-size=4096 -Wformat -Werror=format-security -fstack-protector -D_FORTIFY_SOURCE=1 -Wl,-z,now -Wl,-z,relro -DPIC -fpic -c chain.c -o chain.o >/dev/null 2>&1
libtool: compile:  arm-openwrt-linux-muslgnueabi-gcc -DHAVE_CONFIG_H -I. -I.. -D_FILE_OFFSET_BITS=64 -D_REENTRANT -I../include -I/home/oleg/openwrt/staging_dir/target-arm_cortex-a7_musl_eabi/usr/include -I/home/oleg/openwrt/staging_dir/toolchain-arm_cortex-a7_gcc-14.4.0_musl_eabi/usr/include -I/home/oleg/openwrt/staging_dir/toolchain-arm_cortex-a7_gcc-14.4.0_musl_eabi/include -I/home/oleg/openwrt/staging_dir/toolchain-arm_cortex-a7_gcc-14.4.0_musl_eabi/include/fortify -Wall -Waggregate-return -Wmissing-declarations -Wmissing-prototypes -Wshadow -Wstrict-prototypes -Wformat=2 -Wwrite-strings -pipe -fvisibility=hidden -Os -pipe -fno-caller-saves -fno-plt -fhonour-copts -mfloat-abi=soft -fmacro-prefix-map=/home/oleg/openwrt/build_dir/target-arm_cortex-a7_musl_eabi/libnftnl-1.3.1=libnftnl-1.3.1 -flto=auto -fno-fat-lto-objects -Wl,-z,max-page-size=4096 -Wformat -Werror=format-security -fstack-protector -D_FORTIFY_SOURCE=1 -Wl,-z,now -Wl,-z,relro -DPIC -fpic -c ruleset.c -o ruleset.o >/dev/null 2>&1
/bin/bash ../libtool  --tag=CC   --mode=compile arm-openwrt-linux-muslgnueabi-gcc -DHAVE_CONFIG_H -I. -I..  -D_FILE_OFFSET_BITS=64 -D_REENTRANT -I../include -I/home/oleg/openwrt/staging_dir/target-arm_cortex-a7_musl_eabi/usr/include  -I/home/oleg/openwrt/staging_dir/toolchain-arm_cortex-a7_gcc-14.4.0_musl_eabi/usr/include -I/home/oleg/openwrt/staging_dir/toolchain-arm_cortex-a7_gcc-14.4.0_musl_eabi/include -I/home/oleg/openwrt/staging_dir/toolchain-arm_cortex-a7_gcc-14.4.0_musl_eabi/include/fortify  -Wall -Waggregate-return -Wmissing-declarations 	-Wmissing-prototypes -Wshadow -Wstrict-prototypes 	-Wformat=2 -Wwrite-strings -pipe -fvisibility=hidden -Os -pipe -fno-caller-saves -fno-plt -fhonour-copts -mfloat-abi=soft -fmacro-prefix-map=/home/oleg/openwrt/build_dir/target-arm_cortex-a7_musl_eabi/libnftnl-1.3.1=libnftnl-1.3.1 -flto=auto -fno-fat-lto-objects -Wl,-z,max-page-size=4096 -Wformat -Werror=format-security -fstack-protector -D_FORTIFY_SOURCE=1 -Wl,-z,now -Wl,-z,relro -DPIC -fpic  -c -o expr/bitwise.lo expr/bitwise.c
/bin/bash ../libtool  --tag=CC   --mode=compile arm-openwrt-linux-muslgnueabi-gcc -DHAVE_CONFIG_H -I. -I..  -D_FILE_OFFSET_BITS=64 -D_REENTRANT -I../include -I/home/oleg/openwrt/staging_dir/target-arm_cortex-a7_musl_eabi/usr/include  -I/home/oleg/openwrt/staging_dir/toolchain-arm_cortex-a7_gcc-14.4.0_musl_eabi/usr/include -I/home/oleg/openwrt/staging_dir/toolchain-arm_cortex-a7_gcc-14.4.0_musl_eabi/include -I/home/oleg/openwrt/staging_dir/toolchain-arm_cortex-a7_gcc-14.4.0_musl_eabi/include/fortify  -Wall -Waggregate-return -Wmissing-declarations 	-Wmissing-prototypes -Wshadow -Wstrict-prototypes 	-Wformat=2 -Wwrite-strings -pipe -fvisibility=hidden -Os -pipe -fno-caller-saves -fno-plt -fhonour-copts -mfloat-abi=soft -fmacro-prefix-map=/home/oleg/openwrt/build_dir/target-arm_cortex-a7_musl_eabi/libnftnl-1.3.1=libnftnl-1.3.1 -flto=auto -fno-fat-lto-objects -Wl,-z,max-page-size=4096 -Wformat -Werror=format-security -fstack-protector -D_FORTIFY_SOURCE=1 -Wl,-z,now -Wl,-z,relro -DPIC -fpic  -c -o expr/byteorder.lo expr/byteorder.c
libtool: compile:  arm-openwrt-linux-muslgnueabi-gcc -DHAVE_CONFIG_H -I. -I.. -D_FILE_OFFSET_BITS=64 -D_REENTRANT -I../include -I/home/oleg/openwrt/staging_dir/target-arm_cortex-a7_musl_eabi/usr/include -I/home/oleg/openwrt/staging_dir/toolchain-arm_cortex-a7_gcc-14.4.0_musl_eabi/usr/include -I/home/oleg/openwrt/staging_dir/toolchain-arm_cortex-a7_gcc-14.4.0_musl_eabi/include -I/home/oleg/openwrt/staging_dir/toolchain-arm_cortex-a7_gcc-14.4.0_musl_eabi/include/fortify -Wall -Waggregate-return -Wmissing-declarations -Wmissing-prototypes -Wshadow -Wstrict-prototypes -Wformat=2 -Wwrite-strings -pipe -fvisibility=hidden -Os -pipe -fno-caller-saves -fno-plt -fhonour-copts -mfloat-abi=soft -fmacro-prefix-map=/home/oleg/openwrt/build_dir/target-arm_cortex-a7_musl_eabi/libnftnl-1.3.1=libnftnl-1.3.1 -flto=auto -fno-fat-lto-objects -Wl,-z,max-page-size=4096 -Wformat -Werror=format-security -fstack-protector -D_FORTIFY_SOURCE=1 -Wl,-z,now -Wl,-z,relro -DPIC -fpic -c set.c -o set.o >/dev/null 2>&1
/bin/bash ../libtool  --tag=CC   --mode=compile arm-openwrt-linux-muslgnueabi-gcc -DHAVE_CONFIG_H -I. -I..  -D_FILE_OFFSET_BITS=64 -D_REENTRANT -I../include -I/home/oleg/openwrt/staging_dir/target-arm_cortex-a7_musl_eabi/usr/include  -I/home/oleg/openwrt/staging_dir/toolchain-arm_cortex-a7_gcc-14.4.0_musl_eabi/usr/include -I/home/oleg/openwrt/staging_dir/toolchain-arm_cortex-a7_gcc-14.4.0_musl_eabi/include -I/home/oleg/openwrt/staging_dir/toolchain-arm_cortex-a7_gcc-14.4.0_musl_eabi/include/fortify  -Wall -Waggregate-return -Wmissing-declarations 	-Wmissing-prototypes -Wshadow -Wstrict-prototypes 	-Wformat=2 -Wwrite-strings -pipe -fvisibility=hidden -Os -pipe -fno-caller-saves -fno-plt -fhonour-copts -mfloat-abi=soft -fmacro-prefix-map=/home/oleg/openwrt/build_dir/target-arm_cortex-a7_musl_eabi/libnftnl-1.3.1=libnftnl-1.3.1 -flto=auto -fno-fat-lto-objects -Wl,-z,max-page-size=4096 -Wformat -Werror=format-security -fstack-protector -D_FORTIFY_SOURCE=1 -Wl,-z,now -Wl,-z,relro -DPIC -fpic  -c -o expr/cmp.lo expr/cmp.c
libtool: compile:  arm-openwrt-linux-muslgnueabi-gcc -DHAVE_CONFIG_H -I. -I.. -D_FILE_OFFSET_BITS=64 -D_REENTRANT -I../include -I/home/oleg/openwrt/staging_dir/target-arm_cortex-a7_musl_eabi/usr/include -I/home/oleg/openwrt/staging_dir/toolchain-arm_cortex-a7_gcc-14.4.0_musl_eabi/usr/include -I/home/oleg/openwrt/staging_dir/toolchain-arm_cortex-a7_gcc-14.4.0_musl_eabi/include -I/home/oleg/openwrt/staging_dir/toolchain-arm_cortex-a7_gcc-14.4.0_musl_eabi/include/fortify -Wall -Waggregate-return -Wmissing-declarations -Wmissing-prototypes -Wshadow -Wstrict-prototypes -Wformat=2 -Wwrite-strings -pipe -fvisibility=hidden -Os -pipe -fno-caller-saves -fno-plt -fhonour-copts -mfloat-abi=soft -fmacro-prefix-map=/home/oleg/openwrt/build_dir/target-arm_cortex-a7_musl_eabi/libnftnl-1.3.1=libnftnl-1.3.1 -flto=auto -fno-fat-lto-objects -Wl,-z,max-page-size=4096 -Wformat -Werror=format-security -fstack-protector -D_FORTIFY_SOURCE=1 -Wl,-z,now -Wl,-z,relro -DPIC -fpic -c expr.c  -fPIC -DPIC -o .libs/expr.o
libtool: compile:  arm-openwrt-linux-muslgnueabi-gcc -DHAVE_CONFIG_H -I. -I.. -D_FILE_OFFSET_BITS=64 -D_REENTRANT -I../include -I/home/oleg/openwrt/staging_dir/target-arm_cortex-a7_musl_eabi/usr/include -I/home/oleg/openwrt/staging_dir/toolchain-arm_cortex-a7_gcc-14.4.0_musl_eabi/usr/include -I/home/oleg/openwrt/staging_dir/toolchain-arm_cortex-a7_gcc-14.4.0_musl_eabi/include -I/home/oleg/openwrt/staging_dir/toolchain-arm_cortex-a7_gcc-14.4.0_musl_eabi/include/fortify -Wall -Waggregate-return -Wmissing-declarations -Wmissing-prototypes -Wshadow -Wstrict-prototypes -Wformat=2 -Wwrite-strings -pipe -fvisibility=hidden -Os -pipe -fno-caller-saves -fno-plt -fhonour-copts -mfloat-abi=soft -fmacro-prefix-map=/home/oleg/openwrt/build_dir/target-arm_cortex-a7_musl_eabi/libnftnl-1.3.1=libnftnl-1.3.1 -flto=auto -fno-fat-lto-objects -Wl,-z,max-page-size=4096 -Wformat -Werror=format-security -fstack-protector -D_FORTIFY_SOURCE=1 -Wl,-z,now -Wl,-z,relro -DPIC -fpic -c udata.c  -fPIC -DPIC -o .libs/udata.o
/bin/bash ../libtool  --tag=CC   --mode=compile arm-openwrt-linux-muslgnueabi-gcc -DHAVE_CONFIG_H -I. -I..  -D_FILE_OFFSET_BITS=64 -D_REENTRANT -I../include -I/home/oleg/openwrt/staging_dir/target-arm_cortex-a7_musl_eabi/usr/include  -I/home/oleg/openwrt/staging_dir/toolchain-arm_cortex-a7_gcc-14.4.0_musl_eabi/usr/include -I/home/oleg/openwrt/staging_dir/toolchain-arm_cortex-a7_gcc-14.4.0_musl_eabi/include -I/home/oleg/openwrt/staging_dir/toolchain-arm_cortex-a7_gcc-14.4.0_musl_eabi/include/fortify  -Wall -Waggregate-return -Wmissing-declarations 	-Wmissing-prototypes -Wshadow -Wstrict-prototypes 	-Wformat=2 -Wwrite-strings -pipe -fvisibility=hidden -Os -pipe -fno-caller-saves -fno-plt -fhonour-copts -mfloat-abi=soft -fmacro-prefix-map=/home/oleg/openwrt/build_dir/target-arm_cortex-a7_musl_eabi/libnftnl-1.3.1=libnftnl-1.3.1 -flto=auto -fno-fat-lto-objects -Wl,-z,max-page-size=4096 -Wformat -Werror=format-security -fstack-protector -D_FORTIFY_SOURCE=1 -Wl,-z,now -Wl,-z,relro -DPIC -fpic  -c -o expr/range.lo expr/range.c
/bin/bash ../libtool  --tag=CC   --mode=compile arm-openwrt-linux-muslgnueabi-gcc -DHAVE_CONFIG_H -I. -I..  -D_FILE_OFFSET_BITS=64 -D_REENTRANT -I../include -I/home/oleg/openwrt/staging_dir/target-arm_cortex-a7_musl_eabi/usr/include  -I/home/oleg/openwrt/staging_dir/toolchain-arm_cortex-a7_gcc-14.4.0_musl_eabi/usr/include -I/home/oleg/openwrt/staging_dir/toolchain-arm_cortex-a7_gcc-14.4.0_musl_eabi/include -I/home/oleg/openwrt/staging_dir/toolchain-arm_cortex-a7_gcc-14.4.0_musl_eabi/include/fortify  -Wall -Waggregate-return -Wmissing-declarations 	-Wmissing-prototypes -Wshadow -Wstrict-prototypes 	-Wformat=2 -Wwrite-strings -pipe -fvisibility=hidden -Os -pipe -fno-caller-saves -fno-plt -fhonour-copts -mfloat-abi=soft -fmacro-prefix-map=/home/oleg/openwrt/build_dir/target-arm_cortex-a7_musl_eabi/libnftnl-1.3.1=libnftnl-1.3.1 -flto=auto -fno-fat-lto-objects -Wl,-z,max-page-size=4096 -Wformat -Werror=format-security -fstack-protector -D_FORTIFY_SOURCE=1 -Wl,-z,now -Wl,-z,relro -DPIC -fpic  -c -o expr/connlimit.lo expr/connlimit.c
libtool: compile:  arm-openwrt-linux-muslgnueabi-gcc -DHAVE_CONFIG_H -I. -I.. -D_FILE_OFFSET_BITS=64 -D_REENTRANT -I../include -I/home/oleg/openwrt/staging_dir/target-arm_cortex-a7_musl_eabi/usr/include -I/home/oleg/openwrt/staging_dir/toolchain-arm_cortex-a7_gcc-14.4.0_musl_eabi/usr/include -I/home/oleg/openwrt/staging_dir/toolchain-arm_cortex-a7_gcc-14.4.0_musl_eabi/include -I/home/oleg/openwrt/staging_dir/toolchain-arm_cortex-a7_gcc-14.4.0_musl_eabi/include/fortify -Wall -Waggregate-return -Wmissing-declarations -Wmissing-prototypes -Wshadow -Wstrict-prototypes -Wformat=2 -Wwrite-strings -pipe -fvisibility=hidden -Os -pipe -fno-caller-saves -fno-plt -fhonour-copts -mfloat-abi=soft -fmacro-prefix-map=/home/oleg/openwrt/build_dir/target-arm_cortex-a7_musl_eabi/libnftnl-1.3.1=libnftnl-1.3.1 -flto=auto -fno-fat-lto-objects -Wl,-z,max-page-size=4096 -Wformat -Werror=format-security -fstack-protector -D_FORTIFY_SOURCE=1 -Wl,-z,now -Wl,-z,relro -DPIC -fpic -c expr_ops.c  -fPIC -DPIC -o .libs/expr_ops.o
/bin/bash ../libtool  --tag=CC   --mode=compile arm-openwrt-linux-muslgnueabi-gcc -DHAVE_CONFIG_H -I. -I..  -D_FILE_OFFSET_BITS=64 -D_REENTRANT -I../include -I/home/oleg/openwrt/staging_dir/target-arm_cortex-a7_musl_eabi/usr/include  -I/home/oleg/openwrt/staging_dir/toolchain-arm_cortex-a7_gcc-14.4.0_musl_eabi/usr/include -I/home/oleg/openwrt/staging_dir/toolchain-arm_cortex-a7_gcc-14.4.0_musl_eabi/include -I/home/oleg/openwrt/staging_dir/toolchain-arm_cortex-a7_gcc-14.4.0_musl_eabi/include/fortify  -Wall -Waggregate-return -Wmissing-declarations 	-Wmissing-prototypes -Wshadow -Wstrict-prototypes 	-Wformat=2 -Wwrite-strings -pipe -fvisibility=hidden -Os -pipe -fno-caller-saves -fno-plt -fhonour-copts -mfloat-abi=soft -fmacro-prefix-map=/home/oleg/openwrt/build_dir/target-arm_cortex-a7_musl_eabi/libnftnl-1.3.1=libnftnl-1.3.1 -flto=auto -fno-fat-lto-objects -Wl,-z,max-page-size=4096 -Wformat -Werror=format-security -fstack-protector -D_FORTIFY_SOURCE=1 -Wl,-z,now -Wl,-z,relro -DPIC -fpic  -c -o expr/counter.lo expr/counter.c
libtool: compile:  arm-openwrt-linux-muslgnueabi-gcc -DHAVE_CONFIG_H -I. -I.. -D_FILE_OFFSET_BITS=64 -D_REENTRANT -I../include -I/home/oleg/openwrt/staging_dir/target-arm_cortex-a7_musl_eabi/usr/include -I/home/oleg/openwrt/staging_dir/toolchain-arm_cortex-a7_gcc-14.4.0_musl_eabi/usr/include -I/home/oleg/openwrt/staging_dir/toolchain-arm_cortex-a7_gcc-14.4.0_musl_eabi/include -I/home/oleg/openwrt/staging_dir/toolchain-arm_cortex-a7_gcc-14.4.0_musl_eabi/include/fortify -Wall -Waggregate-return -Wmissing-declarations -Wmissing-prototypes -Wshadow -Wstrict-prototypes -Wformat=2 -Wwrite-strings -pipe -fvisibility=hidden -Os -pipe -fno-caller-saves -fno-plt -fhonour-copts -mfloat-abi=soft -fmacro-prefix-map=/home/oleg/openwrt/build_dir/target-arm_cortex-a7_musl_eabi/libnftnl-1.3.1=libnftnl-1.3.1 -flto=auto -fno-fat-lto-objects -Wl,-z,max-page-size=4096 -Wformat -Werror=format-security -fstack-protector -D_FORTIFY_SOURCE=1 -Wl,-z,now -Wl,-z,relro -DPIC -fpic -c udata.c -o udata.o >/dev/null 2>&1
/bin/bash ../libtool  --tag=CC   --mode=compile arm-openwrt-linux-muslgnueabi-gcc -DHAVE_CONFIG_H -I. -I..  -D_FILE_OFFSET_BITS=64 -D_REENTRANT -I../include -I/home/oleg/openwrt/staging_dir/target-arm_cortex-a7_musl_eabi/usr/include  -I/home/oleg/openwrt/staging_dir/toolchain-arm_cortex-a7_gcc-14.4.0_musl_eabi/usr/include -I/home/oleg/openwrt/staging_dir/toolchain-arm_cortex-a7_gcc-14.4.0_musl_eabi/include -I/home/oleg/openwrt/staging_dir/toolchain-arm_cortex-a7_gcc-14.4.0_musl_eabi/include/fortify  -Wall -Waggregate-return -Wmissing-declarations 	-Wmissing-prototypes -Wshadow -Wstrict-prototypes 	-Wformat=2 -Wwrite-strings -pipe -fvisibility=hidden -Os -pipe -fno-caller-saves -fno-plt -fhonour-copts -mfloat-abi=soft -fmacro-prefix-map=/home/oleg/openwrt/build_dir/target-arm_cortex-a7_musl_eabi/libnftnl-1.3.1=libnftnl-1.3.1 -flto=auto -fno-fat-lto-objects -Wl,-z,max-page-size=4096 -Wformat -Werror=format-security -fstack-protector -D_FORTIFY_SOURCE=1 -Wl,-z,now -Wl,-z,relro -DPIC -fpic  -c -o expr/ct.lo expr/ct.c
libtool: compile:  arm-openwrt-linux-muslgnueabi-gcc -DHAVE_CONFIG_H -I. -I.. -D_FILE_OFFSET_BITS=64 -D_REENTRANT -I../include -I/home/oleg/openwrt/staging_dir/target-arm_cortex-a7_musl_eabi/usr/include -I/home/oleg/openwrt/staging_dir/toolchain-arm_cortex-a7_gcc-14.4.0_musl_eabi/usr/include -I/home/oleg/openwrt/staging_dir/toolchain-arm_cortex-a7_gcc-14.4.0_musl_eabi/include -I/home/oleg/openwrt/staging_dir/toolchain-arm_cortex-a7_gcc-14.4.0_musl_eabi/include/fortify -Wall -Waggregate-return -Wmissing-declarations -Wmissing-prototypes -Wshadow -Wstrict-prototypes -Wformat=2 -Wwrite-strings -pipe -fvisibility=hidden -Os -pipe -fno-caller-saves -fno-plt -fhonour-copts -mfloat-abi=soft -fmacro-prefix-map=/home/oleg/openwrt/build_dir/target-arm_cortex-a7_musl_eabi/libnftnl-1.3.1=libnftnl-1.3.1 -flto=auto -fno-fat-lto-objects -Wl,-z,max-page-size=4096 -Wformat -Werror=format-security -fstack-protector -D_FORTIFY_SOURCE=1 -Wl,-z,now -Wl,-z,relro -DPIC -fpic -c expr/byteorder.c  -fPIC -DPIC -o expr/.libs/byteorder.o
libtool: compile:  arm-openwrt-linux-muslgnueabi-gcc -DHAVE_CONFIG_H -I. -I.. -D_FILE_OFFSET_BITS=64 -D_REENTRANT -I../include -I/home/oleg/openwrt/staging_dir/target-arm_cortex-a7_musl_eabi/usr/include -I/home/oleg/openwrt/staging_dir/toolchain-arm_cortex-a7_gcc-14.4.0_musl_eabi/usr/include -I/home/oleg/openwrt/staging_dir/toolchain-arm_cortex-a7_gcc-14.4.0_musl_eabi/include -I/home/oleg/openwrt/staging_dir/toolchain-arm_cortex-a7_gcc-14.4.0_musl_eabi/include/fortify -Wall -Waggregate-return -Wmissing-declarations -Wmissing-prototypes -Wshadow -Wstrict-prototypes -Wformat=2 -Wwrite-strings -pipe -fvisibility=hidden -Os -pipe -fno-caller-saves -fno-plt -fhonour-copts -mfloat-abi=soft -fmacro-prefix-map=/home/oleg/openwrt/build_dir/target-arm_cortex-a7_musl_eabi/libnftnl-1.3.1=libnftnl-1.3.1 -flto=auto -fno-fat-lto-objects -Wl,-z,max-page-size=4096 -Wformat -Werror=format-security -fstack-protector -D_FORTIFY_SOURCE=1 -Wl,-z,now -Wl,-z,relro -DPIC -fpic -c expr/bitwise.c  -fPIC -DPIC -o expr/.libs/bitwise.o
libtool: compile:  arm-openwrt-linux-muslgnueabi-gcc -DHAVE_CONFIG_H -I. -I.. -D_FILE_OFFSET_BITS=64 -D_REENTRANT -I../include -I/home/oleg/openwrt/staging_dir/target-arm_cortex-a7_musl_eabi/usr/include -I/home/oleg/openwrt/staging_dir/toolchain-arm_cortex-a7_gcc-14.4.0_musl_eabi/usr/include -I/home/oleg/openwrt/staging_dir/toolchain-arm_cortex-a7_gcc-14.4.0_musl_eabi/include -I/home/oleg/openwrt/staging_dir/toolchain-arm_cortex-a7_gcc-14.4.0_musl_eabi/include/fortify -Wall -Waggregate-return -Wmissing-declarations -Wmissing-prototypes -Wshadow -Wstrict-prototypes -Wformat=2 -Wwrite-strings -pipe -fvisibility=hidden -Os -pipe -fno-caller-saves -fno-plt -fhonour-copts -mfloat-abi=soft -fmacro-prefix-map=/home/oleg/openwrt/build_dir/target-arm_cortex-a7_musl_eabi/libnftnl-1.3.1=libnftnl-1.3.1 -flto=auto -fno-fat-lto-objects -Wl,-z,max-page-size=4096 -Wformat -Werror=format-security -fstack-protector -D_FORTIFY_SOURCE=1 -Wl,-z,now -Wl,-z,relro -DPIC -fpic -c expr.c -o expr.o >/dev/null 2>&1
libtool: compile:  arm-openwrt-linux-muslgnueabi-gcc -DHAVE_CONFIG_H -I. -I.. -D_FILE_OFFSET_BITS=64 -D_REENTRANT -I../include -I/home/oleg/openwrt/staging_dir/target-arm_cortex-a7_musl_eabi/usr/include -I/home/oleg/openwrt/staging_dir/toolchain-arm_cortex-a7_gcc-14.4.0_musl_eabi/usr/include -I/home/oleg/openwrt/staging_dir/toolchain-arm_cortex-a7_gcc-14.4.0_musl_eabi/include -I/home/oleg/openwrt/staging_dir/toolchain-arm_cortex-a7_gcc-14.4.0_musl_eabi/include/fortify -Wall -Waggregate-return -Wmissing-declarations -Wmissing-prototypes -Wshadow -Wstrict-prototypes -Wformat=2 -Wwrite-strings -pipe -fvisibility=hidden -Os -pipe -fno-caller-saves -fno-plt -fhonour-copts -mfloat-abi=soft -fmacro-prefix-map=/home/oleg/openwrt/build_dir/target-arm_cortex-a7_musl_eabi/libnftnl-1.3.1=libnftnl-1.3.1 -flto=auto -fno-fat-lto-objects -Wl,-z,max-page-size=4096 -Wformat -Werror=format-security -fstack-protector -D_FORTIFY_SOURCE=1 -Wl,-z,now -Wl,-z,relro -DPIC -fpic -c expr/cmp.c  -fPIC -DPIC -o expr/.libs/cmp.o
/bin/bash ../libtool  --tag=CC   --mode=compile arm-openwrt-linux-muslgnueabi-gcc -DHAVE_CONFIG_H -I. -I..  -D_FILE_OFFSET_BITS=64 -D_REENTRANT -I../include -I/home/oleg/openwrt/staging_dir/target-arm_cortex-a7_musl_eabi/usr/include  -I/home/oleg/openwrt/staging_dir/toolchain-arm_cortex-a7_gcc-14.4.0_musl_eabi/usr/include -I/home/oleg/openwrt/staging_dir/toolchain-arm_cortex-a7_gcc-14.4.0_musl_eabi/include -I/home/oleg/openwrt/staging_dir/toolchain-arm_cortex-a7_gcc-14.4.0_musl_eabi/include/fortify  -Wall -Waggregate-return -Wmissing-declarations 	-Wmissing-prototypes -Wshadow -Wstrict-prototypes 	-Wformat=2 -Wwrite-strings -pipe -fvisibility=hidden -Os -pipe -fno-caller-saves -fno-plt -fhonour-copts -mfloat-abi=soft -fmacro-prefix-map=/home/oleg/openwrt/build_dir/target-arm_cortex-a7_musl_eabi/libnftnl-1.3.1=libnftnl-1.3.1 -flto=auto -fno-fat-lto-objects -Wl,-z,max-page-size=4096 -Wformat -Werror=format-security -fstack-protector -D_FORTIFY_SOURCE=1 -Wl,-z,now -Wl,-z,relro -DPIC -fpic  -c -o expr/data_reg.lo expr/data_reg.c
/bin/bash ../libtool  --tag=CC   --mode=compile arm-openwrt-linux-muslgnueabi-gcc -DHAVE_CONFIG_H -I. -I..  -D_FILE_OFFSET_BITS=64 -D_REENTRANT -I../include -I/home/oleg/openwrt/staging_dir/target-arm_cortex-a7_musl_eabi/usr/include  -I/home/oleg/openwrt/staging_dir/toolchain-arm_cortex-a7_gcc-14.4.0_musl_eabi/usr/include -I/home/oleg/openwrt/staging_dir/toolchain-arm_cortex-a7_gcc-14.4.0_musl_eabi/include -I/home/oleg/openwrt/staging_dir/toolchain-arm_cortex-a7_gcc-14.4.0_musl_eabi/include/fortify  -Wall -Waggregate-return -Wmissing-declarations 	-Wmissing-prototypes -Wshadow -Wstrict-prototypes 	-Wformat=2 -Wwrite-strings -pipe -fvisibility=hidden -Os -pipe -fno-caller-saves -fno-plt -fhonour-copts -mfloat-abi=soft -fmacro-prefix-map=/home/oleg/openwrt/build_dir/target-arm_cortex-a7_musl_eabi/libnftnl-1.3.1=libnftnl-1.3.1 -flto=auto -fno-fat-lto-objects -Wl,-z,max-page-size=4096 -Wformat -Werror=format-security -fstack-protector -D_FORTIFY_SOURCE=1 -Wl,-z,now -Wl,-z,relro -DPIC -fpic  -c -o expr/dup.lo expr/dup.c
libtool: compile:  arm-openwrt-linux-muslgnueabi-gcc -DHAVE_CONFIG_H -I. -I.. -D_FILE_OFFSET_BITS=64 -D_REENTRANT -I../include -I/home/oleg/openwrt/staging_dir/target-arm_cortex-a7_musl_eabi/usr/include -I/home/oleg/openwrt/staging_dir/toolchain-arm_cortex-a7_gcc-14.4.0_musl_eabi/usr/include -I/home/oleg/openwrt/staging_dir/toolchain-arm_cortex-a7_gcc-14.4.0_musl_eabi/include -I/home/oleg/openwrt/staging_dir/toolchain-arm_cortex-a7_gcc-14.4.0_musl_eabi/include/fortify -Wall -Waggregate-return -Wmissing-declarations -Wmissing-prototypes -Wshadow -Wstrict-prototypes -Wformat=2 -Wwrite-strings -pipe -fvisibility=hidden -Os -pipe -fno-caller-saves -fno-plt -fhonour-copts -mfloat-abi=soft -fmacro-prefix-map=/home/oleg/openwrt/build_dir/target-arm_cortex-a7_musl_eabi/libnftnl-1.3.1=libnftnl-1.3.1 -flto=auto -fno-fat-lto-objects -Wl,-z,max-page-size=4096 -Wformat -Werror=format-security -fstack-protector -D_FORTIFY_SOURCE=1 -Wl,-z,now -Wl,-z,relro -DPIC -fpic -c expr_ops.c -o expr_ops.o >/dev/null 2>&1
/bin/bash ../libtool  --tag=CC   --mode=compile arm-openwrt-linux-muslgnueabi-gcc -DHAVE_CONFIG_H -I. -I..  -D_FILE_OFFSET_BITS=64 -D_REENTRANT -I../include -I/home/oleg/openwrt/staging_dir/target-arm_cortex-a7_musl_eabi/usr/include  -I/home/oleg/openwrt/staging_dir/toolchain-arm_cortex-a7_gcc-14.4.0_musl_eabi/usr/include -I/home/oleg/openwrt/staging_dir/toolchain-arm_cortex-a7_gcc-14.4.0_musl_eabi/include -I/home/oleg/openwrt/staging_dir/toolchain-arm_cortex-a7_gcc-14.4.0_musl_eabi/include/fortify  -Wall -Waggregate-return -Wmissing-declarations 	-Wmissing-prototypes -Wshadow -Wstrict-prototypes 	-Wformat=2 -Wwrite-strings -pipe -fvisibility=hidden -Os -pipe -fno-caller-saves -fno-plt -fhonour-copts -mfloat-abi=soft -fmacro-prefix-map=/home/oleg/openwrt/build_dir/target-arm_cortex-a7_musl_eabi/libnftnl-1.3.1=libnftnl-1.3.1 -flto=auto -fno-fat-lto-objects -Wl,-z,max-page-size=4096 -Wformat -Werror=format-security -fstack-protector -D_FORTIFY_SOURCE=1 -Wl,-z,now -Wl,-z,relro -DPIC -fpic  -c -o expr/exthdr.lo expr/exthdr.c
libtool: compile:  arm-openwrt-linux-muslgnueabi-gcc -DHAVE_CONFIG_H -I. -I.. -D_FILE_OFFSET_BITS=64 -D_REENTRANT -I../include -I/home/oleg/openwrt/staging_dir/target-arm_cortex-a7_musl_eabi/usr/include -I/home/oleg/openwrt/staging_dir/toolchain-arm_cortex-a7_gcc-14.4.0_musl_eabi/usr/include -I/home/oleg/openwrt/staging_dir/toolchain-arm_cortex-a7_gcc-14.4.0_musl_eabi/include -I/home/oleg/openwrt/staging_dir/toolchain-arm_cortex-a7_gcc-14.4.0_musl_eabi/include/fortify -Wall -Waggregate-return -Wmissing-declarations -Wmissing-prototypes -Wshadow -Wstrict-prototypes -Wformat=2 -Wwrite-strings -pipe -fvisibility=hidden -Os -pipe -fno-caller-saves -fno-plt -fhonour-copts -mfloat-abi=soft -fmacro-prefix-map=/home/oleg/openwrt/build_dir/target-arm_cortex-a7_musl_eabi/libnftnl-1.3.1=libnftnl-1.3.1 -flto=auto -fno-fat-lto-objects -Wl,-z,max-page-size=4096 -Wformat -Werror=format-security -fstack-protector -D_FORTIFY_SOURCE=1 -Wl,-z,now -Wl,-z,relro -DPIC -fpic -c expr/range.c  -fPIC -DPIC -o expr/.libs/range.o
/bin/bash ../libtool  --tag=CC   --mode=compile arm-openwrt-linux-muslgnueabi-gcc -DHAVE_CONFIG_H -I. -I..  -D_FILE_OFFSET_BITS=64 -D_REENTRANT -I../include -I/home/oleg/openwrt/staging_dir/target-arm_cortex-a7_musl_eabi/usr/include  -I/home/oleg/openwrt/staging_dir/toolchain-arm_cortex-a7_gcc-14.4.0_musl_eabi/usr/include -I/home/oleg/openwrt/staging_dir/toolchain-arm_cortex-a7_gcc-14.4.0_musl_eabi/include -I/home/oleg/openwrt/staging_dir/toolchain-arm_cortex-a7_gcc-14.4.0_musl_eabi/include/fortify  -Wall -Waggregate-return -Wmissing-declarations 	-Wmissing-prototypes -Wshadow -Wstrict-prototypes 	-Wformat=2 -Wwrite-strings -pipe -fvisibility=hidden -Os -pipe -fno-caller-saves -fno-plt -fhonour-copts -mfloat-abi=soft -fmacro-prefix-map=/home/oleg/openwrt/build_dir/target-arm_cortex-a7_musl_eabi/libnftnl-1.3.1=libnftnl-1.3.1 -flto=auto -fno-fat-lto-objects -Wl,-z,max-page-size=4096 -Wformat -Werror=format-security -fstack-protector -D_FORTIFY_SOURCE=1 -Wl,-z,now -Wl,-z,relro -DPIC -fpic  -c -o expr/flow_offload.lo expr/flow_offload.c
libtool: compile:  arm-openwrt-linux-muslgnueabi-gcc -DHAVE_CONFIG_H -I. -I.. -D_FILE_OFFSET_BITS=64 -D_REENTRANT -I../include -I/home/oleg/openwrt/staging_dir/target-arm_cortex-a7_musl_eabi/usr/include -I/home/oleg/openwrt/staging_dir/toolchain-arm_cortex-a7_gcc-14.4.0_musl_eabi/usr/include -I/home/oleg/openwrt/staging_dir/toolchain-arm_cortex-a7_gcc-14.4.0_musl_eabi/include -I/home/oleg/openwrt/staging_dir/toolchain-arm_cortex-a7_gcc-14.4.0_musl_eabi/include/fortify -Wall -Waggregate-return -Wmissing-declarations -Wmissing-prototypes -Wshadow -Wstrict-prototypes -Wformat=2 -Wwrite-strings -pipe -fvisibility=hidden -Os -pipe -fno-caller-saves -fno-plt -fhonour-copts -mfloat-abi=soft -fmacro-prefix-map=/home/oleg/openwrt/build_dir/target-arm_cortex-a7_musl_eabi/libnftnl-1.3.1=libnftnl-1.3.1 -flto=auto -fno-fat-lto-objects -Wl,-z,max-page-size=4096 -Wformat -Werror=format-security -fstack-protector -D_FORTIFY_SOURCE=1 -Wl,-z,now -Wl,-z,relro -DPIC -fpic -c expr/connlimit.c  -fPIC -DPIC -o expr/.libs/connlimit.o
/bin/bash ../libtool  --tag=CC   --mode=compile arm-openwrt-linux-muslgnueabi-gcc -DHAVE_CONFIG_H -I. -I..  -D_FILE_OFFSET_BITS=64 -D_REENTRANT -I../include -I/home/oleg/openwrt/staging_dir/target-arm_cortex-a7_musl_eabi/usr/include  -I/home/oleg/openwrt/staging_dir/toolchain-arm_cortex-a7_gcc-14.4.0_musl_eabi/usr/include -I/home/oleg/openwrt/staging_dir/toolchain-arm_cortex-a7_gcc-14.4.0_musl_eabi/include -I/home/oleg/openwrt/staging_dir/toolchain-arm_cortex-a7_gcc-14.4.0_musl_eabi/include/fortify  -Wall -Waggregate-return -Wmissing-declarations 	-Wmissing-prototypes -Wshadow -Wstrict-prototypes 	-Wformat=2 -Wwrite-strings -pipe -fvisibility=hidden -Os -pipe -fno-caller-saves -fno-plt -fhonour-copts -mfloat-abi=soft -fmacro-prefix-map=/home/oleg/openwrt/build_dir/target-arm_cortex-a7_musl_eabi/libnftnl-1.3.1=libnftnl-1.3.1 -flto=auto -fno-fat-lto-objects -Wl,-z,max-page-size=4096 -Wformat -Werror=format-security -fstack-protector -D_FORTIFY_SOURCE=1 -Wl,-z,now -Wl,-z,relro -DPIC -fpic  -c -o expr/fib.lo expr/fib.c
libtool: compile:  arm-openwrt-linux-muslgnueabi-gcc -DHAVE_CONFIG_H -I. -I.. -D_FILE_OFFSET_BITS=64 -D_REENTRANT -I../include -I/home/oleg/openwrt/staging_dir/target-arm_cortex-a7_musl_eabi/usr/include -I/home/oleg/openwrt/staging_dir/toolchain-arm_cortex-a7_gcc-14.4.0_musl_eabi/usr/include -I/home/oleg/openwrt/staging_dir/toolchain-arm_cortex-a7_gcc-14.4.0_musl_eabi/include -I/home/oleg/openwrt/staging_dir/toolchain-arm_cortex-a7_gcc-14.4.0_musl_eabi/include/fortify -Wall -Waggregate-return -Wmissing-declarations -Wmissing-prototypes -Wshadow -Wstrict-prototypes -Wformat=2 -Wwrite-strings -pipe -fvisibility=hidden -Os -pipe -fno-caller-saves -fno-plt -fhonour-copts -mfloat-abi=soft -fmacro-prefix-map=/home/oleg/openwrt/build_dir/target-arm_cortex-a7_musl_eabi/libnftnl-1.3.1=libnftnl-1.3.1 -flto=auto -fno-fat-lto-objects -Wl,-z,max-page-size=4096 -Wformat -Werror=format-security -fstack-protector -D_FORTIFY_SOURCE=1 -Wl,-z,now -Wl,-z,relro -DPIC -fpic -c expr/counter.c  -fPIC -DPIC -o expr/.libs/counter.o
/bin/bash ../libtool  --tag=CC   --mode=compile arm-openwrt-linux-muslgnueabi-gcc -DHAVE_CONFIG_H -I. -I..  -D_FILE_OFFSET_BITS=64 -D_REENTRANT -I../include -I/home/oleg/openwrt/staging_dir/target-arm_cortex-a7_musl_eabi/usr/include  -I/home/oleg/openwrt/staging_dir/toolchain-arm_cortex-a7_gcc-14.4.0_musl_eabi/usr/include -I/home/oleg/openwrt/staging_dir/toolchain-arm_cortex-a7_gcc-14.4.0_musl_eabi/include -I/home/oleg/openwrt/staging_dir/toolchain-arm_cortex-a7_gcc-14.4.0_musl_eabi/include/fortify  -Wall -Waggregate-return -Wmissing-declarations 	-Wmissing-prototypes -Wshadow -Wstrict-prototypes 	-Wformat=2 -Wwrite-strings -pipe -fvisibility=hidden -Os -pipe -fno-caller-saves -fno-plt -fhonour-copts -mfloat-abi=soft -fmacro-prefix-map=/home/oleg/openwrt/build_dir/target-arm_cortex-a7_musl_eabi/libnftnl-1.3.1=libnftnl-1.3.1 -flto=auto -fno-fat-lto-objects -Wl,-z,max-page-size=4096 -Wformat -Werror=format-security -fstack-protector -D_FORTIFY_SOURCE=1 -Wl,-z,now -Wl,-z,relro -DPIC -fpic  -c -o expr/fwd.lo expr/fwd.c
/bin/bash ../libtool  --tag=CC   --mode=compile arm-openwrt-linux-muslgnueabi-gcc -DHAVE_CONFIG_H -I. -I..  -D_FILE_OFFSET_BITS=64 -D_REENTRANT -I../include -I/home/oleg/openwrt/staging_dir/target-arm_cortex-a7_musl_eabi/usr/include  -I/home/oleg/openwrt/staging_dir/toolchain-arm_cortex-a7_gcc-14.4.0_musl_eabi/usr/include -I/home/oleg/openwrt/staging_dir/toolchain-arm_cortex-a7_gcc-14.4.0_musl_eabi/include -I/home/oleg/openwrt/staging_dir/toolchain-arm_cortex-a7_gcc-14.4.0_musl_eabi/include/fortify  -Wall -Waggregate-return -Wmissing-declarations 	-Wmissing-prototypes -Wshadow -Wstrict-prototypes 	-Wformat=2 -Wwrite-strings -pipe -fvisibility=hidden -Os -pipe -fno-caller-saves -fno-plt -fhonour-copts -mfloat-abi=soft -fmacro-prefix-map=/home/oleg/openwrt/build_dir/target-arm_cortex-a7_musl_eabi/libnftnl-1.3.1=libnftnl-1.3.1 -flto=auto -fno-fat-lto-objects -Wl,-z,max-page-size=4096 -Wformat -Werror=format-security -fstack-protector -D_FORTIFY_SOURCE=1 -Wl,-z,now -Wl,-z,relro -DPIC -fpic  -c -o expr/last.lo expr/last.c
libtool: compile:  arm-openwrt-linux-muslgnueabi-gcc -DHAVE_CONFIG_H -I. -I.. -D_FILE_OFFSET_BITS=64 -D_REENTRANT -I../include -I/home/oleg/openwrt/staging_dir/target-arm_cortex-a7_musl_eabi/usr/include -I/home/oleg/openwrt/staging_dir/toolchain-arm_cortex-a7_gcc-14.4.0_musl_eabi/usr/include -I/home/oleg/openwrt/staging_dir/toolchain-arm_cortex-a7_gcc-14.4.0_musl_eabi/include -I/home/oleg/openwrt/staging_dir/toolchain-arm_cortex-a7_gcc-14.4.0_musl_eabi/include/fortify -Wall -Waggregate-return -Wmissing-declarations -Wmissing-prototypes -Wshadow -Wstrict-prototypes -Wformat=2 -Wwrite-strings -pipe -fvisibility=hidden -Os -pipe -fno-caller-saves -fno-plt -fhonour-copts -mfloat-abi=soft -fmacro-prefix-map=/home/oleg/openwrt/build_dir/target-arm_cortex-a7_musl_eabi/libnftnl-1.3.1=libnftnl-1.3.1 -flto=auto -fno-fat-lto-objects -Wl,-z,max-page-size=4096 -Wformat -Werror=format-security -fstack-protector -D_FORTIFY_SOURCE=1 -Wl,-z,now -Wl,-z,relro -DPIC -fpic -c expr/cmp.c -o expr/cmp.o >/dev/null 2>&1
libtool: compile:  arm-openwrt-linux-muslgnueabi-gcc -DHAVE_CONFIG_H -I. -I.. -D_FILE_OFFSET_BITS=64 -D_REENTRANT -I../include -I/home/oleg/openwrt/staging_dir/target-arm_cortex-a7_musl_eabi/usr/include -I/home/oleg/openwrt/staging_dir/toolchain-arm_cortex-a7_gcc-14.4.0_musl_eabi/usr/include -I/home/oleg/openwrt/staging_dir/toolchain-arm_cortex-a7_gcc-14.4.0_musl_eabi/include -I/home/oleg/openwrt/staging_dir/toolchain-arm_cortex-a7_gcc-14.4.0_musl_eabi/include/fortify -Wall -Waggregate-return -Wmissing-declarations -Wmissing-prototypes -Wshadow -Wstrict-prototypes -Wformat=2 -Wwrite-strings -pipe -fvisibility=hidden -Os -pipe -fno-caller-saves -fno-plt -fhonour-copts -mfloat-abi=soft -fmacro-prefix-map=/home/oleg/openwrt/build_dir/target-arm_cortex-a7_musl_eabi/libnftnl-1.3.1=libnftnl-1.3.1 -flto=auto -fno-fat-lto-objects -Wl,-z,max-page-size=4096 -Wformat -Werror=format-security -fstack-protector -D_FORTIFY_SOURCE=1 -Wl,-z,now -Wl,-z,relro -DPIC -fpic -c expr/byteorder.c -o expr/byteorder.o >/dev/null 2>&1
libtool: compile:  arm-openwrt-linux-muslgnueabi-gcc -DHAVE_CONFIG_H -I. -I.. -D_FILE_OFFSET_BITS=64 -D_REENTRANT -I../include -I/home/oleg/openwrt/staging_dir/target-arm_cortex-a7_musl_eabi/usr/include -I/home/oleg/openwrt/staging_dir/toolchain-arm_cortex-a7_gcc-14.4.0_musl_eabi/usr/include -I/home/oleg/openwrt/staging_dir/toolchain-arm_cortex-a7_gcc-14.4.0_musl_eabi/include -I/home/oleg/openwrt/staging_dir/toolchain-arm_cortex-a7_gcc-14.4.0_musl_eabi/include/fortify -Wall -Waggregate-return -Wmissing-declarations -Wmissing-prototypes -Wshadow -Wstrict-prototypes -Wformat=2 -Wwrite-strings -pipe -fvisibility=hidden -Os -pipe -fno-caller-saves -fno-plt -fhonour-copts -mfloat-abi=soft -fmacro-prefix-map=/home/oleg/openwrt/build_dir/target-arm_cortex-a7_musl_eabi/libnftnl-1.3.1=libnftnl-1.3.1 -flto=auto -fno-fat-lto-objects -Wl,-z,max-page-size=4096 -Wformat -Werror=format-security -fstack-protector -D_FORTIFY_SOURCE=1 -Wl,-z,now -Wl,-z,relro -DPIC -fpic -c expr/bitwise.c -o expr/bitwise.o >/dev/null 2>&1
libtool: compile:  arm-openwrt-linux-muslgnueabi-gcc -DHAVE_CONFIG_H -I. -I.. -D_FILE_OFFSET_BITS=64 -D_REENTRANT -I../include -I/home/oleg/openwrt/staging_dir/target-arm_cortex-a7_musl_eabi/usr/include -I/home/oleg/openwrt/staging_dir/toolchain-arm_cortex-a7_gcc-14.4.0_musl_eabi/usr/include -I/home/oleg/openwrt/staging_dir/toolchain-arm_cortex-a7_gcc-14.4.0_musl_eabi/include -I/home/oleg/openwrt/staging_dir/toolchain-arm_cortex-a7_gcc-14.4.0_musl_eabi/include/fortify -Wall -Waggregate-return -Wmissing-declarations -Wmissing-prototypes -Wshadow -Wstrict-prototypes -Wformat=2 -Wwrite-strings -pipe -fvisibility=hidden -Os -pipe -fno-caller-saves -fno-plt -fhonour-copts -mfloat-abi=soft -fmacro-prefix-map=/home/oleg/openwrt/build_dir/target-arm_cortex-a7_musl_eabi/libnftnl-1.3.1=libnftnl-1.3.1 -flto=auto -fno-fat-lto-objects -Wl,-z,max-page-size=4096 -Wformat -Werror=format-security -fstack-protector -D_FORTIFY_SOURCE=1 -Wl,-z,now -Wl,-z,relro -DPIC -fpic -c expr/ct.c  -fPIC -DPIC -o expr/.libs/ct.o
libtool: compile:  arm-openwrt-linux-muslgnueabi-gcc -DHAVE_CONFIG_H -I. -I.. -D_FILE_OFFSET_BITS=64 -D_REENTRANT -I../include -I/home/oleg/openwrt/staging_dir/target-arm_cortex-a7_musl_eabi/usr/include -I/home/oleg/openwrt/staging_dir/toolchain-arm_cortex-a7_gcc-14.4.0_musl_eabi/usr/include -I/home/oleg/openwrt/staging_dir/toolchain-arm_cortex-a7_gcc-14.4.0_musl_eabi/include -I/home/oleg/openwrt/staging_dir/toolchain-arm_cortex-a7_gcc-14.4.0_musl_eabi/include/fortify -Wall -Waggregate-return -Wmissing-declarations -Wmissing-prototypes -Wshadow -Wstrict-prototypes -Wformat=2 -Wwrite-strings -pipe -fvisibility=hidden -Os -pipe -fno-caller-saves -fno-plt -fhonour-copts -mfloat-abi=soft -fmacro-prefix-map=/home/oleg/openwrt/build_dir/target-arm_cortex-a7_musl_eabi/libnftnl-1.3.1=libnftnl-1.3.1 -flto=auto -fno-fat-lto-objects -Wl,-z,max-page-size=4096 -Wformat -Werror=format-security -fstack-protector -D_FORTIFY_SOURCE=1 -Wl,-z,now -Wl,-z,relro -DPIC -fpic -c expr/data_reg.c  -fPIC -DPIC -o expr/.libs/data_reg.o
libtool: compile:  arm-openwrt-linux-muslgnueabi-gcc -DHAVE_CONFIG_H -I. -I.. -D_FILE_OFFSET_BITS=64 -D_REENTRANT -I../include -I/home/oleg/openwrt/staging_dir/target-arm_cortex-a7_musl_eabi/usr/include -I/home/oleg/openwrt/staging_dir/toolchain-arm_cortex-a7_gcc-14.4.0_musl_eabi/usr/include -I/home/oleg/openwrt/staging_dir/toolchain-arm_cortex-a7_gcc-14.4.0_musl_eabi/include -I/home/oleg/openwrt/staging_dir/toolchain-arm_cortex-a7_gcc-14.4.0_musl_eabi/include/fortify -Wall -Waggregate-return -Wmissing-declarations -Wmissing-prototypes -Wshadow -Wstrict-prototypes -Wformat=2 -Wwrite-strings -pipe -fvisibility=hidden -Os -pipe -fno-caller-saves -fno-plt -fhonour-copts -mfloat-abi=soft -fmacro-prefix-map=/home/oleg/openwrt/build_dir/target-arm_cortex-a7_musl_eabi/libnftnl-1.3.1=libnftnl-1.3.1 -flto=auto -fno-fat-lto-objects -Wl,-z,max-page-size=4096 -Wformat -Werror=format-security -fstack-protector -D_FORTIFY_SOURCE=1 -Wl,-z,now -Wl,-z,relro -DPIC -fpic -c expr/range.c -o expr/range.o >/dev/null 2>&1
libtool: compile:  arm-openwrt-linux-muslgnueabi-gcc -DHAVE_CONFIG_H -I. -I.. -D_FILE_OFFSET_BITS=64 -D_REENTRANT -I../include -I/home/oleg/openwrt/staging_dir/target-arm_cortex-a7_musl_eabi/usr/include -I/home/oleg/openwrt/staging_dir/toolchain-arm_cortex-a7_gcc-14.4.0_musl_eabi/usr/include -I/home/oleg/openwrt/staging_dir/toolchain-arm_cortex-a7_gcc-14.4.0_musl_eabi/include -I/home/oleg/openwrt/staging_dir/toolchain-arm_cortex-a7_gcc-14.4.0_musl_eabi/include/fortify -Wall -Waggregate-return -Wmissing-declarations -Wmissing-prototypes -Wshadow -Wstrict-prototypes -Wformat=2 -Wwrite-strings -pipe -fvisibility=hidden -Os -pipe -fno-caller-saves -fno-plt -fhonour-copts -mfloat-abi=soft -fmacro-prefix-map=/home/oleg/openwrt/build_dir/target-arm_cortex-a7_musl_eabi/libnftnl-1.3.1=libnftnl-1.3.1 -flto=auto -fno-fat-lto-objects -Wl,-z,max-page-size=4096 -Wformat -Werror=format-security -fstack-protector -D_FORTIFY_SOURCE=1 -Wl,-z,now -Wl,-z,relro -DPIC -fpic -c expr/dup.c  -fPIC -DPIC -o expr/.libs/dup.o
libtool: compile:  arm-openwrt-linux-muslgnueabi-gcc -DHAVE_CONFIG_H -I. -I.. -D_FILE_OFFSET_BITS=64 -D_REENTRANT -I../include -I/home/oleg/openwrt/staging_dir/target-arm_cortex-a7_musl_eabi/usr/include -I/home/oleg/openwrt/staging_dir/toolchain-arm_cortex-a7_gcc-14.4.0_musl_eabi/usr/include -I/home/oleg/openwrt/staging_dir/toolchain-arm_cortex-a7_gcc-14.4.0_musl_eabi/include -I/home/oleg/openwrt/staging_dir/toolchain-arm_cortex-a7_gcc-14.4.0_musl_eabi/include/fortify -Wall -Waggregate-return -Wmissing-declarations -Wmissing-prototypes -Wshadow -Wstrict-prototypes -Wformat=2 -Wwrite-strings -pipe -fvisibility=hidden -Os -pipe -fno-caller-saves -fno-plt -fhonour-copts -mfloat-abi=soft -fmacro-prefix-map=/home/oleg/openwrt/build_dir/target-arm_cortex-a7_musl_eabi/libnftnl-1.3.1=libnftnl-1.3.1 -flto=auto -fno-fat-lto-objects -Wl,-z,max-page-size=4096 -Wformat -Werror=format-security -fstack-protector -D_FORTIFY_SOURCE=1 -Wl,-z,now -Wl,-z,relro -DPIC -fpic -c expr/connlimit.c -o expr/connlimit.o >/dev/null 2>&1
libtool: compile:  arm-openwrt-linux-muslgnueabi-gcc -DHAVE_CONFIG_H -I. -I.. -D_FILE_OFFSET_BITS=64 -D_REENTRANT -I../include -I/home/oleg/openwrt/staging_dir/target-arm_cortex-a7_musl_eabi/usr/include -I/home/oleg/openwrt/staging_dir/toolchain-arm_cortex-a7_gcc-14.4.0_musl_eabi/usr/include -I/home/oleg/openwrt/staging_dir/toolchain-arm_cortex-a7_gcc-14.4.0_musl_eabi/include -I/home/oleg/openwrt/staging_dir/toolchain-arm_cortex-a7_gcc-14.4.0_musl_eabi/include/fortify -Wall -Waggregate-return -Wmissing-declarations -Wmissing-prototypes -Wshadow -Wstrict-prototypes -Wformat=2 -Wwrite-strings -pipe -fvisibility=hidden -Os -pipe -fno-caller-saves -fno-plt -fhonour-copts -mfloat-abi=soft -fmacro-prefix-map=/home/oleg/openwrt/build_dir/target-arm_cortex-a7_musl_eabi/libnftnl-1.3.1=libnftnl-1.3.1 -flto=auto -fno-fat-lto-objects -Wl,-z,max-page-size=4096 -Wformat -Werror=format-security -fstack-protector -D_FORTIFY_SOURCE=1 -Wl,-z,now -Wl,-z,relro -DPIC -fpic -c expr/counter.c -o expr/counter.o >/dev/null 2>&1
libtool: compile:  arm-openwrt-linux-muslgnueabi-gcc -DHAVE_CONFIG_H -I. -I.. -D_FILE_OFFSET_BITS=64 -D_REENTRANT -I../include -I/home/oleg/openwrt/staging_dir/target-arm_cortex-a7_musl_eabi/usr/include -I/home/oleg/openwrt/staging_dir/toolchain-arm_cortex-a7_gcc-14.4.0_musl_eabi/usr/include -I/home/oleg/openwrt/staging_dir/toolchain-arm_cortex-a7_gcc-14.4.0_musl_eabi/include -I/home/oleg/openwrt/staging_dir/toolchain-arm_cortex-a7_gcc-14.4.0_musl_eabi/include/fortify -Wall -Waggregate-return -Wmissing-declarations -Wmissing-prototypes -Wshadow -Wstrict-prototypes -Wformat=2 -Wwrite-strings -pipe -fvisibility=hidden -Os -pipe -fno-caller-saves -fno-plt -fhonour-copts -mfloat-abi=soft -fmacro-prefix-map=/home/oleg/openwrt/build_dir/target-arm_cortex-a7_musl_eabi/libnftnl-1.3.1=libnftnl-1.3.1 -flto=auto -fno-fat-lto-objects -Wl,-z,max-page-size=4096 -Wformat -Werror=format-security -fstack-protector -D_FORTIFY_SOURCE=1 -Wl,-z,now -Wl,-z,relro -DPIC -fpic -c expr/exthdr.c  -fPIC -DPIC -o expr/.libs/exthdr.o
/bin/bash ../libtool  --tag=CC   --mode=compile arm-openwrt-linux-muslgnueabi-gcc -DHAVE_CONFIG_H -I. -I..  -D_FILE_OFFSET_BITS=64 -D_REENTRANT -I../include -I/home/oleg/openwrt/staging_dir/target-arm_cortex-a7_musl_eabi/usr/include  -I/home/oleg/openwrt/staging_dir/toolchain-arm_cortex-a7_gcc-14.4.0_musl_eabi/usr/include -I/home/oleg/openwrt/staging_dir/toolchain-arm_cortex-a7_gcc-14.4.0_musl_eabi/include -I/home/oleg/openwrt/staging_dir/toolchain-arm_cortex-a7_gcc-14.4.0_musl_eabi/include/fortify  -Wall -Waggregate-return -Wmissing-declarations 	-Wmissing-prototypes -Wshadow -Wstrict-prototypes 	-Wformat=2 -Wwrite-strings -pipe -fvisibility=hidden -Os -pipe -fno-caller-saves -fno-plt -fhonour-copts -mfloat-abi=soft -fmacro-prefix-map=/home/oleg/openwrt/build_dir/target-arm_cortex-a7_musl_eabi/libnftnl-1.3.1=libnftnl-1.3.1 -flto=auto -fno-fat-lto-objects -Wl,-z,max-page-size=4096 -Wformat -Werror=format-security -fstack-protector -D_FORTIFY_SOURCE=1 -Wl,-z,now -Wl,-z,relro -DPIC -fpic  -c -o expr/limit.lo expr/limit.c
/bin/bash ../libtool  --tag=CC   --mode=compile arm-openwrt-linux-muslgnueabi-gcc -DHAVE_CONFIG_H -I. -I..  -D_FILE_OFFSET_BITS=64 -D_REENTRANT -I../include -I/home/oleg/openwrt/staging_dir/target-arm_cortex-a7_musl_eabi/usr/include  -I/home/oleg/openwrt/staging_dir/toolchain-arm_cortex-a7_gcc-14.4.0_musl_eabi/usr/include -I/home/oleg/openwrt/staging_dir/toolchain-arm_cortex-a7_gcc-14.4.0_musl_eabi/include -I/home/oleg/openwrt/staging_dir/toolchain-arm_cortex-a7_gcc-14.4.0_musl_eabi/include/fortify  -Wall -Waggregate-return -Wmissing-declarations 	-Wmissing-prototypes -Wshadow -Wstrict-prototypes 	-Wformat=2 -Wwrite-strings -pipe -fvisibility=hidden -Os -pipe -fno-caller-saves -fno-plt -fhonour-copts -mfloat-abi=soft -fmacro-prefix-map=/home/oleg/openwrt/build_dir/target-arm_cortex-a7_musl_eabi/libnftnl-1.3.1=libnftnl-1.3.1 -flto=auto -fno-fat-lto-objects -Wl,-z,max-page-size=4096 -Wformat -Werror=format-security -fstack-protector -D_FORTIFY_SOURCE=1 -Wl,-z,now -Wl,-z,relro -DPIC -fpic  -c -o expr/log.lo expr/log.c
libtool: compile:  arm-openwrt-linux-muslgnueabi-gcc -DHAVE_CONFIG_H -I. -I.. -D_FILE_OFFSET_BITS=64 -D_REENTRANT -I../include -I/home/oleg/openwrt/staging_dir/target-arm_cortex-a7_musl_eabi/usr/include -I/home/oleg/openwrt/staging_dir/toolchain-arm_cortex-a7_gcc-14.4.0_musl_eabi/usr/include -I/home/oleg/openwrt/staging_dir/toolchain-arm_cortex-a7_gcc-14.4.0_musl_eabi/include -I/home/oleg/openwrt/staging_dir/toolchain-arm_cortex-a7_gcc-14.4.0_musl_eabi/include/fortify -Wall -Waggregate-return -Wmissing-declarations -Wmissing-prototypes -Wshadow -Wstrict-prototypes -Wformat=2 -Wwrite-strings -pipe -fvisibility=hidden -Os -pipe -fno-caller-saves -fno-plt -fhonour-copts -mfloat-abi=soft -fmacro-prefix-map=/home/oleg/openwrt/build_dir/target-arm_cortex-a7_musl_eabi/libnftnl-1.3.1=libnftnl-1.3.1 -flto=auto -fno-fat-lto-objects -Wl,-z,max-page-size=4096 -Wformat -Werror=format-security -fstack-protector -D_FORTIFY_SOURCE=1 -Wl,-z,now -Wl,-z,relro -DPIC -fpic -c expr/flow_offload.c  -fPIC -DPIC -o expr/.libs/flow_offload.o
libtool: compile:  arm-openwrt-linux-muslgnueabi-gcc -DHAVE_CONFIG_H -I. -I.. -D_FILE_OFFSET_BITS=64 -D_REENTRANT -I../include -I/home/oleg/openwrt/staging_dir/target-arm_cortex-a7_musl_eabi/usr/include -I/home/oleg/openwrt/staging_dir/toolchain-arm_cortex-a7_gcc-14.4.0_musl_eabi/usr/include -I/home/oleg/openwrt/staging_dir/toolchain-arm_cortex-a7_gcc-14.4.0_musl_eabi/include -I/home/oleg/openwrt/staging_dir/toolchain-arm_cortex-a7_gcc-14.4.0_musl_eabi/include/fortify -Wall -Waggregate-return -Wmissing-declarations -Wmissing-prototypes -Wshadow -Wstrict-prototypes -Wformat=2 -Wwrite-strings -pipe -fvisibility=hidden -Os -pipe -fno-caller-saves -fno-plt -fhonour-copts -mfloat-abi=soft -fmacro-prefix-map=/home/oleg/openwrt/build_dir/target-arm_cortex-a7_musl_eabi/libnftnl-1.3.1=libnftnl-1.3.1 -flto=auto -fno-fat-lto-objects -Wl,-z,max-page-size=4096 -Wformat -Werror=format-security -fstack-protector -D_FORTIFY_SOURCE=1 -Wl,-z,now -Wl,-z,relro -DPIC -fpic -c expr/fib.c  -fPIC -DPIC -o expr/.libs/fib.o
libtool: compile:  arm-openwrt-linux-muslgnueabi-gcc -DHAVE_CONFIG_H -I. -I.. -D_FILE_OFFSET_BITS=64 -D_REENTRANT -I../include -I/home/oleg/openwrt/staging_dir/target-arm_cortex-a7_musl_eabi/usr/include -I/home/oleg/openwrt/staging_dir/toolchain-arm_cortex-a7_gcc-14.4.0_musl_eabi/usr/include -I/home/oleg/openwrt/staging_dir/toolchain-arm_cortex-a7_gcc-14.4.0_musl_eabi/include -I/home/oleg/openwrt/staging_dir/toolchain-arm_cortex-a7_gcc-14.4.0_musl_eabi/include/fortify -Wall -Waggregate-return -Wmissing-declarations -Wmissing-prototypes -Wshadow -Wstrict-prototypes -Wformat=2 -Wwrite-strings -pipe -fvisibility=hidden -Os -pipe -fno-caller-saves -fno-plt -fhonour-copts -mfloat-abi=soft -fmacro-prefix-map=/home/oleg/openwrt/build_dir/target-arm_cortex-a7_musl_eabi/libnftnl-1.3.1=libnftnl-1.3.1 -flto=auto -fno-fat-lto-objects -Wl,-z,max-page-size=4096 -Wformat -Werror=format-security -fstack-protector -D_FORTIFY_SOURCE=1 -Wl,-z,now -Wl,-z,relro -DPIC -fpic -c expr/fwd.c  -fPIC -DPIC -o expr/.libs/fwd.o
/bin/bash ../libtool  --tag=CC   --mode=compile arm-openwrt-linux-muslgnueabi-gcc -DHAVE_CONFIG_H -I. -I..  -D_FILE_OFFSET_BITS=64 -D_REENTRANT -I../include -I/home/oleg/openwrt/staging_dir/target-arm_cortex-a7_musl_eabi/usr/include  -I/home/oleg/openwrt/staging_dir/toolchain-arm_cortex-a7_gcc-14.4.0_musl_eabi/usr/include -I/home/oleg/openwrt/staging_dir/toolchain-arm_cortex-a7_gcc-14.4.0_musl_eabi/include -I/home/oleg/openwrt/staging_dir/toolchain-arm_cortex-a7_gcc-14.4.0_musl_eabi/include/fortify  -Wall -Waggregate-return -Wmissing-declarations 	-Wmissing-prototypes -Wshadow -Wstrict-prototypes 	-Wformat=2 -Wwrite-strings -pipe -fvisibility=hidden -Os -pipe -fno-caller-saves -fno-plt -fhonour-copts -mfloat-abi=soft -fmacro-prefix-map=/home/oleg/openwrt/build_dir/target-arm_cortex-a7_musl_eabi/libnftnl-1.3.1=libnftnl-1.3.1 -flto=auto -fno-fat-lto-objects -Wl,-z,max-page-size=4096 -Wformat -Werror=format-security -fstack-protector -D_FORTIFY_SOURCE=1 -Wl,-z,now -Wl,-z,relro -DPIC -fpic  -c -o expr/lookup.lo expr/lookup.c
libtool: compile:  arm-openwrt-linux-muslgnueabi-gcc -DHAVE_CONFIG_H -I. -I.. -D_FILE_OFFSET_BITS=64 -D_REENTRANT -I../include -I/home/oleg/openwrt/staging_dir/target-arm_cortex-a7_musl_eabi/usr/include -I/home/oleg/openwrt/staging_dir/toolchain-arm_cortex-a7_gcc-14.4.0_musl_eabi/usr/include -I/home/oleg/openwrt/staging_dir/toolchain-arm_cortex-a7_gcc-14.4.0_musl_eabi/include -I/home/oleg/openwrt/staging_dir/toolchain-arm_cortex-a7_gcc-14.4.0_musl_eabi/include/fortify -Wall -Waggregate-return -Wmissing-declarations -Wmissing-prototypes -Wshadow -Wstrict-prototypes -Wformat=2 -Wwrite-strings -pipe -fvisibility=hidden -Os -pipe -fno-caller-saves -fno-plt -fhonour-copts -mfloat-abi=soft -fmacro-prefix-map=/home/oleg/openwrt/build_dir/target-arm_cortex-a7_musl_eabi/libnftnl-1.3.1=libnftnl-1.3.1 -flto=auto -fno-fat-lto-objects -Wl,-z,max-page-size=4096 -Wformat -Werror=format-security -fstack-protector -D_FORTIFY_SOURCE=1 -Wl,-z,now -Wl,-z,relro -DPIC -fpic -c expr/ct.c -o expr/ct.o >/dev/null 2>&1
libtool: compile:  arm-openwrt-linux-muslgnueabi-gcc -DHAVE_CONFIG_H -I. -I.. -D_FILE_OFFSET_BITS=64 -D_REENTRANT -I../include -I/home/oleg/openwrt/staging_dir/target-arm_cortex-a7_musl_eabi/usr/include -I/home/oleg/openwrt/staging_dir/toolchain-arm_cortex-a7_gcc-14.4.0_musl_eabi/usr/include -I/home/oleg/openwrt/staging_dir/toolchain-arm_cortex-a7_gcc-14.4.0_musl_eabi/include -I/home/oleg/openwrt/staging_dir/toolchain-arm_cortex-a7_gcc-14.4.0_musl_eabi/include/fortify -Wall -Waggregate-return -Wmissing-declarations -Wmissing-prototypes -Wshadow -Wstrict-prototypes -Wformat=2 -Wwrite-strings -pipe -fvisibility=hidden -Os -pipe -fno-caller-saves -fno-plt -fhonour-copts -mfloat-abi=soft -fmacro-prefix-map=/home/oleg/openwrt/build_dir/target-arm_cortex-a7_musl_eabi/libnftnl-1.3.1=libnftnl-1.3.1 -flto=auto -fno-fat-lto-objects -Wl,-z,max-page-size=4096 -Wformat -Werror=format-security -fstack-protector -D_FORTIFY_SOURCE=1 -Wl,-z,now -Wl,-z,relro -DPIC -fpic -c expr/last.c  -fPIC -DPIC -o expr/.libs/last.o
libtool: compile:  arm-openwrt-linux-muslgnueabi-gcc -DHAVE_CONFIG_H -I. -I.. -D_FILE_OFFSET_BITS=64 -D_REENTRANT -I../include -I/home/oleg/openwrt/staging_dir/target-arm_cortex-a7_musl_eabi/usr/include -I/home/oleg/openwrt/staging_dir/toolchain-arm_cortex-a7_gcc-14.4.0_musl_eabi/usr/include -I/home/oleg/openwrt/staging_dir/toolchain-arm_cortex-a7_gcc-14.4.0_musl_eabi/include -I/home/oleg/openwrt/staging_dir/toolchain-arm_cortex-a7_gcc-14.4.0_musl_eabi/include/fortify -Wall -Waggregate-return -Wmissing-declarations -Wmissing-prototypes -Wshadow -Wstrict-prototypes -Wformat=2 -Wwrite-strings -pipe -fvisibility=hidden -Os -pipe -fno-caller-saves -fno-plt -fhonour-copts -mfloat-abi=soft -fmacro-prefix-map=/home/oleg/openwrt/build_dir/target-arm_cortex-a7_musl_eabi/libnftnl-1.3.1=libnftnl-1.3.1 -flto=auto -fno-fat-lto-objects -Wl,-z,max-page-size=4096 -Wformat -Werror=format-security -fstack-protector -D_FORTIFY_SOURCE=1 -Wl,-z,now -Wl,-z,relro -DPIC -fpic -c expr/dup.c -o expr/dup.o >/dev/null 2>&1
/bin/bash ../libtool  --tag=CC   --mode=compile arm-openwrt-linux-muslgnueabi-gcc -DHAVE_CONFIG_H -I. -I..  -D_FILE_OFFSET_BITS=64 -D_REENTRANT -I../include -I/home/oleg/openwrt/staging_dir/target-arm_cortex-a7_musl_eabi/usr/include  -I/home/oleg/openwrt/staging_dir/toolchain-arm_cortex-a7_gcc-14.4.0_musl_eabi/usr/include -I/home/oleg/openwrt/staging_dir/toolchain-arm_cortex-a7_gcc-14.4.0_musl_eabi/include -I/home/oleg/openwrt/staging_dir/toolchain-arm_cortex-a7_gcc-14.4.0_musl_eabi/include/fortify  -Wall -Waggregate-return -Wmissing-declarations 	-Wmissing-prototypes -Wshadow -Wstrict-prototypes 	-Wformat=2 -Wwrite-strings -pipe -fvisibility=hidden -Os -pipe -fno-caller-saves -fno-plt -fhonour-copts -mfloat-abi=soft -fmacro-prefix-map=/home/oleg/openwrt/build_dir/target-arm_cortex-a7_musl_eabi/libnftnl-1.3.1=libnftnl-1.3.1 -flto=auto -fno-fat-lto-objects -Wl,-z,max-page-size=4096 -Wformat -Werror=format-security -fstack-protector -D_FORTIFY_SOURCE=1 -Wl,-z,now -Wl,-z,relro -DPIC -fpic  -c -o expr/dynset.lo expr/dynset.c
libtool: compile:  arm-openwrt-linux-muslgnueabi-gcc -DHAVE_CONFIG_H -I. -I.. -D_FILE_OFFSET_BITS=64 -D_REENTRANT -I../include -I/home/oleg/openwrt/staging_dir/target-arm_cortex-a7_musl_eabi/usr/include -I/home/oleg/openwrt/staging_dir/toolchain-arm_cortex-a7_gcc-14.4.0_musl_eabi/usr/include -I/home/oleg/openwrt/staging_dir/toolchain-arm_cortex-a7_gcc-14.4.0_musl_eabi/include -I/home/oleg/openwrt/staging_dir/toolchain-arm_cortex-a7_gcc-14.4.0_musl_eabi/include/fortify -Wall -Waggregate-return -Wmissing-declarations -Wmissing-prototypes -Wshadow -Wstrict-prototypes -Wformat=2 -Wwrite-strings -pipe -fvisibility=hidden -Os -pipe -fno-caller-saves -fno-plt -fhonour-copts -mfloat-abi=soft -fmacro-prefix-map=/home/oleg/openwrt/build_dir/target-arm_cortex-a7_musl_eabi/libnftnl-1.3.1=libnftnl-1.3.1 -flto=auto -fno-fat-lto-objects -Wl,-z,max-page-size=4096 -Wformat -Werror=format-security -fstack-protector -D_FORTIFY_SOURCE=1 -Wl,-z,now -Wl,-z,relro -DPIC -fpic -c expr/data_reg.c -o expr/data_reg.o >/dev/null 2>&1
/bin/bash ../libtool  --tag=CC   --mode=compile arm-openwrt-linux-muslgnueabi-gcc -DHAVE_CONFIG_H -I. -I..  -D_FILE_OFFSET_BITS=64 -D_REENTRANT -I../include -I/home/oleg/openwrt/staging_dir/target-arm_cortex-a7_musl_eabi/usr/include  -I/home/oleg/openwrt/staging_dir/toolchain-arm_cortex-a7_gcc-14.4.0_musl_eabi/usr/include -I/home/oleg/openwrt/staging_dir/toolchain-arm_cortex-a7_gcc-14.4.0_musl_eabi/include -I/home/oleg/openwrt/staging_dir/toolchain-arm_cortex-a7_gcc-14.4.0_musl_eabi/include/fortify  -Wall -Waggregate-return -Wmissing-declarations 	-Wmissing-prototypes -Wshadow -Wstrict-prototypes 	-Wformat=2 -Wwrite-strings -pipe -fvisibility=hidden -Os -pipe -fno-caller-saves -fno-plt -fhonour-copts -mfloat-abi=soft -fmacro-prefix-map=/home/oleg/openwrt/build_dir/target-arm_cortex-a7_musl_eabi/libnftnl-1.3.1=libnftnl-1.3.1 -flto=auto -fno-fat-lto-objects -Wl,-z,max-page-size=4096 -Wformat -Werror=format-security -fstack-protector -D_FORTIFY_SOURCE=1 -Wl,-z,now -Wl,-z,relro -DPIC -fpic  -c -o expr/immediate.lo expr/immediate.c
/bin/bash ../libtool  --tag=CC   --mode=compile arm-openwrt-linux-muslgnueabi-gcc -DHAVE_CONFIG_H -I. -I..  -D_FILE_OFFSET_BITS=64 -D_REENTRANT -I../include -I/home/oleg/openwrt/staging_dir/target-arm_cortex-a7_musl_eabi/usr/include  -I/home/oleg/openwrt/staging_dir/toolchain-arm_cortex-a7_gcc-14.4.0_musl_eabi/usr/include -I/home/oleg/openwrt/staging_dir/toolchain-arm_cortex-a7_gcc-14.4.0_musl_eabi/include -I/home/oleg/openwrt/staging_dir/toolchain-arm_cortex-a7_gcc-14.4.0_musl_eabi/include/fortify  -Wall -Waggregate-return -Wmissing-declarations 	-Wmissing-prototypes -Wshadow -Wstrict-prototypes 	-Wformat=2 -Wwrite-strings -pipe -fvisibility=hidden -Os -pipe -fno-caller-saves -fno-plt -fhonour-copts -mfloat-abi=soft -fmacro-prefix-map=/home/oleg/openwrt/build_dir/target-arm_cortex-a7_musl_eabi/libnftnl-1.3.1=libnftnl-1.3.1 -flto=auto -fno-fat-lto-objects -Wl,-z,max-page-size=4096 -Wformat -Werror=format-security -fstack-protector -D_FORTIFY_SOURCE=1 -Wl,-z,now -Wl,-z,relro -DPIC -fpic  -c -o expr/inner.lo expr/inner.c
libtool: compile:  arm-openwrt-linux-muslgnueabi-gcc -DHAVE_CONFIG_H -I. -I.. -D_FILE_OFFSET_BITS=64 -D_REENTRANT -I../include -I/home/oleg/openwrt/staging_dir/target-arm_cortex-a7_musl_eabi/usr/include -I/home/oleg/openwrt/staging_dir/toolchain-arm_cortex-a7_gcc-14.4.0_musl_eabi/usr/include -I/home/oleg/openwrt/staging_dir/toolchain-arm_cortex-a7_gcc-14.4.0_musl_eabi/include -I/home/oleg/openwrt/staging_dir/toolchain-arm_cortex-a7_gcc-14.4.0_musl_eabi/include/fortify -Wall -Waggregate-return -Wmissing-declarations -Wmissing-prototypes -Wshadow -Wstrict-prototypes -Wformat=2 -Wwrite-strings -pipe -fvisibility=hidden -Os -pipe -fno-caller-saves -fno-plt -fhonour-copts -mfloat-abi=soft -fmacro-prefix-map=/home/oleg/openwrt/build_dir/target-arm_cortex-a7_musl_eabi/libnftnl-1.3.1=libnftnl-1.3.1 -flto=auto -fno-fat-lto-objects -Wl,-z,max-page-size=4096 -Wformat -Werror=format-security -fstack-protector -D_FORTIFY_SOURCE=1 -Wl,-z,now -Wl,-z,relro -DPIC -fpic -c expr/flow_offload.c -o expr/flow_offload.o >/dev/null 2>&1
libtool: compile:  arm-openwrt-linux-muslgnueabi-gcc -DHAVE_CONFIG_H -I. -I.. -D_FILE_OFFSET_BITS=64 -D_REENTRANT -I../include -I/home/oleg/openwrt/staging_dir/target-arm_cortex-a7_musl_eabi/usr/include -I/home/oleg/openwrt/staging_dir/toolchain-arm_cortex-a7_gcc-14.4.0_musl_eabi/usr/include -I/home/oleg/openwrt/staging_dir/toolchain-arm_cortex-a7_gcc-14.4.0_musl_eabi/include -I/home/oleg/openwrt/staging_dir/toolchain-arm_cortex-a7_gcc-14.4.0_musl_eabi/include/fortify -Wall -Waggregate-return -Wmissing-declarations -Wmissing-prototypes -Wshadow -Wstrict-prototypes -Wformat=2 -Wwrite-strings -pipe -fvisibility=hidden -Os -pipe -fno-caller-saves -fno-plt -fhonour-copts -mfloat-abi=soft -fmacro-prefix-map=/home/oleg/openwrt/build_dir/target-arm_cortex-a7_musl_eabi/libnftnl-1.3.1=libnftnl-1.3.1 -flto=auto -fno-fat-lto-objects -Wl,-z,max-page-size=4096 -Wformat -Werror=format-security -fstack-protector -D_FORTIFY_SOURCE=1 -Wl,-z,now -Wl,-z,relro -DPIC -fpic -c expr/exthdr.c -o expr/exthdr.o >/dev/null 2>&1
libtool: compile:  arm-openwrt-linux-muslgnueabi-gcc -DHAVE_CONFIG_H -I. -I.. -D_FILE_OFFSET_BITS=64 -D_REENTRANT -I../include -I/home/oleg/openwrt/staging_dir/target-arm_cortex-a7_musl_eabi/usr/include -I/home/oleg/openwrt/staging_dir/toolchain-arm_cortex-a7_gcc-14.4.0_musl_eabi/usr/include -I/home/oleg/openwrt/staging_dir/toolchain-arm_cortex-a7_gcc-14.4.0_musl_eabi/include -I/home/oleg/openwrt/staging_dir/toolchain-arm_cortex-a7_gcc-14.4.0_musl_eabi/include/fortify -Wall -Waggregate-return -Wmissing-declarations -Wmissing-prototypes -Wshadow -Wstrict-prototypes -Wformat=2 -Wwrite-strings -pipe -fvisibility=hidden -Os -pipe -fno-caller-saves -fno-plt -fhonour-copts -mfloat-abi=soft -fmacro-prefix-map=/home/oleg/openwrt/build_dir/target-arm_cortex-a7_musl_eabi/libnftnl-1.3.1=libnftnl-1.3.1 -flto=auto -fno-fat-lto-objects -Wl,-z,max-page-size=4096 -Wformat -Werror=format-security -fstack-protector -D_FORTIFY_SOURCE=1 -Wl,-z,now -Wl,-z,relro -DPIC -fpic -c expr/limit.c  -fPIC -DPIC -o expr/.libs/limit.o
libtool: compile:  arm-openwrt-linux-muslgnueabi-gcc -DHAVE_CONFIG_H -I. -I.. -D_FILE_OFFSET_BITS=64 -D_REENTRANT -I../include -I/home/oleg/openwrt/staging_dir/target-arm_cortex-a7_musl_eabi/usr/include -I/home/oleg/openwrt/staging_dir/toolchain-arm_cortex-a7_gcc-14.4.0_musl_eabi/usr/include -I/home/oleg/openwrt/staging_dir/toolchain-arm_cortex-a7_gcc-14.4.0_musl_eabi/include -I/home/oleg/openwrt/staging_dir/toolchain-arm_cortex-a7_gcc-14.4.0_musl_eabi/include/fortify -Wall -Waggregate-return -Wmissing-declarations -Wmissing-prototypes -Wshadow -Wstrict-prototypes -Wformat=2 -Wwrite-strings -pipe -fvisibility=hidden -Os -pipe -fno-caller-saves -fno-plt -fhonour-copts -mfloat-abi=soft -fmacro-prefix-map=/home/oleg/openwrt/build_dir/target-arm_cortex-a7_musl_eabi/libnftnl-1.3.1=libnftnl-1.3.1 -flto=auto -fno-fat-lto-objects -Wl,-z,max-page-size=4096 -Wformat -Werror=format-security -fstack-protector -D_FORTIFY_SOURCE=1 -Wl,-z,now -Wl,-z,relro -DPIC -fpic -c expr/fwd.c -o expr/fwd.o >/dev/null 2>&1
libtool: compile:  arm-openwrt-linux-muslgnueabi-gcc -DHAVE_CONFIG_H -I. -I.. -D_FILE_OFFSET_BITS=64 -D_REENTRANT -I../include -I/home/oleg/openwrt/staging_dir/target-arm_cortex-a7_musl_eabi/usr/include -I/home/oleg/openwrt/staging_dir/toolchain-arm_cortex-a7_gcc-14.4.0_musl_eabi/usr/include -I/home/oleg/openwrt/staging_dir/toolchain-arm_cortex-a7_gcc-14.4.0_musl_eabi/include -I/home/oleg/openwrt/staging_dir/toolchain-arm_cortex-a7_gcc-14.4.0_musl_eabi/include/fortify -Wall -Waggregate-return -Wmissing-declarations -Wmissing-prototypes -Wshadow -Wstrict-prototypes -Wformat=2 -Wwrite-strings -pipe -fvisibility=hidden -Os -pipe -fno-caller-saves -fno-plt -fhonour-copts -mfloat-abi=soft -fmacro-prefix-map=/home/oleg/openwrt/build_dir/target-arm_cortex-a7_musl_eabi/libnftnl-1.3.1=libnftnl-1.3.1 -flto=auto -fno-fat-lto-objects -Wl,-z,max-page-size=4096 -Wformat -Werror=format-security -fstack-protector -D_FORTIFY_SOURCE=1 -Wl,-z,now -Wl,-z,relro -DPIC -fpic -c expr/fib.c -o expr/fib.o >/dev/null 2>&1
libtool: compile:  arm-openwrt-linux-muslgnueabi-gcc -DHAVE_CONFIG_H -I. -I.. -D_FILE_OFFSET_BITS=64 -D_REENTRANT -I../include -I/home/oleg/openwrt/staging_dir/target-arm_cortex-a7_musl_eabi/usr/include -I/home/oleg/openwrt/staging_dir/toolchain-arm_cortex-a7_gcc-14.4.0_musl_eabi/usr/include -I/home/oleg/openwrt/staging_dir/toolchain-arm_cortex-a7_gcc-14.4.0_musl_eabi/include -I/home/oleg/openwrt/staging_dir/toolchain-arm_cortex-a7_gcc-14.4.0_musl_eabi/include/fortify -Wall -Waggregate-return -Wmissing-declarations -Wmissing-prototypes -Wshadow -Wstrict-prototypes -Wformat=2 -Wwrite-strings -pipe -fvisibility=hidden -Os -pipe -fno-caller-saves -fno-plt -fhonour-copts -mfloat-abi=soft -fmacro-prefix-map=/home/oleg/openwrt/build_dir/target-arm_cortex-a7_musl_eabi/libnftnl-1.3.1=libnftnl-1.3.1 -flto=auto -fno-fat-lto-objects -Wl,-z,max-page-size=4096 -Wformat -Werror=format-security -fstack-protector -D_FORTIFY_SOURCE=1 -Wl,-z,now -Wl,-z,relro -DPIC -fpic -c expr/last.c -o expr/last.o >/dev/null 2>&1
/bin/bash ../libtool  --tag=CC   --mode=compile arm-openwrt-linux-muslgnueabi-gcc -DHAVE_CONFIG_H -I. -I..  -D_FILE_OFFSET_BITS=64 -D_REENTRANT -I../include -I/home/oleg/openwrt/staging_dir/target-arm_cortex-a7_musl_eabi/usr/include  -I/home/oleg/openwrt/staging_dir/toolchain-arm_cortex-a7_gcc-14.4.0_musl_eabi/usr/include -I/home/oleg/openwrt/staging_dir/toolchain-arm_cortex-a7_gcc-14.4.0_musl_eabi/include -I/home/oleg/openwrt/staging_dir/toolchain-arm_cortex-a7_gcc-14.4.0_musl_eabi/include/fortify  -Wall -Waggregate-return -Wmissing-declarations 	-Wmissing-prototypes -Wshadow -Wstrict-prototypes 	-Wformat=2 -Wwrite-strings -pipe -fvisibility=hidden -Os -pipe -fno-caller-saves -fno-plt -fhonour-copts -mfloat-abi=soft -fmacro-prefix-map=/home/oleg/openwrt/build_dir/target-arm_cortex-a7_musl_eabi/libnftnl-1.3.1=libnftnl-1.3.1 -flto=auto -fno-fat-lto-objects -Wl,-z,max-page-size=4096 -Wformat -Werror=format-security -fstack-protector -D_FORTIFY_SOURCE=1 -Wl,-z,now -Wl,-z,relro -DPIC -fpic  -c -o expr/match.lo expr/match.c
/bin/bash ../libtool  --tag=CC   --mode=compile arm-openwrt-linux-muslgnueabi-gcc -DHAVE_CONFIG_H -I. -I..  -D_FILE_OFFSET_BITS=64 -D_REENTRANT -I../include -I/home/oleg/openwrt/staging_dir/target-arm_cortex-a7_musl_eabi/usr/include  -I/home/oleg/openwrt/staging_dir/toolchain-arm_cortex-a7_gcc-14.4.0_musl_eabi/usr/include -I/home/oleg/openwrt/staging_dir/toolchain-arm_cortex-a7_gcc-14.4.0_musl_eabi/include -I/home/oleg/openwrt/staging_dir/toolchain-arm_cortex-a7_gcc-14.4.0_musl_eabi/include/fortify  -Wall -Waggregate-return -Wmissing-declarations 	-Wmissing-prototypes -Wshadow -Wstrict-prototypes 	-Wformat=2 -Wwrite-strings -pipe -fvisibility=hidden -Os -pipe -fno-caller-saves -fno-plt -fhonour-copts -mfloat-abi=soft -fmacro-prefix-map=/home/oleg/openwrt/build_dir/target-arm_cortex-a7_musl_eabi/libnftnl-1.3.1=libnftnl-1.3.1 -flto=auto -fno-fat-lto-objects -Wl,-z,max-page-size=4096 -Wformat -Werror=format-security -fstack-protector -D_FORTIFY_SOURCE=1 -Wl,-z,now -Wl,-z,relro -DPIC -fpic  -c -o expr/meta.lo expr/meta.c
libtool: compile:  arm-openwrt-linux-muslgnueabi-gcc -DHAVE_CONFIG_H -I. -I.. -D_FILE_OFFSET_BITS=64 -D_REENTRANT -I../include -I/home/oleg/openwrt/staging_dir/target-arm_cortex-a7_musl_eabi/usr/include -I/home/oleg/openwrt/staging_dir/toolchain-arm_cortex-a7_gcc-14.4.0_musl_eabi/usr/include -I/home/oleg/openwrt/staging_dir/toolchain-arm_cortex-a7_gcc-14.4.0_musl_eabi/include -I/home/oleg/openwrt/staging_dir/toolchain-arm_cortex-a7_gcc-14.4.0_musl_eabi/include/fortify -Wall -Waggregate-return -Wmissing-declarations -Wmissing-prototypes -Wshadow -Wstrict-prototypes -Wformat=2 -Wwrite-strings -pipe -fvisibility=hidden -Os -pipe -fno-caller-saves -fno-plt -fhonour-copts -mfloat-abi=soft -fmacro-prefix-map=/home/oleg/openwrt/build_dir/target-arm_cortex-a7_musl_eabi/libnftnl-1.3.1=libnftnl-1.3.1 -flto=auto -fno-fat-lto-objects -Wl,-z,max-page-size=4096 -Wformat -Werror=format-security -fstack-protector -D_FORTIFY_SOURCE=1 -Wl,-z,now -Wl,-z,relro -DPIC -fpic -c expr/log.c  -fPIC -DPIC -o expr/.libs/log.o
libtool: compile:  arm-openwrt-linux-muslgnueabi-gcc -DHAVE_CONFIG_H -I. -I.. -D_FILE_OFFSET_BITS=64 -D_REENTRANT -I../include -I/home/oleg/openwrt/staging_dir/target-arm_cortex-a7_musl_eabi/usr/include -I/home/oleg/openwrt/staging_dir/toolchain-arm_cortex-a7_gcc-14.4.0_musl_eabi/usr/include -I/home/oleg/openwrt/staging_dir/toolchain-arm_cortex-a7_gcc-14.4.0_musl_eabi/include -I/home/oleg/openwrt/staging_dir/toolchain-arm_cortex-a7_gcc-14.4.0_musl_eabi/include/fortify -Wall -Waggregate-return -Wmissing-declarations -Wmissing-prototypes -Wshadow -Wstrict-prototypes -Wformat=2 -Wwrite-strings -pipe -fvisibility=hidden -Os -pipe -fno-caller-saves -fno-plt -fhonour-copts -mfloat-abi=soft -fmacro-prefix-map=/home/oleg/openwrt/build_dir/target-arm_cortex-a7_musl_eabi/libnftnl-1.3.1=libnftnl-1.3.1 -flto=auto -fno-fat-lto-objects -Wl,-z,max-page-size=4096 -Wformat -Werror=format-security -fstack-protector -D_FORTIFY_SOURCE=1 -Wl,-z,now -Wl,-z,relro -DPIC -fpic -c expr/lookup.c  -fPIC -DPIC -o expr/.libs/lookup.o
/bin/bash ../libtool  --tag=CC   --mode=compile arm-openwrt-linux-muslgnueabi-gcc -DHAVE_CONFIG_H -I. -I..  -D_FILE_OFFSET_BITS=64 -D_REENTRANT -I../include -I/home/oleg/openwrt/staging_dir/target-arm_cortex-a7_musl_eabi/usr/include  -I/home/oleg/openwrt/staging_dir/toolchain-arm_cortex-a7_gcc-14.4.0_musl_eabi/usr/include -I/home/oleg/openwrt/staging_dir/toolchain-arm_cortex-a7_gcc-14.4.0_musl_eabi/include -I/home/oleg/openwrt/staging_dir/toolchain-arm_cortex-a7_gcc-14.4.0_musl_eabi/include/fortify  -Wall -Waggregate-return -Wmissing-declarations 	-Wmissing-prototypes -Wshadow -Wstrict-prototypes 	-Wformat=2 -Wwrite-strings -pipe -fvisibility=hidden -Os -pipe -fno-caller-saves -fno-plt -fhonour-copts -mfloat-abi=soft -fmacro-prefix-map=/home/oleg/openwrt/build_dir/target-arm_cortex-a7_musl_eabi/libnftnl-1.3.1=libnftnl-1.3.1 -flto=auto -fno-fat-lto-objects -Wl,-z,max-page-size=4096 -Wformat -Werror=format-security -fstack-protector -D_FORTIFY_SOURCE=1 -Wl,-z,now -Wl,-z,relro -DPIC -fpic  -c -o expr/numgen.lo expr/numgen.c
/bin/bash ../libtool  --tag=CC   --mode=compile arm-openwrt-linux-muslgnueabi-gcc -DHAVE_CONFIG_H -I. -I..  -D_FILE_OFFSET_BITS=64 -D_REENTRANT -I../include -I/home/oleg/openwrt/staging_dir/target-arm_cortex-a7_musl_eabi/usr/include  -I/home/oleg/openwrt/staging_dir/toolchain-arm_cortex-a7_gcc-14.4.0_musl_eabi/usr/include -I/home/oleg/openwrt/staging_dir/toolchain-arm_cortex-a7_gcc-14.4.0_musl_eabi/include -I/home/oleg/openwrt/staging_dir/toolchain-arm_cortex-a7_gcc-14.4.0_musl_eabi/include/fortify  -Wall -Waggregate-return -Wmissing-declarations 	-Wmissing-prototypes -Wshadow -Wstrict-prototypes 	-Wformat=2 -Wwrite-strings -pipe -fvisibility=hidden -Os -pipe -fno-caller-saves -fno-plt -fhonour-copts -mfloat-abi=soft -fmacro-prefix-map=/home/oleg/openwrt/build_dir/target-arm_cortex-a7_musl_eabi/libnftnl-1.3.1=libnftnl-1.3.1 -flto=auto -fno-fat-lto-objects -Wl,-z,max-page-size=4096 -Wformat -Werror=format-security -fstack-protector -D_FORTIFY_SOURCE=1 -Wl,-z,now -Wl,-z,relro -DPIC -fpic  -c -o expr/nat.lo expr/nat.c
libtool: compile:  arm-openwrt-linux-muslgnueabi-gcc -DHAVE_CONFIG_H -I. -I.. -D_FILE_OFFSET_BITS=64 -D_REENTRANT -I../include -I/home/oleg/openwrt/staging_dir/target-arm_cortex-a7_musl_eabi/usr/include -I/home/oleg/openwrt/staging_dir/toolchain-arm_cortex-a7_gcc-14.4.0_musl_eabi/usr/include -I/home/oleg/openwrt/staging_dir/toolchain-arm_cortex-a7_gcc-14.4.0_musl_eabi/include -I/home/oleg/openwrt/staging_dir/toolchain-arm_cortex-a7_gcc-14.4.0_musl_eabi/include/fortify -Wall -Waggregate-return -Wmissing-declarations -Wmissing-prototypes -Wshadow -Wstrict-prototypes -Wformat=2 -Wwrite-strings -pipe -fvisibility=hidden -Os -pipe -fno-caller-saves -fno-plt -fhonour-copts -mfloat-abi=soft -fmacro-prefix-map=/home/oleg/openwrt/build_dir/target-arm_cortex-a7_musl_eabi/libnftnl-1.3.1=libnftnl-1.3.1 -flto=auto -fno-fat-lto-objects -Wl,-z,max-page-size=4096 -Wformat -Werror=format-security -fstack-protector -D_FORTIFY_SOURCE=1 -Wl,-z,now -Wl,-z,relro -DPIC -fpic -c expr/immediate.c  -fPIC -DPIC -o expr/.libs/immediate.o
libtool: compile:  arm-openwrt-linux-muslgnueabi-gcc -DHAVE_CONFIG_H -I. -I.. -D_FILE_OFFSET_BITS=64 -D_REENTRANT -I../include -I/home/oleg/openwrt/staging_dir/target-arm_cortex-a7_musl_eabi/usr/include -I/home/oleg/openwrt/staging_dir/toolchain-arm_cortex-a7_gcc-14.4.0_musl_eabi/usr/include -I/home/oleg/openwrt/staging_dir/toolchain-arm_cortex-a7_gcc-14.4.0_musl_eabi/include -I/home/oleg/openwrt/staging_dir/toolchain-arm_cortex-a7_gcc-14.4.0_musl_eabi/include/fortify -Wall -Waggregate-return -Wmissing-declarations -Wmissing-prototypes -Wshadow -Wstrict-prototypes -Wformat=2 -Wwrite-strings -pipe -fvisibility=hidden -Os -pipe -fno-caller-saves -fno-plt -fhonour-copts -mfloat-abi=soft -fmacro-prefix-map=/home/oleg/openwrt/build_dir/target-arm_cortex-a7_musl_eabi/libnftnl-1.3.1=libnftnl-1.3.1 -flto=auto -fno-fat-lto-objects -Wl,-z,max-page-size=4096 -Wformat -Werror=format-security -fstack-protector -D_FORTIFY_SOURCE=1 -Wl,-z,now -Wl,-z,relro -DPIC -fpic -c expr/inner.c  -fPIC -DPIC -o expr/.libs/inner.o
libtool: compile:  arm-openwrt-linux-muslgnueabi-gcc -DHAVE_CONFIG_H -I. -I.. -D_FILE_OFFSET_BITS=64 -D_REENTRANT -I../include -I/home/oleg/openwrt/staging_dir/target-arm_cortex-a7_musl_eabi/usr/include -I/home/oleg/openwrt/staging_dir/toolchain-arm_cortex-a7_gcc-14.4.0_musl_eabi/usr/include -I/home/oleg/openwrt/staging_dir/toolchain-arm_cortex-a7_gcc-14.4.0_musl_eabi/include -I/home/oleg/openwrt/staging_dir/toolchain-arm_cortex-a7_gcc-14.4.0_musl_eabi/include/fortify -Wall -Waggregate-return -Wmissing-declarations -Wmissing-prototypes -Wshadow -Wstrict-prototypes -Wformat=2 -Wwrite-strings -pipe -fvisibility=hidden -Os -pipe -fno-caller-saves -fno-plt -fhonour-copts -mfloat-abi=soft -fmacro-prefix-map=/home/oleg/openwrt/build_dir/target-arm_cortex-a7_musl_eabi/libnftnl-1.3.1=libnftnl-1.3.1 -flto=auto -fno-fat-lto-objects -Wl,-z,max-page-size=4096 -Wformat -Werror=format-security -fstack-protector -D_FORTIFY_SOURCE=1 -Wl,-z,now -Wl,-z,relro -DPIC -fpic -c expr/dynset.c  -fPIC -DPIC -o expr/.libs/dynset.o
/bin/bash ../libtool  --tag=CC   --mode=compile arm-openwrt-linux-muslgnueabi-gcc -DHAVE_CONFIG_H -I. -I..  -D_FILE_OFFSET_BITS=64 -D_REENTRANT -I../include -I/home/oleg/openwrt/staging_dir/target-arm_cortex-a7_musl_eabi/usr/include  -I/home/oleg/openwrt/staging_dir/toolchain-arm_cortex-a7_gcc-14.4.0_musl_eabi/usr/include -I/home/oleg/openwrt/staging_dir/toolchain-arm_cortex-a7_gcc-14.4.0_musl_eabi/include -I/home/oleg/openwrt/staging_dir/toolchain-arm_cortex-a7_gcc-14.4.0_musl_eabi/include/fortify  -Wall -Waggregate-return -Wmissing-declarations 	-Wmissing-prototypes -Wshadow -Wstrict-prototypes 	-Wformat=2 -Wwrite-strings -pipe -fvisibility=hidden -Os -pipe -fno-caller-saves -fno-plt -fhonour-copts -mfloat-abi=soft -fmacro-prefix-map=/home/oleg/openwrt/build_dir/target-arm_cortex-a7_musl_eabi/libnftnl-1.3.1=libnftnl-1.3.1 -flto=auto -fno-fat-lto-objects -Wl,-z,max-page-size=4096 -Wformat -Werror=format-security -fstack-protector -D_FORTIFY_SOURCE=1 -Wl,-z,now -Wl,-z,relro -DPIC -fpic  -c -o expr/tproxy.lo expr/tproxy.c
/bin/bash ../libtool  --tag=CC   --mode=compile arm-openwrt-linux-muslgnueabi-gcc -DHAVE_CONFIG_H -I. -I..  -D_FILE_OFFSET_BITS=64 -D_REENTRANT -I../include -I/home/oleg/openwrt/staging_dir/target-arm_cortex-a7_musl_eabi/usr/include  -I/home/oleg/openwrt/staging_dir/toolchain-arm_cortex-a7_gcc-14.4.0_musl_eabi/usr/include -I/home/oleg/openwrt/staging_dir/toolchain-arm_cortex-a7_gcc-14.4.0_musl_eabi/include -I/home/oleg/openwrt/staging_dir/toolchain-arm_cortex-a7_gcc-14.4.0_musl_eabi/include/fortify  -Wall -Waggregate-return -Wmissing-declarations 	-Wmissing-prototypes -Wshadow -Wstrict-prototypes 	-Wformat=2 -Wwrite-strings -pipe -fvisibility=hidden -Os -pipe -fno-caller-saves -fno-plt -fhonour-copts -mfloat-abi=soft -fmacro-prefix-map=/home/oleg/openwrt/build_dir/target-arm_cortex-a7_musl_eabi/libnftnl-1.3.1=libnftnl-1.3.1 -flto=auto -fno-fat-lto-objects -Wl,-z,max-page-size=4096 -Wformat -Werror=format-security -fstack-protector -D_FORTIFY_SOURCE=1 -Wl,-z,now -Wl,-z,relro -DPIC -fpic  -c -o expr/objref.lo expr/objref.c
libtool: compile:  arm-openwrt-linux-muslgnueabi-gcc -DHAVE_CONFIG_H -I. -I.. -D_FILE_OFFSET_BITS=64 -D_REENTRANT -I../include -I/home/oleg/openwrt/staging_dir/target-arm_cortex-a7_musl_eabi/usr/include -I/home/oleg/openwrt/staging_dir/toolchain-arm_cortex-a7_gcc-14.4.0_musl_eabi/usr/include -I/home/oleg/openwrt/staging_dir/toolchain-arm_cortex-a7_gcc-14.4.0_musl_eabi/include -I/home/oleg/openwrt/staging_dir/toolchain-arm_cortex-a7_gcc-14.4.0_musl_eabi/include/fortify -Wall -Waggregate-return -Wmissing-declarations -Wmissing-prototypes -Wshadow -Wstrict-prototypes -Wformat=2 -Wwrite-strings -pipe -fvisibility=hidden -Os -pipe -fno-caller-saves -fno-plt -fhonour-copts -mfloat-abi=soft -fmacro-prefix-map=/home/oleg/openwrt/build_dir/target-arm_cortex-a7_musl_eabi/libnftnl-1.3.1=libnftnl-1.3.1 -flto=auto -fno-fat-lto-objects -Wl,-z,max-page-size=4096 -Wformat -Werror=format-security -fstack-protector -D_FORTIFY_SOURCE=1 -Wl,-z,now -Wl,-z,relro -DPIC -fpic -c expr/limit.c -o expr/limit.o >/dev/null 2>&1
/bin/bash ../libtool  --tag=CC   --mode=compile arm-openwrt-linux-muslgnueabi-gcc -DHAVE_CONFIG_H -I. -I..  -D_FILE_OFFSET_BITS=64 -D_REENTRANT -I../include -I/home/oleg/openwrt/staging_dir/target-arm_cortex-a7_musl_eabi/usr/include  -I/home/oleg/openwrt/staging_dir/toolchain-arm_cortex-a7_gcc-14.4.0_musl_eabi/usr/include -I/home/oleg/openwrt/staging_dir/toolchain-arm_cortex-a7_gcc-14.4.0_musl_eabi/include -I/home/oleg/openwrt/staging_dir/toolchain-arm_cortex-a7_gcc-14.4.0_musl_eabi/include/fortify  -Wall -Waggregate-return -Wmissing-declarations 	-Wmissing-prototypes -Wshadow -Wstrict-prototypes 	-Wformat=2 -Wwrite-strings -pipe -fvisibility=hidden -Os -pipe -fno-caller-saves -fno-plt -fhonour-copts -mfloat-abi=soft -fmacro-prefix-map=/home/oleg/openwrt/build_dir/target-arm_cortex-a7_musl_eabi/libnftnl-1.3.1=libnftnl-1.3.1 -flto=auto -fno-fat-lto-objects -Wl,-z,max-page-size=4096 -Wformat -Werror=format-security -fstack-protector -D_FORTIFY_SOURCE=1 -Wl,-z,now -Wl,-z,relro -DPIC -fpic  -c -o expr/payload.lo expr/payload.c
/bin/bash ../libtool  --tag=CC   --mode=compile arm-openwrt-linux-muslgnueabi-gcc -DHAVE_CONFIG_H -I. -I..  -D_FILE_OFFSET_BITS=64 -D_REENTRANT -I../include -I/home/oleg/openwrt/staging_dir/target-arm_cortex-a7_musl_eabi/usr/include  -I/home/oleg/openwrt/staging_dir/toolchain-arm_cortex-a7_gcc-14.4.0_musl_eabi/usr/include -I/home/oleg/openwrt/staging_dir/toolchain-arm_cortex-a7_gcc-14.4.0_musl_eabi/include -I/home/oleg/openwrt/staging_dir/toolchain-arm_cortex-a7_gcc-14.4.0_musl_eabi/include/fortify  -Wall -Waggregate-return -Wmissing-declarations 	-Wmissing-prototypes -Wshadow -Wstrict-prototypes 	-Wformat=2 -Wwrite-strings -pipe -fvisibility=hidden -Os -pipe -fno-caller-saves -fno-plt -fhonour-copts -mfloat-abi=soft -fmacro-prefix-map=/home/oleg/openwrt/build_dir/target-arm_cortex-a7_musl_eabi/libnftnl-1.3.1=libnftnl-1.3.1 -flto=auto -fno-fat-lto-objects -Wl,-z,max-page-size=4096 -Wformat -Werror=format-security -fstack-protector -D_FORTIFY_SOURCE=1 -Wl,-z,now -Wl,-z,relro -DPIC -fpic  -c -o expr/queue.lo expr/queue.c
libtool: compile:  arm-openwrt-linux-muslgnueabi-gcc -DHAVE_CONFIG_H -I. -I.. -D_FILE_OFFSET_BITS=64 -D_REENTRANT -I../include -I/home/oleg/openwrt/staging_dir/target-arm_cortex-a7_musl_eabi/usr/include -I/home/oleg/openwrt/staging_dir/toolchain-arm_cortex-a7_gcc-14.4.0_musl_eabi/usr/include -I/home/oleg/openwrt/staging_dir/toolchain-arm_cortex-a7_gcc-14.4.0_musl_eabi/include -I/home/oleg/openwrt/staging_dir/toolchain-arm_cortex-a7_gcc-14.4.0_musl_eabi/include/fortify -Wall -Waggregate-return -Wmissing-declarations -Wmissing-prototypes -Wshadow -Wstrict-prototypes -Wformat=2 -Wwrite-strings -pipe -fvisibility=hidden -Os -pipe -fno-caller-saves -fno-plt -fhonour-copts -mfloat-abi=soft -fmacro-prefix-map=/home/oleg/openwrt/build_dir/target-arm_cortex-a7_musl_eabi/libnftnl-1.3.1=libnftnl-1.3.1 -flto=auto -fno-fat-lto-objects -Wl,-z,max-page-size=4096 -Wformat -Werror=format-security -fstack-protector -D_FORTIFY_SOURCE=1 -Wl,-z,now -Wl,-z,relro -DPIC -fpic -c expr/lookup.c -o expr/lookup.o >/dev/null 2>&1
libtool: compile:  arm-openwrt-linux-muslgnueabi-gcc -DHAVE_CONFIG_H -I. -I.. -D_FILE_OFFSET_BITS=64 -D_REENTRANT -I../include -I/home/oleg/openwrt/staging_dir/target-arm_cortex-a7_musl_eabi/usr/include -I/home/oleg/openwrt/staging_dir/toolchain-arm_cortex-a7_gcc-14.4.0_musl_eabi/usr/include -I/home/oleg/openwrt/staging_dir/toolchain-arm_cortex-a7_gcc-14.4.0_musl_eabi/include -I/home/oleg/openwrt/staging_dir/toolchain-arm_cortex-a7_gcc-14.4.0_musl_eabi/include/fortify -Wall -Waggregate-return -Wmissing-declarations -Wmissing-prototypes -Wshadow -Wstrict-prototypes -Wformat=2 -Wwrite-strings -pipe -fvisibility=hidden -Os -pipe -fno-caller-saves -fno-plt -fhonour-copts -mfloat-abi=soft -fmacro-prefix-map=/home/oleg/openwrt/build_dir/target-arm_cortex-a7_musl_eabi/libnftnl-1.3.1=libnftnl-1.3.1 -flto=auto -fno-fat-lto-objects -Wl,-z,max-page-size=4096 -Wformat -Werror=format-security -fstack-protector -D_FORTIFY_SOURCE=1 -Wl,-z,now -Wl,-z,relro -DPIC -fpic -c expr/match.c  -fPIC -DPIC -o expr/.libs/match.o
libtool: compile:  arm-openwrt-linux-muslgnueabi-gcc -DHAVE_CONFIG_H -I. -I.. -D_FILE_OFFSET_BITS=64 -D_REENTRANT -I../include -I/home/oleg/openwrt/staging_dir/target-arm_cortex-a7_musl_eabi/usr/include -I/home/oleg/openwrt/staging_dir/toolchain-arm_cortex-a7_gcc-14.4.0_musl_eabi/usr/include -I/home/oleg/openwrt/staging_dir/toolchain-arm_cortex-a7_gcc-14.4.0_musl_eabi/include -I/home/oleg/openwrt/staging_dir/toolchain-arm_cortex-a7_gcc-14.4.0_musl_eabi/include/fortify -Wall -Waggregate-return -Wmissing-declarations -Wmissing-prototypes -Wshadow -Wstrict-prototypes -Wformat=2 -Wwrite-strings -pipe -fvisibility=hidden -Os -pipe -fno-caller-saves -fno-plt -fhonour-copts -mfloat-abi=soft -fmacro-prefix-map=/home/oleg/openwrt/build_dir/target-arm_cortex-a7_musl_eabi/libnftnl-1.3.1=libnftnl-1.3.1 -flto=auto -fno-fat-lto-objects -Wl,-z,max-page-size=4096 -Wformat -Werror=format-security -fstack-protector -D_FORTIFY_SOURCE=1 -Wl,-z,now -Wl,-z,relro -DPIC -fpic -c expr/log.c -o expr/log.o >/dev/null 2>&1
libtool: compile:  arm-openwrt-linux-muslgnueabi-gcc -DHAVE_CONFIG_H -I. -I.. -D_FILE_OFFSET_BITS=64 -D_REENTRANT -I../include -I/home/oleg/openwrt/staging_dir/target-arm_cortex-a7_musl_eabi/usr/include -I/home/oleg/openwrt/staging_dir/toolchain-arm_cortex-a7_gcc-14.4.0_musl_eabi/usr/include -I/home/oleg/openwrt/staging_dir/toolchain-arm_cortex-a7_gcc-14.4.0_musl_eabi/include -I/home/oleg/openwrt/staging_dir/toolchain-arm_cortex-a7_gcc-14.4.0_musl_eabi/include/fortify -Wall -Waggregate-return -Wmissing-declarations -Wmissing-prototypes -Wshadow -Wstrict-prototypes -Wformat=2 -Wwrite-strings -pipe -fvisibility=hidden -Os -pipe -fno-caller-saves -fno-plt -fhonour-copts -mfloat-abi=soft -fmacro-prefix-map=/home/oleg/openwrt/build_dir/target-arm_cortex-a7_musl_eabi/libnftnl-1.3.1=libnftnl-1.3.1 -flto=auto -fno-fat-lto-objects -Wl,-z,max-page-size=4096 -Wformat -Werror=format-security -fstack-protector -D_FORTIFY_SOURCE=1 -Wl,-z,now -Wl,-z,relro -DPIC -fpic -c expr/meta.c  -fPIC -DPIC -o expr/.libs/meta.o
libtool: compile:  arm-openwrt-linux-muslgnueabi-gcc -DHAVE_CONFIG_H -I. -I.. -D_FILE_OFFSET_BITS=64 -D_REENTRANT -I../include -I/home/oleg/openwrt/staging_dir/target-arm_cortex-a7_musl_eabi/usr/include -I/home/oleg/openwrt/staging_dir/toolchain-arm_cortex-a7_gcc-14.4.0_musl_eabi/usr/include -I/home/oleg/openwrt/staging_dir/toolchain-arm_cortex-a7_gcc-14.4.0_musl_eabi/include -I/home/oleg/openwrt/staging_dir/toolchain-arm_cortex-a7_gcc-14.4.0_musl_eabi/include/fortify -Wall -Waggregate-return -Wmissing-declarations -Wmissing-prototypes -Wshadow -Wstrict-prototypes -Wformat=2 -Wwrite-strings -pipe -fvisibility=hidden -Os -pipe -fno-caller-saves -fno-plt -fhonour-copts -mfloat-abi=soft -fmacro-prefix-map=/home/oleg/openwrt/build_dir/target-arm_cortex-a7_musl_eabi/libnftnl-1.3.1=libnftnl-1.3.1 -flto=auto -fno-fat-lto-objects -Wl,-z,max-page-size=4096 -Wformat -Werror=format-security -fstack-protector -D_FORTIFY_SOURCE=1 -Wl,-z,now -Wl,-z,relro -DPIC -fpic -c expr/inner.c -o expr/inner.o >/dev/null 2>&1
libtool: compile:  arm-openwrt-linux-muslgnueabi-gcc -DHAVE_CONFIG_H -I. -I.. -D_FILE_OFFSET_BITS=64 -D_REENTRANT -I../include -I/home/oleg/openwrt/staging_dir/target-arm_cortex-a7_musl_eabi/usr/include -I/home/oleg/openwrt/staging_dir/toolchain-arm_cortex-a7_gcc-14.4.0_musl_eabi/usr/include -I/home/oleg/openwrt/staging_dir/toolchain-arm_cortex-a7_gcc-14.4.0_musl_eabi/include -I/home/oleg/openwrt/staging_dir/toolchain-arm_cortex-a7_gcc-14.4.0_musl_eabi/include/fortify -Wall -Waggregate-return -Wmissing-declarations -Wmissing-prototypes -Wshadow -Wstrict-prototypes -Wformat=2 -Wwrite-strings -pipe -fvisibility=hidden -Os -pipe -fno-caller-saves -fno-plt -fhonour-copts -mfloat-abi=soft -fmacro-prefix-map=/home/oleg/openwrt/build_dir/target-arm_cortex-a7_musl_eabi/libnftnl-1.3.1=libnftnl-1.3.1 -flto=auto -fno-fat-lto-objects -Wl,-z,max-page-size=4096 -Wformat -Werror=format-security -fstack-protector -D_FORTIFY_SOURCE=1 -Wl,-z,now -Wl,-z,relro -DPIC -fpic -c expr/numgen.c  -fPIC -DPIC -o expr/.libs/numgen.o
libtool: compile:  arm-openwrt-linux-muslgnueabi-gcc -DHAVE_CONFIG_H -I. -I.. -D_FILE_OFFSET_BITS=64 -D_REENTRANT -I../include -I/home/oleg/openwrt/staging_dir/target-arm_cortex-a7_musl_eabi/usr/include -I/home/oleg/openwrt/staging_dir/toolchain-arm_cortex-a7_gcc-14.4.0_musl_eabi/usr/include -I/home/oleg/openwrt/staging_dir/toolchain-arm_cortex-a7_gcc-14.4.0_musl_eabi/include -I/home/oleg/openwrt/staging_dir/toolchain-arm_cortex-a7_gcc-14.4.0_musl_eabi/include/fortify -Wall -Waggregate-return -Wmissing-declarations -Wmissing-prototypes -Wshadow -Wstrict-prototypes -Wformat=2 -Wwrite-strings -pipe -fvisibility=hidden -Os -pipe -fno-caller-saves -fno-plt -fhonour-copts -mfloat-abi=soft -fmacro-prefix-map=/home/oleg/openwrt/build_dir/target-arm_cortex-a7_musl_eabi/libnftnl-1.3.1=libnftnl-1.3.1 -flto=auto -fno-fat-lto-objects -Wl,-z,max-page-size=4096 -Wformat -Werror=format-security -fstack-protector -D_FORTIFY_SOURCE=1 -Wl,-z,now -Wl,-z,relro -DPIC -fpic -c expr/nat.c  -fPIC -DPIC -o expr/.libs/nat.o
libtool: compile:  arm-openwrt-linux-muslgnueabi-gcc -DHAVE_CONFIG_H -I. -I.. -D_FILE_OFFSET_BITS=64 -D_REENTRANT -I../include -I/home/oleg/openwrt/staging_dir/target-arm_cortex-a7_musl_eabi/usr/include -I/home/oleg/openwrt/staging_dir/toolchain-arm_cortex-a7_gcc-14.4.0_musl_eabi/usr/include -I/home/oleg/openwrt/staging_dir/toolchain-arm_cortex-a7_gcc-14.4.0_musl_eabi/include -I/home/oleg/openwrt/staging_dir/toolchain-arm_cortex-a7_gcc-14.4.0_musl_eabi/include/fortify -Wall -Waggregate-return -Wmissing-declarations -Wmissing-prototypes -Wshadow -Wstrict-prototypes -Wformat=2 -Wwrite-strings -pipe -fvisibility=hidden -Os -pipe -fno-caller-saves -fno-plt -fhonour-copts -mfloat-abi=soft -fmacro-prefix-map=/home/oleg/openwrt/build_dir/target-arm_cortex-a7_musl_eabi/libnftnl-1.3.1=libnftnl-1.3.1 -flto=auto -fno-fat-lto-objects -Wl,-z,max-page-size=4096 -Wformat -Werror=format-security -fstack-protector -D_FORTIFY_SOURCE=1 -Wl,-z,now -Wl,-z,relro -DPIC -fpic -c expr/immediate.c -o expr/immediate.o >/dev/null 2>&1
libtool: compile:  arm-openwrt-linux-muslgnueabi-gcc -DHAVE_CONFIG_H -I. -I.. -D_FILE_OFFSET_BITS=64 -D_REENTRANT -I../include -I/home/oleg/openwrt/staging_dir/target-arm_cortex-a7_musl_eabi/usr/include -I/home/oleg/openwrt/staging_dir/toolchain-arm_cortex-a7_gcc-14.4.0_musl_eabi/usr/include -I/home/oleg/openwrt/staging_dir/toolchain-arm_cortex-a7_gcc-14.4.0_musl_eabi/include -I/home/oleg/openwrt/staging_dir/toolchain-arm_cortex-a7_gcc-14.4.0_musl_eabi/include/fortify -Wall -Waggregate-return -Wmissing-declarations -Wmissing-prototypes -Wshadow -Wstrict-prototypes -Wformat=2 -Wwrite-strings -pipe -fvisibility=hidden -Os -pipe -fno-caller-saves -fno-plt -fhonour-copts -mfloat-abi=soft -fmacro-prefix-map=/home/oleg/openwrt/build_dir/target-arm_cortex-a7_musl_eabi/libnftnl-1.3.1=libnftnl-1.3.1 -flto=auto -fno-fat-lto-objects -Wl,-z,max-page-size=4096 -Wformat -Werror=format-security -fstack-protector -D_FORTIFY_SOURCE=1 -Wl,-z,now -Wl,-z,relro -DPIC -fpic -c expr/dynset.c -o expr/dynset.o >/dev/null 2>&1
/bin/bash ../libtool  --tag=CC   --mode=compile arm-openwrt-linux-muslgnueabi-gcc -DHAVE_CONFIG_H -I. -I..  -D_FILE_OFFSET_BITS=64 -D_REENTRANT -I../include -I/home/oleg/openwrt/staging_dir/target-arm_cortex-a7_musl_eabi/usr/include  -I/home/oleg/openwrt/staging_dir/toolchain-arm_cortex-a7_gcc-14.4.0_musl_eabi/usr/include -I/home/oleg/openwrt/staging_dir/toolchain-arm_cortex-a7_gcc-14.4.0_musl_eabi/include -I/home/oleg/openwrt/staging_dir/toolchain-arm_cortex-a7_gcc-14.4.0_musl_eabi/include/fortify  -Wall -Waggregate-return -Wmissing-declarations 	-Wmissing-prototypes -Wshadow -Wstrict-prototypes 	-Wformat=2 -Wwrite-strings -pipe -fvisibility=hidden -Os -pipe -fno-caller-saves -fno-plt -fhonour-copts -mfloat-abi=soft -fmacro-prefix-map=/home/oleg/openwrt/build_dir/target-arm_cortex-a7_musl_eabi/libnftnl-1.3.1=libnftnl-1.3.1 -flto=auto -fno-fat-lto-objects -Wl,-z,max-page-size=4096 -Wformat -Werror=format-security -fstack-protector -D_FORTIFY_SOURCE=1 -Wl,-z,now -Wl,-z,relro -DPIC -fpic  -c -o expr/quota.lo expr/quota.c
libtool: compile:  arm-openwrt-linux-muslgnueabi-gcc -DHAVE_CONFIG_H -I. -I.. -D_FILE_OFFSET_BITS=64 -D_REENTRANT -I../include -I/home/oleg/openwrt/staging_dir/target-arm_cortex-a7_musl_eabi/usr/include -I/home/oleg/openwrt/staging_dir/toolchain-arm_cortex-a7_gcc-14.4.0_musl_eabi/usr/include -I/home/oleg/openwrt/staging_dir/toolchain-arm_cortex-a7_gcc-14.4.0_musl_eabi/include -I/home/oleg/openwrt/staging_dir/toolchain-arm_cortex-a7_gcc-14.4.0_musl_eabi/include/fortify -Wall -Waggregate-return -Wmissing-declarations -Wmissing-prototypes -Wshadow -Wstrict-prototypes -Wformat=2 -Wwrite-strings -pipe -fvisibility=hidden -Os -pipe -fno-caller-saves -fno-plt -fhonour-copts -mfloat-abi=soft -fmacro-prefix-map=/home/oleg/openwrt/build_dir/target-arm_cortex-a7_musl_eabi/libnftnl-1.3.1=libnftnl-1.3.1 -flto=auto -fno-fat-lto-objects -Wl,-z,max-page-size=4096 -Wformat -Werror=format-security -fstack-protector -D_FORTIFY_SOURCE=1 -Wl,-z,now -Wl,-z,relro -DPIC -fpic -c expr/tproxy.c  -fPIC -DPIC -o expr/.libs/tproxy.o
libtool: compile:  arm-openwrt-linux-muslgnueabi-gcc -DHAVE_CONFIG_H -I. -I.. -D_FILE_OFFSET_BITS=64 -D_REENTRANT -I../include -I/home/oleg/openwrt/staging_dir/target-arm_cortex-a7_musl_eabi/usr/include -I/home/oleg/openwrt/staging_dir/toolchain-arm_cortex-a7_gcc-14.4.0_musl_eabi/usr/include -I/home/oleg/openwrt/staging_dir/toolchain-arm_cortex-a7_gcc-14.4.0_musl_eabi/include -I/home/oleg/openwrt/staging_dir/toolchain-arm_cortex-a7_gcc-14.4.0_musl_eabi/include/fortify -Wall -Waggregate-return -Wmissing-declarations -Wmissing-prototypes -Wshadow -Wstrict-prototypes -Wformat=2 -Wwrite-strings -pipe -fvisibility=hidden -Os -pipe -fno-caller-saves -fno-plt -fhonour-copts -mfloat-abi=soft -fmacro-prefix-map=/home/oleg/openwrt/build_dir/target-arm_cortex-a7_musl_eabi/libnftnl-1.3.1=libnftnl-1.3.1 -flto=auto -fno-fat-lto-objects -Wl,-z,max-page-size=4096 -Wformat -Werror=format-security -fstack-protector -D_FORTIFY_SOURCE=1 -Wl,-z,now -Wl,-z,relro -DPIC -fpic -c expr/match.c -o expr/match.o >/dev/null 2>&1
libtool: compile:  arm-openwrt-linux-muslgnueabi-gcc -DHAVE_CONFIG_H -I. -I.. -D_FILE_OFFSET_BITS=64 -D_REENTRANT -I../include -I/home/oleg/openwrt/staging_dir/target-arm_cortex-a7_musl_eabi/usr/include -I/home/oleg/openwrt/staging_dir/toolchain-arm_cortex-a7_gcc-14.4.0_musl_eabi/usr/include -I/home/oleg/openwrt/staging_dir/toolchain-arm_cortex-a7_gcc-14.4.0_musl_eabi/include -I/home/oleg/openwrt/staging_dir/toolchain-arm_cortex-a7_gcc-14.4.0_musl_eabi/include/fortify -Wall -Waggregate-return -Wmissing-declarations -Wmissing-prototypes -Wshadow -Wstrict-prototypes -Wformat=2 -Wwrite-strings -pipe -fvisibility=hidden -Os -pipe -fno-caller-saves -fno-plt -fhonour-copts -mfloat-abi=soft -fmacro-prefix-map=/home/oleg/openwrt/build_dir/target-arm_cortex-a7_musl_eabi/libnftnl-1.3.1=libnftnl-1.3.1 -flto=auto -fno-fat-lto-objects -Wl,-z,max-page-size=4096 -Wformat -Werror=format-security -fstack-protector -D_FORTIFY_SOURCE=1 -Wl,-z,now -Wl,-z,relro -DPIC -fpic -c expr/objref.c  -fPIC -DPIC -o expr/.libs/objref.o
/bin/bash ../libtool  --tag=CC   --mode=compile arm-openwrt-linux-muslgnueabi-gcc -DHAVE_CONFIG_H -I. -I..  -D_FILE_OFFSET_BITS=64 -D_REENTRANT -I../include -I/home/oleg/openwrt/staging_dir/target-arm_cortex-a7_musl_eabi/usr/include  -I/home/oleg/openwrt/staging_dir/toolchain-arm_cortex-a7_gcc-14.4.0_musl_eabi/usr/include -I/home/oleg/openwrt/staging_dir/toolchain-arm_cortex-a7_gcc-14.4.0_musl_eabi/include -I/home/oleg/openwrt/staging_dir/toolchain-arm_cortex-a7_gcc-14.4.0_musl_eabi/include/fortify  -Wall -Waggregate-return -Wmissing-declarations 	-Wmissing-prototypes -Wshadow -Wstrict-prototypes 	-Wformat=2 -Wwrite-strings -pipe -fvisibility=hidden -Os -pipe -fno-caller-saves -fno-plt -fhonour-copts -mfloat-abi=soft -fmacro-prefix-map=/home/oleg/openwrt/build_dir/target-arm_cortex-a7_musl_eabi/libnftnl-1.3.1=libnftnl-1.3.1 -flto=auto -fno-fat-lto-objects -Wl,-z,max-page-size=4096 -Wformat -Werror=format-security -fstack-protector -D_FORTIFY_SOURCE=1 -Wl,-z,now -Wl,-z,relro -DPIC -fpic  -c -o expr/reject.lo expr/reject.c
  MODPOST Module.symvers
libtool: compile:  arm-openwrt-linux-muslgnueabi-gcc -DHAVE_CONFIG_H -I. -I.. -D_FILE_OFFSET_BITS=64 -D_REENTRANT -I../include -I/home/oleg/openwrt/staging_dir/target-arm_cortex-a7_musl_eabi/usr/include -I/home/oleg/openwrt/staging_dir/toolchain-arm_cortex-a7_gcc-14.4.0_musl_eabi/usr/include -I/home/oleg/openwrt/staging_dir/toolchain-arm_cortex-a7_gcc-14.4.0_musl_eabi/include -I/home/oleg/openwrt/staging_dir/toolchain-arm_cortex-a7_gcc-14.4.0_musl_eabi/include/fortify -Wall -Waggregate-return -Wmissing-declarations -Wmissing-prototypes -Wshadow -Wstrict-prototypes -Wformat=2 -Wwrite-strings -pipe -fvisibility=hidden -Os -pipe -fno-caller-saves -fno-plt -fhonour-copts -mfloat-abi=soft -fmacro-prefix-map=/home/oleg/openwrt/build_dir/target-arm_cortex-a7_musl_eabi/libnftnl-1.3.1=libnftnl-1.3.1 -flto=auto -fno-fat-lto-objects -Wl,-z,max-page-size=4096 -Wformat -Werror=format-security -fstack-protector -D_FORTIFY_SOURCE=1 -Wl,-z,now -Wl,-z,relro -DPIC -fpic -c expr/payload.c  -fPIC -DPIC -o expr/.libs/payload.o
WARNING: modpost: missing MODULE_DESCRIPTION() in gpio-button-hotplug.o
libtool: compile:  arm-openwrt-linux-muslgnueabi-gcc -DHAVE_CONFIG_H -I. -I.. -D_FILE_OFFSET_BITS=64 -D_REENTRANT -I../include -I/home/oleg/openwrt/staging_dir/target-arm_cortex-a7_musl_eabi/usr/include -I/home/oleg/openwrt/staging_dir/toolchain-arm_cortex-a7_gcc-14.4.0_musl_eabi/usr/include -I/home/oleg/openwrt/staging_dir/toolchain-arm_cortex-a7_gcc-14.4.0_musl_eabi/include -I/home/oleg/openwrt/staging_dir/toolchain-arm_cortex-a7_gcc-14.4.0_musl_eabi/include/fortify -Wall -Waggregate-return -Wmissing-declarations -Wmissing-prototypes -Wshadow -Wstrict-prototypes -Wformat=2 -Wwrite-strings -pipe -fvisibility=hidden -Os -pipe -fno-caller-saves -fno-plt -fhonour-copts -mfloat-abi=soft -fmacro-prefix-map=/home/oleg/openwrt/build_dir/target-arm_cortex-a7_musl_eabi/libnftnl-1.3.1=libnftnl-1.3.1 -flto=auto -fno-fat-lto-objects -Wl,-z,max-page-size=4096 -Wformat -Werror=format-security -fstack-protector -D_FORTIFY_SOURCE=1 -Wl,-z,now -Wl,-z,relro -DPIC -fpic -c expr/queue.c  -fPIC -DPIC -o expr/.libs/queue.o
/bin/bash ../libtool  --tag=CC   --mode=compile arm-openwrt-linux-muslgnueabi-gcc -DHAVE_CONFIG_H -I. -I..  -D_FILE_OFFSET_BITS=64 -D_REENTRANT -I../include -I/home/oleg/openwrt/staging_dir/target-arm_cortex-a7_musl_eabi/usr/include  -I/home/oleg/openwrt/staging_dir/toolchain-arm_cortex-a7_gcc-14.4.0_musl_eabi/usr/include -I/home/oleg/openwrt/staging_dir/toolchain-arm_cortex-a7_gcc-14.4.0_musl_eabi/include -I/home/oleg/openwrt/staging_dir/toolchain-arm_cortex-a7_gcc-14.4.0_musl_eabi/include/fortify  -Wall -Waggregate-return -Wmissing-declarations 	-Wmissing-prototypes -Wshadow -Wstrict-prototypes 	-Wformat=2 -Wwrite-strings -pipe -fvisibility=hidden -Os -pipe -fno-caller-saves -fno-plt -fhonour-copts -mfloat-abi=soft -fmacro-prefix-map=/home/oleg/openwrt/build_dir/target-arm_cortex-a7_musl_eabi/libnftnl-1.3.1=libnftnl-1.3.1 -flto=auto -fno-fat-lto-objects -Wl,-z,max-page-size=4096 -Wformat -Werror=format-security -fstack-protector -D_FORTIFY_SOURCE=1 -Wl,-z,now -Wl,-z,relro -DPIC -fpic  -c -o expr/rt.lo expr/rt.c
libtool: compile:  arm-openwrt-linux-muslgnueabi-gcc -DHAVE_CONFIG_H -I. -I.. -D_FILE_OFFSET_BITS=64 -D_REENTRANT -I../include -I/home/oleg/openwrt/staging_dir/target-arm_cortex-a7_musl_eabi/usr/include -I/home/oleg/openwrt/staging_dir/toolchain-arm_cortex-a7_gcc-14.4.0_musl_eabi/usr/include -I/home/oleg/openwrt/staging_dir/toolchain-arm_cortex-a7_gcc-14.4.0_musl_eabi/include -I/home/oleg/openwrt/staging_dir/toolchain-arm_cortex-a7_gcc-14.4.0_musl_eabi/include/fortify -Wall -Waggregate-return -Wmissing-declarations -Wmissing-prototypes -Wshadow -Wstrict-prototypes -Wformat=2 -Wwrite-strings -pipe -fvisibility=hidden -Os -pipe -fno-caller-saves -fno-plt -fhonour-copts -mfloat-abi=soft -fmacro-prefix-map=/home/oleg/openwrt/build_dir/target-arm_cortex-a7_musl_eabi/libnftnl-1.3.1=libnftnl-1.3.1 -flto=auto -fno-fat-lto-objects -Wl,-z,max-page-size=4096 -Wformat -Werror=format-security -fstack-protector -D_FORTIFY_SOURCE=1 -Wl,-z,now -Wl,-z,relro -DPIC -fpic -c expr/meta.c -o expr/meta.o >/dev/null 2>&1
libtool: compile:  arm-openwrt-linux-muslgnueabi-gcc -DHAVE_CONFIG_H -I. -I.. -D_FILE_OFFSET_BITS=64 -D_REENTRANT -I../include -I/home/oleg/openwrt/staging_dir/target-arm_cortex-a7_musl_eabi/usr/include -I/home/oleg/openwrt/staging_dir/toolchain-arm_cortex-a7_gcc-14.4.0_musl_eabi/usr/include -I/home/oleg/openwrt/staging_dir/toolchain-arm_cortex-a7_gcc-14.4.0_musl_eabi/include -I/home/oleg/openwrt/staging_dir/toolchain-arm_cortex-a7_gcc-14.4.0_musl_eabi/include/fortify -Wall -Waggregate-return -Wmissing-declarations -Wmissing-prototypes -Wshadow -Wstrict-prototypes -Wformat=2 -Wwrite-strings -pipe -fvisibility=hidden -Os -pipe -fno-caller-saves -fno-plt -fhonour-copts -mfloat-abi=soft -fmacro-prefix-map=/home/oleg/openwrt/build_dir/target-arm_cortex-a7_musl_eabi/libnftnl-1.3.1=libnftnl-1.3.1 -flto=auto -fno-fat-lto-objects -Wl,-z,max-page-size=4096 -Wformat -Werror=format-security -fstack-protector -D_FORTIFY_SOURCE=1 -Wl,-z,now -Wl,-z,relro -DPIC -fpic -c expr/numgen.c -o expr/numgen.o >/dev/null 2>&1
/bin/bash ../libtool  --tag=CC   --mode=compile arm-openwrt-linux-muslgnueabi-gcc -DHAVE_CONFIG_H -I. -I..  -D_FILE_OFFSET_BITS=64 -D_REENTRANT -I../include -I/home/oleg/openwrt/staging_dir/target-arm_cortex-a7_musl_eabi/usr/include  -I/home/oleg/openwrt/staging_dir/toolchain-arm_cortex-a7_gcc-14.4.0_musl_eabi/usr/include -I/home/oleg/openwrt/staging_dir/toolchain-arm_cortex-a7_gcc-14.4.0_musl_eabi/include -I/home/oleg/openwrt/staging_dir/toolchain-arm_cortex-a7_gcc-14.4.0_musl_eabi/include/fortify  -Wall -Waggregate-return -Wmissing-declarations 	-Wmissing-prototypes -Wshadow -Wstrict-prototypes 	-Wformat=2 -Wwrite-strings -pipe -fvisibility=hidden -Os -pipe -fno-caller-saves -fno-plt -fhonour-copts -mfloat-abi=soft -fmacro-prefix-map=/home/oleg/openwrt/build_dir/target-arm_cortex-a7_musl_eabi/libnftnl-1.3.1=libnftnl-1.3.1 -flto=auto -fno-fat-lto-objects -Wl,-z,max-page-size=4096 -Wformat -Werror=format-security -fstack-protector -D_FORTIFY_SOURCE=1 -Wl,-z,now -Wl,-z,relro -DPIC -fpic  -c -o expr/target.lo expr/target.c
libtool: compile:  arm-openwrt-linux-muslgnueabi-gcc -DHAVE_CONFIG_H -I. -I.. -D_FILE_OFFSET_BITS=64 -D_REENTRANT -I../include -I/home/oleg/openwrt/staging_dir/target-arm_cortex-a7_musl_eabi/usr/include -I/home/oleg/openwrt/staging_dir/toolchain-arm_cortex-a7_gcc-14.4.0_musl_eabi/usr/include -I/home/oleg/openwrt/staging_dir/toolchain-arm_cortex-a7_gcc-14.4.0_musl_eabi/include -I/home/oleg/openwrt/staging_dir/toolchain-arm_cortex-a7_gcc-14.4.0_musl_eabi/include/fortify -Wall -Waggregate-return -Wmissing-declarations -Wmissing-prototypes -Wshadow -Wstrict-prototypes -Wformat=2 -Wwrite-strings -pipe -fvisibility=hidden -Os -pipe -fno-caller-saves -fno-plt -fhonour-copts -mfloat-abi=soft -fmacro-prefix-map=/home/oleg/openwrt/build_dir/target-arm_cortex-a7_musl_eabi/libnftnl-1.3.1=libnftnl-1.3.1 -flto=auto -fno-fat-lto-objects -Wl,-z,max-page-size=4096 -Wformat -Werror=format-security -fstack-protector -D_FORTIFY_SOURCE=1 -Wl,-z,now -Wl,-z,relro -DPIC -fpic -c expr/nat.c -o expr/nat.o >/dev/null 2>&1
make[5]: Leaving directory '/home/oleg/openwrt/build_dir/target-arm_cortex-a7_musl_eabi/linux-airoha_an7563/gpio-button-hotplug'
make[4]: Leaving directory '/home/oleg/openwrt/build_dir/target-arm_cortex-a7_musl_eabi/linux-airoha_an7563/linux-6.18.37'
/bin/bash ../libtool  --tag=CC   --mode=compile arm-openwrt-linux-muslgnueabi-gcc -DHAVE_CONFIG_H -I. -I..  -D_FILE_OFFSET_BITS=64 -D_REENTRANT -I../include -I/home/oleg/openwrt/staging_dir/target-arm_cortex-a7_musl_eabi/usr/include  -I/home/oleg/openwrt/staging_dir/toolchain-arm_cortex-a7_gcc-14.4.0_musl_eabi/usr/include -I/home/oleg/openwrt/staging_dir/toolchain-arm_cortex-a7_gcc-14.4.0_musl_eabi/include -I/home/oleg/openwrt/staging_dir/toolchain-arm_cortex-a7_gcc-14.4.0_musl_eabi/include/fortify  -Wall -Waggregate-return -Wmissing-declarations 	-Wmissing-prototypes -Wshadow -Wstrict-prototypes 	-Wformat=2 -Wwrite-strings -pipe -fvisibility=hidden -Os -pipe -fno-caller-saves -fno-plt -fhonour-copts -mfloat-abi=soft -fmacro-prefix-map=/home/oleg/openwrt/build_dir/target-arm_cortex-a7_musl_eabi/libnftnl-1.3.1=libnftnl-1.3.1 -flto=auto -fno-fat-lto-objects -Wl,-z,max-page-size=4096 -Wformat -Werror=format-security -fstack-protector -D_FORTIFY_SOURCE=1 -Wl,-z,now -Wl,-z,relro -DPIC -fpic  -c -o expr/tunnel.lo expr/tunnel.c
for subdir in .; do realdir=$(readlink -f /home/oleg/openwrt/build_dir/target-arm_cortex-a7_musl_eabi/linux-airoha_an7563/gpio-button-hotplug); grep -F /home/oleg/openwrt/build_dir/target-arm_cortex-a7_musl_eabi/linux-airoha_an7563/gpio-button-hotplug /home/oleg/openwrt/build_dir/target-arm_cortex-a7_musl_eabi/linux-airoha_an7563/gpio-button-hotplug/$subdir/Module.symvers >> /home/oleg/openwrt/build_dir/target-arm_cortex-a7_musl_eabi/linux-airoha_an7563/gpio-button-hotplug/Module.symvers.tmp; [ "/home/oleg/openwrt/build_dir/target-arm_cortex-a7_musl_eabi/linux-airoha_an7563/gpio-button-hotplug" = "$realdir" ] || grep -F $realdir /home/oleg/openwrt/build_dir/target-arm_cortex-a7_musl_eabi/linux-airoha_an7563/gpio-button-hotplug/$subdir/Module.symvers >> /home/oleg/openwrt/build_dir/target-arm_cortex-a7_musl_eabi/linux-airoha_an7563/gpio-button-hotplug/Module.symvers.tmp; [ -s "/home/oleg/openwrt/build_dir/target-arm_cortex-a7_musl_eabi/linux-airoha_an7563/gpio-button-hotplug/Module.symvers.tmp" ] || [ "6.18" = "6.18" ] && sed 's/\.o$//' /home/oleg/openwrt/build_dir/target-arm_cortex-a7_musl_eabi/linux-airoha_an7563/gpio-button-hotplug/$subdir/modules.order | grep -Ff - /home/oleg/openwrt/build_dir/target-arm_cortex-a7_musl_eabi/linux-airoha_an7563/gpio-button-hotplug/$subdir/Module.symvers >> /home/oleg/openwrt/build_dir/target-arm_cortex-a7_musl_eabi/linux-airoha_an7563/gpio-button-hotplug/Module.symvers.tmp; done; sort -u /home/oleg/openwrt/build_dir/target-arm_cortex-a7_musl_eabi/linux-airoha_an7563/gpio-button-hotplug/Module.symvers.tmp > /home/oleg/openwrt/build_dir/target-arm_cortex-a7_musl_eabi/linux-airoha_an7563/gpio-button-hotplug/Module.symvers; mkdir -p /home/oleg/openwrt/build_dir/target-arm_cortex-a7_musl_eabi/linux-airoha_an7563/symvers; mv /home/oleg/openwrt/build_dir/target-arm_cortex-a7_musl_eabi/linux-airoha_an7563/gpio-button-hotplug/Module.symvers /home/oleg/openwrt/build_dir/target-arm_cortex-a7_musl_eabi/linux-airoha_an7563/symvers/gpio-button-hotplug.symvers
touch /home/oleg/openwrt/build_dir/target-arm_cortex-a7_musl_eabi/linux-airoha_an7563/gpio-button-hotplug/.built
rm -rf /home/oleg/openwrt/build_dir/target-arm_cortex-a7_musl_eabi/linux-airoha_an7563/gpio-button-hotplug/ipkg-arm_cortex-a7/kmod-gpio-button-hotplug
libtool: compile:  arm-openwrt-linux-muslgnueabi-gcc -DHAVE_CONFIG_H -I. -I.. -D_FILE_OFFSET_BITS=64 -D_REENTRANT -I../include -I/home/oleg/openwrt/staging_dir/target-arm_cortex-a7_musl_eabi/usr/include -I/home/oleg/openwrt/staging_dir/toolchain-arm_cortex-a7_gcc-14.4.0_musl_eabi/usr/include -I/home/oleg/openwrt/staging_dir/toolchain-arm_cortex-a7_gcc-14.4.0_musl_eabi/include -I/home/oleg/openwrt/staging_dir/toolchain-arm_cortex-a7_gcc-14.4.0_musl_eabi/include/fortify -Wall -Waggregate-return -Wmissing-declarations -Wmissing-prototypes -Wshadow -Wstrict-prototypes -Wformat=2 -Wwrite-strings -pipe -fvisibility=hidden -Os -pipe -fno-caller-saves -fno-plt -fhonour-copts -mfloat-abi=soft -fmacro-prefix-map=/home/oleg/openwrt/build_dir/target-arm_cortex-a7_musl_eabi/libnftnl-1.3.1=libnftnl-1.3.1 -flto=auto -fno-fat-lto-objects -Wl,-z,max-page-size=4096 -Wformat -Werror=format-security -fstack-protector -D_FORTIFY_SOURCE=1 -Wl,-z,now -Wl,-z,relro -DPIC -fpic -c expr/tproxy.c -o expr/tproxy.o >/dev/null 2>&1
libtool: compile:  arm-openwrt-linux-muslgnueabi-gcc -DHAVE_CONFIG_H -I. -I.. -D_FILE_OFFSET_BITS=64 -D_REENTRANT -I../include -I/home/oleg/openwrt/staging_dir/target-arm_cortex-a7_musl_eabi/usr/include -I/home/oleg/openwrt/staging_dir/toolchain-arm_cortex-a7_gcc-14.4.0_musl_eabi/usr/include -I/home/oleg/openwrt/staging_dir/toolchain-arm_cortex-a7_gcc-14.4.0_musl_eabi/include -I/home/oleg/openwrt/staging_dir/toolchain-arm_cortex-a7_gcc-14.4.0_musl_eabi/include/fortify -Wall -Waggregate-return -Wmissing-declarations -Wmissing-prototypes -Wshadow -Wstrict-prototypes -Wformat=2 -Wwrite-strings -pipe -fvisibility=hidden -Os -pipe -fno-caller-saves -fno-plt -fhonour-copts -mfloat-abi=soft -fmacro-prefix-map=/home/oleg/openwrt/build_dir/target-arm_cortex-a7_musl_eabi/libnftnl-1.3.1=libnftnl-1.3.1 -flto=auto -fno-fat-lto-objects -Wl,-z,max-page-size=4096 -Wformat -Werror=format-security -fstack-protector -D_FORTIFY_SOURCE=1 -Wl,-z,now -Wl,-z,relro -DPIC -fpic -c expr/objref.c -o expr/objref.o >/dev/null 2>&1
/bin/bash ../libtool  --tag=CC   --mode=compile arm-openwrt-linux-muslgnueabi-gcc -DHAVE_CONFIG_H -I. -I..  -D_FILE_OFFSET_BITS=64 -D_REENTRANT -I../include -I/home/oleg/openwrt/staging_dir/target-arm_cortex-a7_musl_eabi/usr/include  -I/home/oleg/openwrt/staging_dir/toolchain-arm_cortex-a7_gcc-14.4.0_musl_eabi/usr/include -I/home/oleg/openwrt/staging_dir/toolchain-arm_cortex-a7_gcc-14.4.0_musl_eabi/include -I/home/oleg/openwrt/staging_dir/toolchain-arm_cortex-a7_gcc-14.4.0_musl_eabi/include/fortify  -Wall -Waggregate-return -Wmissing-declarations 	-Wmissing-prototypes -Wshadow -Wstrict-prototypes 	-Wformat=2 -Wwrite-strings -pipe -fvisibility=hidden -Os -pipe -fno-caller-saves -fno-plt -fhonour-copts -mfloat-abi=soft -fmacro-prefix-map=/home/oleg/openwrt/build_dir/target-arm_cortex-a7_musl_eabi/libnftnl-1.3.1=libnftnl-1.3.1 -flto=auto -fno-fat-lto-objects -Wl,-z,max-page-size=4096 -Wformat -Werror=format-security -fstack-protector -D_FORTIFY_SOURCE=1 -Wl,-z,now -Wl,-z,relro -DPIC -fpic  -c -o expr/masq.lo expr/masq.c
libtool: compile:  arm-openwrt-linux-muslgnueabi-gcc -DHAVE_CONFIG_H -I. -I.. -D_FILE_OFFSET_BITS=64 -D_REENTRANT -I../include -I/home/oleg/openwrt/staging_dir/target-arm_cortex-a7_musl_eabi/usr/include -I/home/oleg/openwrt/staging_dir/toolchain-arm_cortex-a7_gcc-14.4.0_musl_eabi/usr/include -I/home/oleg/openwrt/staging_dir/toolchain-arm_cortex-a7_gcc-14.4.0_musl_eabi/include -I/home/oleg/openwrt/staging_dir/toolchain-arm_cortex-a7_gcc-14.4.0_musl_eabi/include/fortify -Wall -Waggregate-return -Wmissing-declarations -Wmissing-prototypes -Wshadow -Wstrict-prototypes -Wformat=2 -Wwrite-strings -pipe -fvisibility=hidden -Os -pipe -fno-caller-saves -fno-plt -fhonour-copts -mfloat-abi=soft -fmacro-prefix-map=/home/oleg/openwrt/build_dir/target-arm_cortex-a7_musl_eabi/libnftnl-1.3.1=libnftnl-1.3.1 -flto=auto -fno-fat-lto-objects -Wl,-z,max-page-size=4096 -Wformat -Werror=format-security -fstack-protector -D_FORTIFY_SOURCE=1 -Wl,-z,now -Wl,-z,relro -DPIC -fpic -c expr/quota.c  -fPIC -DPIC -o expr/.libs/quota.o
/bin/bash ../libtool  --tag=CC   --mode=compile arm-openwrt-linux-muslgnueabi-gcc -DHAVE_CONFIG_H -I. -I..  -D_FILE_OFFSET_BITS=64 -D_REENTRANT -I../include -I/home/oleg/openwrt/staging_dir/target-arm_cortex-a7_musl_eabi/usr/include  -I/home/oleg/openwrt/staging_dir/toolchain-arm_cortex-a7_gcc-14.4.0_musl_eabi/usr/include -I/home/oleg/openwrt/staging_dir/toolchain-arm_cortex-a7_gcc-14.4.0_musl_eabi/include -I/home/oleg/openwrt/staging_dir/toolchain-arm_cortex-a7_gcc-14.4.0_musl_eabi/include/fortify  -Wall -Waggregate-return -Wmissing-declarations 	-Wmissing-prototypes -Wshadow -Wstrict-prototypes 	-Wformat=2 -Wwrite-strings -pipe -fvisibility=hidden -Os -pipe -fno-caller-saves -fno-plt -fhonour-copts -mfloat-abi=soft -fmacro-prefix-map=/home/oleg/openwrt/build_dir/target-arm_cortex-a7_musl_eabi/libnftnl-1.3.1=libnftnl-1.3.1 -flto=auto -fno-fat-lto-objects -Wl,-z,max-page-size=4096 -Wformat -Werror=format-security -fstack-protector -D_FORTIFY_SOURCE=1 -Wl,-z,now -Wl,-z,relro -DPIC -fpic  -c -o expr/redir.lo expr/redir.c
libtool: compile:  arm-openwrt-linux-muslgnueabi-gcc -DHAVE_CONFIG_H -I. -I.. -D_FILE_OFFSET_BITS=64 -D_REENTRANT -I../include -I/home/oleg/openwrt/staging_dir/target-arm_cortex-a7_musl_eabi/usr/include -I/home/oleg/openwrt/staging_dir/toolchain-arm_cortex-a7_gcc-14.4.0_musl_eabi/usr/include -I/home/oleg/openwrt/staging_dir/toolchain-arm_cortex-a7_gcc-14.4.0_musl_eabi/include -I/home/oleg/openwrt/staging_dir/toolchain-arm_cortex-a7_gcc-14.4.0_musl_eabi/include/fortify -Wall -Waggregate-return -Wmissing-declarations -Wmissing-prototypes -Wshadow -Wstrict-prototypes -Wformat=2 -Wwrite-strings -pipe -fvisibility=hidden -Os -pipe -fno-caller-saves -fno-plt -fhonour-copts -mfloat-abi=soft -fmacro-prefix-map=/home/oleg/openwrt/build_dir/target-arm_cortex-a7_musl_eabi/libnftnl-1.3.1=libnftnl-1.3.1 -flto=auto -fno-fat-lto-objects -Wl,-z,max-page-size=4096 -Wformat -Werror=format-security -fstack-protector -D_FORTIFY_SOURCE=1 -Wl,-z,now -Wl,-z,relro -DPIC -fpic -c expr/payload.c -o expr/payload.o >/dev/null 2>&1
libtool: compile:  arm-openwrt-linux-muslgnueabi-gcc -DHAVE_CONFIG_H -I. -I.. -D_FILE_OFFSET_BITS=64 -D_REENTRANT -I../include -I/home/oleg/openwrt/staging_dir/target-arm_cortex-a7_musl_eabi/usr/include -I/home/oleg/openwrt/staging_dir/toolchain-arm_cortex-a7_gcc-14.4.0_musl_eabi/usr/include -I/home/oleg/openwrt/staging_dir/toolchain-arm_cortex-a7_gcc-14.4.0_musl_eabi/include -I/home/oleg/openwrt/staging_dir/toolchain-arm_cortex-a7_gcc-14.4.0_musl_eabi/include/fortify -Wall -Waggregate-return -Wmissing-declarations -Wmissing-prototypes -Wshadow -Wstrict-prototypes -Wformat=2 -Wwrite-strings -pipe -fvisibility=hidden -Os -pipe -fno-caller-saves -fno-plt -fhonour-copts -mfloat-abi=soft -fmacro-prefix-map=/home/oleg/openwrt/build_dir/target-arm_cortex-a7_musl_eabi/libnftnl-1.3.1=libnftnl-1.3.1 -flto=auto -fno-fat-lto-objects -Wl,-z,max-page-size=4096 -Wformat -Werror=format-security -fstack-protector -D_FORTIFY_SOURCE=1 -Wl,-z,now -Wl,-z,relro -DPIC -fpic -c expr/queue.c -o expr/queue.o >/dev/null 2>&1
/bin/bash ../libtool  --tag=CC   --mode=compile arm-openwrt-linux-muslgnueabi-gcc -DHAVE_CONFIG_H -I. -I..  -D_FILE_OFFSET_BITS=64 -D_REENTRANT -I../include -I/home/oleg/openwrt/staging_dir/target-arm_cortex-a7_musl_eabi/usr/include  -I/home/oleg/openwrt/staging_dir/toolchain-arm_cortex-a7_gcc-14.4.0_musl_eabi/usr/include -I/home/oleg/openwrt/staging_dir/toolchain-arm_cortex-a7_gcc-14.4.0_musl_eabi/include -I/home/oleg/openwrt/staging_dir/toolchain-arm_cortex-a7_gcc-14.4.0_musl_eabi/include/fortify  -Wall -Waggregate-return -Wmissing-declarations 	-Wmissing-prototypes -Wshadow -Wstrict-prototypes 	-Wformat=2 -Wwrite-strings -pipe -fvisibility=hidden -Os -pipe -fno-caller-saves -fno-plt -fhonour-copts -mfloat-abi=soft -fmacro-prefix-map=/home/oleg/openwrt/build_dir/target-arm_cortex-a7_musl_eabi/libnftnl-1.3.1=libnftnl-1.3.1 -flto=auto -fno-fat-lto-objects -Wl,-z,max-page-size=4096 -Wformat -Werror=format-security -fstack-protector -D_FORTIFY_SOURCE=1 -Wl,-z,now -Wl,-z,relro -DPIC -fpic  -c -o expr/hash.lo expr/hash.c
/bin/bash ../libtool  --tag=CC   --mode=compile arm-openwrt-linux-muslgnueabi-gcc -DHAVE_CONFIG_H -I. -I..  -D_FILE_OFFSET_BITS=64 -D_REENTRANT -I../include -I/home/oleg/openwrt/staging_dir/target-arm_cortex-a7_musl_eabi/usr/include  -I/home/oleg/openwrt/staging_dir/toolchain-arm_cortex-a7_gcc-14.4.0_musl_eabi/usr/include -I/home/oleg/openwrt/staging_dir/toolchain-arm_cortex-a7_gcc-14.4.0_musl_eabi/include -I/home/oleg/openwrt/staging_dir/toolchain-arm_cortex-a7_gcc-14.4.0_musl_eabi/include/fortify  -Wall -Waggregate-return -Wmissing-declarations 	-Wmissing-prototypes -Wshadow -Wstrict-prototypes 	-Wformat=2 -Wwrite-strings -pipe -fvisibility=hidden -Os -pipe -fno-caller-saves -fno-plt -fhonour-copts -mfloat-abi=soft -fmacro-prefix-map=/home/oleg/openwrt/build_dir/target-arm_cortex-a7_musl_eabi/libnftnl-1.3.1=libnftnl-1.3.1 -flto=auto -fno-fat-lto-objects -Wl,-z,max-page-size=4096 -Wformat -Werror=format-security -fstack-protector -D_FORTIFY_SOURCE=1 -Wl,-z,now -Wl,-z,relro -DPIC -fpic  -c -o expr/socket.lo expr/socket.c
libtool: compile:  arm-openwrt-linux-muslgnueabi-gcc -DHAVE_CONFIG_H -I. -I.. -D_FILE_OFFSET_BITS=64 -D_REENTRANT -I../include -I/home/oleg/openwrt/staging_dir/target-arm_cortex-a7_musl_eabi/usr/include -I/home/oleg/openwrt/staging_dir/toolchain-arm_cortex-a7_gcc-14.4.0_musl_eabi/usr/include -I/home/oleg/openwrt/staging_dir/toolchain-arm_cortex-a7_gcc-14.4.0_musl_eabi/include -I/home/oleg/openwrt/staging_dir/toolchain-arm_cortex-a7_gcc-14.4.0_musl_eabi/include/fortify -Wall -Waggregate-return -Wmissing-declarations -Wmissing-prototypes -Wshadow -Wstrict-prototypes -Wformat=2 -Wwrite-strings -pipe -fvisibility=hidden -Os -pipe -fno-caller-saves -fno-plt -fhonour-copts -mfloat-abi=soft -fmacro-prefix-map=/home/oleg/openwrt/build_dir/target-arm_cortex-a7_musl_eabi/libnftnl-1.3.1=libnftnl-1.3.1 -flto=auto -fno-fat-lto-objects -Wl,-z,max-page-size=4096 -Wformat -Werror=format-security -fstack-protector -D_FORTIFY_SOURCE=1 -Wl,-z,now -Wl,-z,relro -DPIC -fpic -c expr/reject.c  -fPIC -DPIC -o expr/.libs/reject.o
libtool: compile:  arm-openwrt-linux-muslgnueabi-gcc -DHAVE_CONFIG_H -I. -I.. -D_FILE_OFFSET_BITS=64 -D_REENTRANT -I../include -I/home/oleg/openwrt/staging_dir/target-arm_cortex-a7_musl_eabi/usr/include -I/home/oleg/openwrt/staging_dir/toolchain-arm_cortex-a7_gcc-14.4.0_musl_eabi/usr/include -I/home/oleg/openwrt/staging_dir/toolchain-arm_cortex-a7_gcc-14.4.0_musl_eabi/include -I/home/oleg/openwrt/staging_dir/toolchain-arm_cortex-a7_gcc-14.4.0_musl_eabi/include/fortify -Wall -Waggregate-return -Wmissing-declarations -Wmissing-prototypes -Wshadow -Wstrict-prototypes -Wformat=2 -Wwrite-strings -pipe -fvisibility=hidden -Os -pipe -fno-caller-saves -fno-plt -fhonour-copts -mfloat-abi=soft -fmacro-prefix-map=/home/oleg/openwrt/build_dir/target-arm_cortex-a7_musl_eabi/libnftnl-1.3.1=libnftnl-1.3.1 -flto=auto -fno-fat-lto-objects -Wl,-z,max-page-size=4096 -Wformat -Werror=format-security -fstack-protector -D_FORTIFY_SOURCE=1 -Wl,-z,now -Wl,-z,relro -DPIC -fpic -c expr/rt.c  -fPIC -DPIC -o expr/.libs/rt.o
libtool: compile:  arm-openwrt-linux-muslgnueabi-gcc -DHAVE_CONFIG_H -I. -I.. -D_FILE_OFFSET_BITS=64 -D_REENTRANT -I../include -I/home/oleg/openwrt/staging_dir/target-arm_cortex-a7_musl_eabi/usr/include -I/home/oleg/openwrt/staging_dir/toolchain-arm_cortex-a7_gcc-14.4.0_musl_eabi/usr/include -I/home/oleg/openwrt/staging_dir/toolchain-arm_cortex-a7_gcc-14.4.0_musl_eabi/include -I/home/oleg/openwrt/staging_dir/toolchain-arm_cortex-a7_gcc-14.4.0_musl_eabi/include/fortify -Wall -Waggregate-return -Wmissing-declarations -Wmissing-prototypes -Wshadow -Wstrict-prototypes -Wformat=2 -Wwrite-strings -pipe -fvisibility=hidden -Os -pipe -fno-caller-saves -fno-plt -fhonour-copts -mfloat-abi=soft -fmacro-prefix-map=/home/oleg/openwrt/build_dir/target-arm_cortex-a7_musl_eabi/libnftnl-1.3.1=libnftnl-1.3.1 -flto=auto -fno-fat-lto-objects -Wl,-z,max-page-size=4096 -Wformat -Werror=format-security -fstack-protector -D_FORTIFY_SOURCE=1 -Wl,-z,now -Wl,-z,relro -DPIC -fpic -c expr/target.c  -fPIC -DPIC -o expr/.libs/target.o
/bin/bash ../libtool  --tag=CC   --mode=compile arm-openwrt-linux-muslgnueabi-gcc -DHAVE_CONFIG_H -I. -I..  -D_FILE_OFFSET_BITS=64 -D_REENTRANT -I../include -I/home/oleg/openwrt/staging_dir/target-arm_cortex-a7_musl_eabi/usr/include  -I/home/oleg/openwrt/staging_dir/toolchain-arm_cortex-a7_gcc-14.4.0_musl_eabi/usr/include -I/home/oleg/openwrt/staging_dir/toolchain-arm_cortex-a7_gcc-14.4.0_musl_eabi/include -I/home/oleg/openwrt/staging_dir/toolchain-arm_cortex-a7_gcc-14.4.0_musl_eabi/include/fortify  -Wall -Waggregate-return -Wmissing-declarations 	-Wmissing-prototypes -Wshadow -Wstrict-prototypes 	-Wformat=2 -Wwrite-strings -pipe -fvisibility=hidden -Os -pipe -fno-caller-saves -fno-plt -fhonour-copts -mfloat-abi=soft -fmacro-prefix-map=/home/oleg/openwrt/build_dir/target-arm_cortex-a7_musl_eabi/libnftnl-1.3.1=libnftnl-1.3.1 -flto=auto -fno-fat-lto-objects -Wl,-z,max-page-size=4096 -Wformat -Werror=format-security -fstack-protector -D_FORTIFY_SOURCE=1 -Wl,-z,now -Wl,-z,relro -DPIC -fpic  -c -o expr/synproxy.lo expr/synproxy.c
libtool: compile:  arm-openwrt-linux-muslgnueabi-gcc -DHAVE_CONFIG_H -I. -I.. -D_FILE_OFFSET_BITS=64 -D_REENTRANT -I../include -I/home/oleg/openwrt/staging_dir/target-arm_cortex-a7_musl_eabi/usr/include -I/home/oleg/openwrt/staging_dir/toolchain-arm_cortex-a7_gcc-14.4.0_musl_eabi/usr/include -I/home/oleg/openwrt/staging_dir/toolchain-arm_cortex-a7_gcc-14.4.0_musl_eabi/include -I/home/oleg/openwrt/staging_dir/toolchain-arm_cortex-a7_gcc-14.4.0_musl_eabi/include/fortify -Wall -Waggregate-return -Wmissing-declarations -Wmissing-prototypes -Wshadow -Wstrict-prototypes -Wformat=2 -Wwrite-strings -pipe -fvisibility=hidden -Os -pipe -fno-caller-saves -fno-plt -fhonour-copts -mfloat-abi=soft -fmacro-prefix-map=/home/oleg/openwrt/build_dir/target-arm_cortex-a7_musl_eabi/libnftnl-1.3.1=libnftnl-1.3.1 -flto=auto -fno-fat-lto-objects -Wl,-z,max-page-size=4096 -Wformat -Werror=format-security -fstack-protector -D_FORTIFY_SOURCE=1 -Wl,-z,now -Wl,-z,relro -DPIC -fpic -c expr/tunnel.c  -fPIC -DPIC -o expr/.libs/tunnel.o
/bin/bash ../libtool  --tag=CC   --mode=compile arm-openwrt-linux-muslgnueabi-gcc -DHAVE_CONFIG_H -I. -I..  -D_FILE_OFFSET_BITS=64 -D_REENTRANT -I../include -I/home/oleg/openwrt/staging_dir/target-arm_cortex-a7_musl_eabi/usr/include  -I/home/oleg/openwrt/staging_dir/toolchain-arm_cortex-a7_gcc-14.4.0_musl_eabi/usr/include -I/home/oleg/openwrt/staging_dir/toolchain-arm_cortex-a7_gcc-14.4.0_musl_eabi/include -I/home/oleg/openwrt/staging_dir/toolchain-arm_cortex-a7_gcc-14.4.0_musl_eabi/include/fortify  -Wall -Waggregate-return -Wmissing-declarations 	-Wmissing-prototypes -Wshadow -Wstrict-prototypes 	-Wformat=2 -Wwrite-strings -pipe -fvisibility=hidden -Os -pipe -fno-caller-saves -fno-plt -fhonour-copts -mfloat-abi=soft -fmacro-prefix-map=/home/oleg/openwrt/build_dir/target-arm_cortex-a7_musl_eabi/libnftnl-1.3.1=libnftnl-1.3.1 -flto=auto -fno-fat-lto-objects -Wl,-z,max-page-size=4096 -Wformat -Werror=format-security -fstack-protector -D_FORTIFY_SOURCE=1 -Wl,-z,now -Wl,-z,relro -DPIC -fpic  -c -o expr/osf.lo expr/osf.c
/bin/bash ../libtool  --tag=CC   --mode=compile arm-openwrt-linux-muslgnueabi-gcc -DHAVE_CONFIG_H -I. -I..  -D_FILE_OFFSET_BITS=64 -D_REENTRANT -I../include -I/home/oleg/openwrt/staging_dir/target-arm_cortex-a7_musl_eabi/usr/include  -I/home/oleg/openwrt/staging_dir/toolchain-arm_cortex-a7_gcc-14.4.0_musl_eabi/usr/include -I/home/oleg/openwrt/staging_dir/toolchain-arm_cortex-a7_gcc-14.4.0_musl_eabi/include -I/home/oleg/openwrt/staging_dir/toolchain-arm_cortex-a7_gcc-14.4.0_musl_eabi/include/fortify  -Wall -Waggregate-return -Wmissing-declarations 	-Wmissing-prototypes -Wshadow -Wstrict-prototypes 	-Wformat=2 -Wwrite-strings -pipe -fvisibility=hidden -Os -pipe -fno-caller-saves -fno-plt -fhonour-copts -mfloat-abi=soft -fmacro-prefix-map=/home/oleg/openwrt/build_dir/target-arm_cortex-a7_musl_eabi/libnftnl-1.3.1=libnftnl-1.3.1 -flto=auto -fno-fat-lto-objects -Wl,-z,max-page-size=4096 -Wformat -Werror=format-security -fstack-protector -D_FORTIFY_SOURCE=1 -Wl,-z,now -Wl,-z,relro -DPIC -fpic  -c -o expr/xfrm.lo expr/xfrm.c
libtool: compile:  arm-openwrt-linux-muslgnueabi-gcc -DHAVE_CONFIG_H -I. -I.. -D_FILE_OFFSET_BITS=64 -D_REENTRANT -I../include -I/home/oleg/openwrt/staging_dir/target-arm_cortex-a7_musl_eabi/usr/include -I/home/oleg/openwrt/staging_dir/toolchain-arm_cortex-a7_gcc-14.4.0_musl_eabi/usr/include -I/home/oleg/openwrt/staging_dir/toolchain-arm_cortex-a7_gcc-14.4.0_musl_eabi/include -I/home/oleg/openwrt/staging_dir/toolchain-arm_cortex-a7_gcc-14.4.0_musl_eabi/include/fortify -Wall -Waggregate-return -Wmissing-declarations -Wmissing-prototypes -Wshadow -Wstrict-prototypes -Wformat=2 -Wwrite-strings -pipe -fvisibility=hidden -Os -pipe -fno-caller-saves -fno-plt -fhonour-copts -mfloat-abi=soft -fmacro-prefix-map=/home/oleg/openwrt/build_dir/target-arm_cortex-a7_musl_eabi/libnftnl-1.3.1=libnftnl-1.3.1 -flto=auto -fno-fat-lto-objects -Wl,-z,max-page-size=4096 -Wformat -Werror=format-security -fstack-protector -D_FORTIFY_SOURCE=1 -Wl,-z,now -Wl,-z,relro -DPIC -fpic -c expr/quota.c -o expr/quota.o >/dev/null 2>&1
/bin/bash ../libtool  --tag=CC   --mode=compile arm-openwrt-linux-muslgnueabi-gcc -DHAVE_CONFIG_H -I. -I..  -D_FILE_OFFSET_BITS=64 -D_REENTRANT -I../include -I/home/oleg/openwrt/staging_dir/target-arm_cortex-a7_musl_eabi/usr/include  -I/home/oleg/openwrt/staging_dir/toolchain-arm_cortex-a7_gcc-14.4.0_musl_eabi/usr/include -I/home/oleg/openwrt/staging_dir/toolchain-arm_cortex-a7_gcc-14.4.0_musl_eabi/include -I/home/oleg/openwrt/staging_dir/toolchain-arm_cortex-a7_gcc-14.4.0_musl_eabi/include/fortify  -Wall -Waggregate-return -Wmissing-declarations 	-Wmissing-prototypes -Wshadow -Wstrict-prototypes 	-Wformat=2 -Wwrite-strings -pipe -fvisibility=hidden -Os -pipe -fno-caller-saves -fno-plt -fhonour-copts -mfloat-abi=soft -fmacro-prefix-map=/home/oleg/openwrt/build_dir/target-arm_cortex-a7_musl_eabi/libnftnl-1.3.1=libnftnl-1.3.1 -flto=auto -fno-fat-lto-objects -Wl,-z,max-page-size=4096 -Wformat -Werror=format-security -fstack-protector -D_FORTIFY_SOURCE=1 -Wl,-z,now -Wl,-z,relro -DPIC -fpic  -c -o obj/counter.lo obj/counter.c
/bin/bash ../libtool  --tag=CC   --mode=compile arm-openwrt-linux-muslgnueabi-gcc -DHAVE_CONFIG_H -I. -I..  -D_FILE_OFFSET_BITS=64 -D_REENTRANT -I../include -I/home/oleg/openwrt/staging_dir/target-arm_cortex-a7_musl_eabi/usr/include  -I/home/oleg/openwrt/staging_dir/toolchain-arm_cortex-a7_gcc-14.4.0_musl_eabi/usr/include -I/home/oleg/openwrt/staging_dir/toolchain-arm_cortex-a7_gcc-14.4.0_musl_eabi/include -I/home/oleg/openwrt/staging_dir/toolchain-arm_cortex-a7_gcc-14.4.0_musl_eabi/include/fortify  -Wall -Waggregate-return -Wmissing-declarations 	-Wmissing-prototypes -Wshadow -Wstrict-prototypes 	-Wformat=2 -Wwrite-strings -pipe -fvisibility=hidden -Os -pipe -fno-caller-saves -fno-plt -fhonour-copts -mfloat-abi=soft -fmacro-prefix-map=/home/oleg/openwrt/build_dir/target-arm_cortex-a7_musl_eabi/libnftnl-1.3.1=libnftnl-1.3.1 -flto=auto -fno-fat-lto-objects -Wl,-z,max-page-size=4096 -Wformat -Werror=format-security -fstack-protector -D_FORTIFY_SOURCE=1 -Wl,-z,now -Wl,-z,relro -DPIC -fpic  -c -o obj/ct_helper.lo obj/ct_helper.c
libtool: compile:  arm-openwrt-linux-muslgnueabi-gcc -DHAVE_CONFIG_H -I. -I.. -D_FILE_OFFSET_BITS=64 -D_REENTRANT -I../include -I/home/oleg/openwrt/staging_dir/target-arm_cortex-a7_musl_eabi/usr/include -I/home/oleg/openwrt/staging_dir/toolchain-arm_cortex-a7_gcc-14.4.0_musl_eabi/usr/include -I/home/oleg/openwrt/staging_dir/toolchain-arm_cortex-a7_gcc-14.4.0_musl_eabi/include -I/home/oleg/openwrt/staging_dir/toolchain-arm_cortex-a7_gcc-14.4.0_musl_eabi/include/fortify -Wall -Waggregate-return -Wmissing-declarations -Wmissing-prototypes -Wshadow -Wstrict-prototypes -Wformat=2 -Wwrite-strings -pipe -fvisibility=hidden -Os -pipe -fno-caller-saves -fno-plt -fhonour-copts -mfloat-abi=soft -fmacro-prefix-map=/home/oleg/openwrt/build_dir/target-arm_cortex-a7_musl_eabi/libnftnl-1.3.1=libnftnl-1.3.1 -flto=auto -fno-fat-lto-objects -Wl,-z,max-page-size=4096 -Wformat -Werror=format-security -fstack-protector -D_FORTIFY_SOURCE=1 -Wl,-z,now -Wl,-z,relro -DPIC -fpic -c expr/masq.c  -fPIC -DPIC -o expr/.libs/masq.o
libtool: compile:  arm-openwrt-linux-muslgnueabi-gcc -DHAVE_CONFIG_H -I. -I.. -D_FILE_OFFSET_BITS=64 -D_REENTRANT -I../include -I/home/oleg/openwrt/staging_dir/target-arm_cortex-a7_musl_eabi/usr/include -I/home/oleg/openwrt/staging_dir/toolchain-arm_cortex-a7_gcc-14.4.0_musl_eabi/usr/include -I/home/oleg/openwrt/staging_dir/toolchain-arm_cortex-a7_gcc-14.4.0_musl_eabi/include -I/home/oleg/openwrt/staging_dir/toolchain-arm_cortex-a7_gcc-14.4.0_musl_eabi/include/fortify -Wall -Waggregate-return -Wmissing-declarations -Wmissing-prototypes -Wshadow -Wstrict-prototypes -Wformat=2 -Wwrite-strings -pipe -fvisibility=hidden -Os -pipe -fno-caller-saves -fno-plt -fhonour-copts -mfloat-abi=soft -fmacro-prefix-map=/home/oleg/openwrt/build_dir/target-arm_cortex-a7_musl_eabi/libnftnl-1.3.1=libnftnl-1.3.1 -flto=auto -fno-fat-lto-objects -Wl,-z,max-page-size=4096 -Wformat -Werror=format-security -fstack-protector -D_FORTIFY_SOURCE=1 -Wl,-z,now -Wl,-z,relro -DPIC -fpic -c expr/redir.c  -fPIC -DPIC -o expr/.libs/redir.o
libtool: compile:  arm-openwrt-linux-muslgnueabi-gcc -DHAVE_CONFIG_H -I. -I.. -D_FILE_OFFSET_BITS=64 -D_REENTRANT -I../include -I/home/oleg/openwrt/staging_dir/target-arm_cortex-a7_musl_eabi/usr/include -I/home/oleg/openwrt/staging_dir/toolchain-arm_cortex-a7_gcc-14.4.0_musl_eabi/usr/include -I/home/oleg/openwrt/staging_dir/toolchain-arm_cortex-a7_gcc-14.4.0_musl_eabi/include -I/home/oleg/openwrt/staging_dir/toolchain-arm_cortex-a7_gcc-14.4.0_musl_eabi/include/fortify -Wall -Waggregate-return -Wmissing-declarations -Wmissing-prototypes -Wshadow -Wstrict-prototypes -Wformat=2 -Wwrite-strings -pipe -fvisibility=hidden -Os -pipe -fno-caller-saves -fno-plt -fhonour-copts -mfloat-abi=soft -fmacro-prefix-map=/home/oleg/openwrt/build_dir/target-arm_cortex-a7_musl_eabi/libnftnl-1.3.1=libnftnl-1.3.1 -flto=auto -fno-fat-lto-objects -Wl,-z,max-page-size=4096 -Wformat -Werror=format-security -fstack-protector -D_FORTIFY_SOURCE=1 -Wl,-z,now -Wl,-z,relro -DPIC -fpic -c expr/hash.c  -fPIC -DPIC -o expr/.libs/hash.o
libtool: compile:  arm-openwrt-linux-muslgnueabi-gcc -DHAVE_CONFIG_H -I. -I.. -D_FILE_OFFSET_BITS=64 -D_REENTRANT -I../include -I/home/oleg/openwrt/staging_dir/target-arm_cortex-a7_musl_eabi/usr/include -I/home/oleg/openwrt/staging_dir/toolchain-arm_cortex-a7_gcc-14.4.0_musl_eabi/usr/include -I/home/oleg/openwrt/staging_dir/toolchain-arm_cortex-a7_gcc-14.4.0_musl_eabi/include -I/home/oleg/openwrt/staging_dir/toolchain-arm_cortex-a7_gcc-14.4.0_musl_eabi/include/fortify -Wall -Waggregate-return -Wmissing-declarations -Wmissing-prototypes -Wshadow -Wstrict-prototypes -Wformat=2 -Wwrite-strings -pipe -fvisibility=hidden -Os -pipe -fno-caller-saves -fno-plt -fhonour-copts -mfloat-abi=soft -fmacro-prefix-map=/home/oleg/openwrt/build_dir/target-arm_cortex-a7_musl_eabi/libnftnl-1.3.1=libnftnl-1.3.1 -flto=auto -fno-fat-lto-objects -Wl,-z,max-page-size=4096 -Wformat -Werror=format-security -fstack-protector -D_FORTIFY_SOURCE=1 -Wl,-z,now -Wl,-z,relro -DPIC -fpic -c expr/reject.c -o expr/reject.o >/dev/null 2>&1
libtool: compile:  arm-openwrt-linux-muslgnueabi-gcc -DHAVE_CONFIG_H -I. -I.. -D_FILE_OFFSET_BITS=64 -D_REENTRANT -I../include -I/home/oleg/openwrt/staging_dir/target-arm_cortex-a7_musl_eabi/usr/include -I/home/oleg/openwrt/staging_dir/toolchain-arm_cortex-a7_gcc-14.4.0_musl_eabi/usr/include -I/home/oleg/openwrt/staging_dir/toolchain-arm_cortex-a7_gcc-14.4.0_musl_eabi/include -I/home/oleg/openwrt/staging_dir/toolchain-arm_cortex-a7_gcc-14.4.0_musl_eabi/include/fortify -Wall -Waggregate-return -Wmissing-declarations -Wmissing-prototypes -Wshadow -Wstrict-prototypes -Wformat=2 -Wwrite-strings -pipe -fvisibility=hidden -Os -pipe -fno-caller-saves -fno-plt -fhonour-copts -mfloat-abi=soft -fmacro-prefix-map=/home/oleg/openwrt/build_dir/target-arm_cortex-a7_musl_eabi/libnftnl-1.3.1=libnftnl-1.3.1 -flto=auto -fno-fat-lto-objects -Wl,-z,max-page-size=4096 -Wformat -Werror=format-security -fstack-protector -D_FORTIFY_SOURCE=1 -Wl,-z,now -Wl,-z,relro -DPIC -fpic -c expr/target.c -o expr/target.o >/dev/null 2>&1
libtool: compile:  arm-openwrt-linux-muslgnueabi-gcc -DHAVE_CONFIG_H -I. -I.. -D_FILE_OFFSET_BITS=64 -D_REENTRANT -I../include -I/home/oleg/openwrt/staging_dir/target-arm_cortex-a7_musl_eabi/usr/include -I/home/oleg/openwrt/staging_dir/toolchain-arm_cortex-a7_gcc-14.4.0_musl_eabi/usr/include -I/home/oleg/openwrt/staging_dir/toolchain-arm_cortex-a7_gcc-14.4.0_musl_eabi/include -I/home/oleg/openwrt/staging_dir/toolchain-arm_cortex-a7_gcc-14.4.0_musl_eabi/include/fortify -Wall -Waggregate-return -Wmissing-declarations -Wmissing-prototypes -Wshadow -Wstrict-prototypes -Wformat=2 -Wwrite-strings -pipe -fvisibility=hidden -Os -pipe -fno-caller-saves -fno-plt -fhonour-copts -mfloat-abi=soft -fmacro-prefix-map=/home/oleg/openwrt/build_dir/target-arm_cortex-a7_musl_eabi/libnftnl-1.3.1=libnftnl-1.3.1 -flto=auto -fno-fat-lto-objects -Wl,-z,max-page-size=4096 -Wformat -Werror=format-security -fstack-protector -D_FORTIFY_SOURCE=1 -Wl,-z,now -Wl,-z,relro -DPIC -fpic -c expr/rt.c -o expr/rt.o >/dev/null 2>&1
libtool: compile:  arm-openwrt-linux-muslgnueabi-gcc -DHAVE_CONFIG_H -I. -I.. -D_FILE_OFFSET_BITS=64 -D_REENTRANT -I../include -I/home/oleg/openwrt/staging_dir/target-arm_cortex-a7_musl_eabi/usr/include -I/home/oleg/openwrt/staging_dir/toolchain-arm_cortex-a7_gcc-14.4.0_musl_eabi/usr/include -I/home/oleg/openwrt/staging_dir/toolchain-arm_cortex-a7_gcc-14.4.0_musl_eabi/include -I/home/oleg/openwrt/staging_dir/toolchain-arm_cortex-a7_gcc-14.4.0_musl_eabi/include/fortify -Wall -Waggregate-return -Wmissing-declarations -Wmissing-prototypes -Wshadow -Wstrict-prototypes -Wformat=2 -Wwrite-strings -pipe -fvisibility=hidden -Os -pipe -fno-caller-saves -fno-plt -fhonour-copts -mfloat-abi=soft -fmacro-prefix-map=/home/oleg/openwrt/build_dir/target-arm_cortex-a7_musl_eabi/libnftnl-1.3.1=libnftnl-1.3.1 -flto=auto -fno-fat-lto-objects -Wl,-z,max-page-size=4096 -Wformat -Werror=format-security -fstack-protector -D_FORTIFY_SOURCE=1 -Wl,-z,now -Wl,-z,relro -DPIC -fpic -c expr/socket.c  -fPIC -DPIC -o expr/.libs/socket.o
libtool: compile:  arm-openwrt-linux-muslgnueabi-gcc -DHAVE_CONFIG_H -I. -I.. -D_FILE_OFFSET_BITS=64 -D_REENTRANT -I../include -I/home/oleg/openwrt/staging_dir/target-arm_cortex-a7_musl_eabi/usr/include -I/home/oleg/openwrt/staging_dir/toolchain-arm_cortex-a7_gcc-14.4.0_musl_eabi/usr/include -I/home/oleg/openwrt/staging_dir/toolchain-arm_cortex-a7_gcc-14.4.0_musl_eabi/include -I/home/oleg/openwrt/staging_dir/toolchain-arm_cortex-a7_gcc-14.4.0_musl_eabi/include/fortify -Wall -Waggregate-return -Wmissing-declarations -Wmissing-prototypes -Wshadow -Wstrict-prototypes -Wformat=2 -Wwrite-strings -pipe -fvisibility=hidden -Os -pipe -fno-caller-saves -fno-plt -fhonour-copts -mfloat-abi=soft -fmacro-prefix-map=/home/oleg/openwrt/build_dir/target-arm_cortex-a7_musl_eabi/libnftnl-1.3.1=libnftnl-1.3.1 -flto=auto -fno-fat-lto-objects -Wl,-z,max-page-size=4096 -Wformat -Werror=format-security -fstack-protector -D_FORTIFY_SOURCE=1 -Wl,-z,now -Wl,-z,relro -DPIC -fpic -c expr/tunnel.c -o expr/tunnel.o >/dev/null 2>&1
/bin/bash ../libtool  --tag=CC   --mode=compile arm-openwrt-linux-muslgnueabi-gcc -DHAVE_CONFIG_H -I. -I..  -D_FILE_OFFSET_BITS=64 -D_REENTRANT -I../include -I/home/oleg/openwrt/staging_dir/target-arm_cortex-a7_musl_eabi/usr/include  -I/home/oleg/openwrt/staging_dir/toolchain-arm_cortex-a7_gcc-14.4.0_musl_eabi/usr/include -I/home/oleg/openwrt/staging_dir/toolchain-arm_cortex-a7_gcc-14.4.0_musl_eabi/include -I/home/oleg/openwrt/staging_dir/toolchain-arm_cortex-a7_gcc-14.4.0_musl_eabi/include/fortify  -Wall -Waggregate-return -Wmissing-declarations 	-Wmissing-prototypes -Wshadow -Wstrict-prototypes 	-Wformat=2 -Wwrite-strings -pipe -fvisibility=hidden -Os -pipe -fno-caller-saves -fno-plt -fhonour-copts -mfloat-abi=soft -fmacro-prefix-map=/home/oleg/openwrt/build_dir/target-arm_cortex-a7_musl_eabi/libnftnl-1.3.1=libnftnl-1.3.1 -flto=auto -fno-fat-lto-objects -Wl,-z,max-page-size=4096 -Wformat -Werror=format-security -fstack-protector -D_FORTIFY_SOURCE=1 -Wl,-z,now -Wl,-z,relro -DPIC -fpic  -c -o obj/quota.lo obj/quota.c
libtool: compile:  arm-openwrt-linux-muslgnueabi-gcc -DHAVE_CONFIG_H -I. -I.. -D_FILE_OFFSET_BITS=64 -D_REENTRANT -I../include -I/home/oleg/openwrt/staging_dir/target-arm_cortex-a7_musl_eabi/usr/include -I/home/oleg/openwrt/staging_dir/toolchain-arm_cortex-a7_gcc-14.4.0_musl_eabi/usr/include -I/home/oleg/openwrt/staging_dir/toolchain-arm_cortex-a7_gcc-14.4.0_musl_eabi/include -I/home/oleg/openwrt/staging_dir/toolchain-arm_cortex-a7_gcc-14.4.0_musl_eabi/include/fortify -Wall -Waggregate-return -Wmissing-declarations -Wmissing-prototypes -Wshadow -Wstrict-prototypes -Wformat=2 -Wwrite-strings -pipe -fvisibility=hidden -Os -pipe -fno-caller-saves -fno-plt -fhonour-copts -mfloat-abi=soft -fmacro-prefix-map=/home/oleg/openwrt/build_dir/target-arm_cortex-a7_musl_eabi/libnftnl-1.3.1=libnftnl-1.3.1 -flto=auto -fno-fat-lto-objects -Wl,-z,max-page-size=4096 -Wformat -Werror=format-security -fstack-protector -D_FORTIFY_SOURCE=1 -Wl,-z,now -Wl,-z,relro -DPIC -fpic -c expr/synproxy.c  -fPIC -DPIC -o expr/.libs/synproxy.o
libtool: compile:  arm-openwrt-linux-muslgnueabi-gcc -DHAVE_CONFIG_H -I. -I.. -D_FILE_OFFSET_BITS=64 -D_REENTRANT -I../include -I/home/oleg/openwrt/staging_dir/target-arm_cortex-a7_musl_eabi/usr/include -I/home/oleg/openwrt/staging_dir/toolchain-arm_cortex-a7_gcc-14.4.0_musl_eabi/usr/include -I/home/oleg/openwrt/staging_dir/toolchain-arm_cortex-a7_gcc-14.4.0_musl_eabi/include -I/home/oleg/openwrt/staging_dir/toolchain-arm_cortex-a7_gcc-14.4.0_musl_eabi/include/fortify -Wall -Waggregate-return -Wmissing-declarations -Wmissing-prototypes -Wshadow -Wstrict-prototypes -Wformat=2 -Wwrite-strings -pipe -fvisibility=hidden -Os -pipe -fno-caller-saves -fno-plt -fhonour-copts -mfloat-abi=soft -fmacro-prefix-map=/home/oleg/openwrt/build_dir/target-arm_cortex-a7_musl_eabi/libnftnl-1.3.1=libnftnl-1.3.1 -flto=auto -fno-fat-lto-objects -Wl,-z,max-page-size=4096 -Wformat -Werror=format-security -fstack-protector -D_FORTIFY_SOURCE=1 -Wl,-z,now -Wl,-z,relro -DPIC -fpic -c expr/xfrm.c  -fPIC -DPIC -o expr/.libs/xfrm.o
libtool: compile:  arm-openwrt-linux-muslgnueabi-gcc -DHAVE_CONFIG_H -I. -I.. -D_FILE_OFFSET_BITS=64 -D_REENTRANT -I../include -I/home/oleg/openwrt/staging_dir/target-arm_cortex-a7_musl_eabi/usr/include -I/home/oleg/openwrt/staging_dir/toolchain-arm_cortex-a7_gcc-14.4.0_musl_eabi/usr/include -I/home/oleg/openwrt/staging_dir/toolchain-arm_cortex-a7_gcc-14.4.0_musl_eabi/include -I/home/oleg/openwrt/staging_dir/toolchain-arm_cortex-a7_gcc-14.4.0_musl_eabi/include/fortify -Wall -Waggregate-return -Wmissing-declarations -Wmissing-prototypes -Wshadow -Wstrict-prototypes -Wformat=2 -Wwrite-strings -pipe -fvisibility=hidden -Os -pipe -fno-caller-saves -fno-plt -fhonour-copts -mfloat-abi=soft -fmacro-prefix-map=/home/oleg/openwrt/build_dir/target-arm_cortex-a7_musl_eabi/libnftnl-1.3.1=libnftnl-1.3.1 -flto=auto -fno-fat-lto-objects -Wl,-z,max-page-size=4096 -Wformat -Werror=format-security -fstack-protector -D_FORTIFY_SOURCE=1 -Wl,-z,now -Wl,-z,relro -DPIC -fpic -c expr/masq.c -o expr/masq.o >/dev/null 2>&1
libtool: compile:  arm-openwrt-linux-muslgnueabi-gcc -DHAVE_CONFIG_H -I. -I.. -D_FILE_OFFSET_BITS=64 -D_REENTRANT -I../include -I/home/oleg/openwrt/staging_dir/target-arm_cortex-a7_musl_eabi/usr/include -I/home/oleg/openwrt/staging_dir/toolchain-arm_cortex-a7_gcc-14.4.0_musl_eabi/usr/include -I/home/oleg/openwrt/staging_dir/toolchain-arm_cortex-a7_gcc-14.4.0_musl_eabi/include -I/home/oleg/openwrt/staging_dir/toolchain-arm_cortex-a7_gcc-14.4.0_musl_eabi/include/fortify -Wall -Waggregate-return -Wmissing-declarations -Wmissing-prototypes -Wshadow -Wstrict-prototypes -Wformat=2 -Wwrite-strings -pipe -fvisibility=hidden -Os -pipe -fno-caller-saves -fno-plt -fhonour-copts -mfloat-abi=soft -fmacro-prefix-map=/home/oleg/openwrt/build_dir/target-arm_cortex-a7_musl_eabi/libnftnl-1.3.1=libnftnl-1.3.1 -flto=auto -fno-fat-lto-objects -Wl,-z,max-page-size=4096 -Wformat -Werror=format-security -fstack-protector -D_FORTIFY_SOURCE=1 -Wl,-z,now -Wl,-z,relro -DPIC -fpic -c expr/redir.c -o expr/redir.o >/dev/null 2>&1
libtool: compile:  arm-openwrt-linux-muslgnueabi-gcc -DHAVE_CONFIG_H -I. -I.. -D_FILE_OFFSET_BITS=64 -D_REENTRANT -I../include -I/home/oleg/openwrt/staging_dir/target-arm_cortex-a7_musl_eabi/usr/include -I/home/oleg/openwrt/staging_dir/toolchain-arm_cortex-a7_gcc-14.4.0_musl_eabi/usr/include -I/home/oleg/openwrt/staging_dir/toolchain-arm_cortex-a7_gcc-14.4.0_musl_eabi/include -I/home/oleg/openwrt/staging_dir/toolchain-arm_cortex-a7_gcc-14.4.0_musl_eabi/include/fortify -Wall -Waggregate-return -Wmissing-declarations -Wmissing-prototypes -Wshadow -Wstrict-prototypes -Wformat=2 -Wwrite-strings -pipe -fvisibility=hidden -Os -pipe -fno-caller-saves -fno-plt -fhonour-copts -mfloat-abi=soft -fmacro-prefix-map=/home/oleg/openwrt/build_dir/target-arm_cortex-a7_musl_eabi/libnftnl-1.3.1=libnftnl-1.3.1 -flto=auto -fno-fat-lto-objects -Wl,-z,max-page-size=4096 -Wformat -Werror=format-security -fstack-protector -D_FORTIFY_SOURCE=1 -Wl,-z,now -Wl,-z,relro -DPIC -fpic -c expr/osf.c  -fPIC -DPIC -o expr/.libs/osf.o
libtool: compile:  arm-openwrt-linux-muslgnueabi-gcc -DHAVE_CONFIG_H -I. -I.. -D_FILE_OFFSET_BITS=64 -D_REENTRANT -I../include -I/home/oleg/openwrt/staging_dir/target-arm_cortex-a7_musl_eabi/usr/include -I/home/oleg/openwrt/staging_dir/toolchain-arm_cortex-a7_gcc-14.4.0_musl_eabi/usr/include -I/home/oleg/openwrt/staging_dir/toolchain-arm_cortex-a7_gcc-14.4.0_musl_eabi/include -I/home/oleg/openwrt/staging_dir/toolchain-arm_cortex-a7_gcc-14.4.0_musl_eabi/include/fortify -Wall -Waggregate-return -Wmissing-declarations -Wmissing-prototypes -Wshadow -Wstrict-prototypes -Wformat=2 -Wwrite-strings -pipe -fvisibility=hidden -Os -pipe -fno-caller-saves -fno-plt -fhonour-copts -mfloat-abi=soft -fmacro-prefix-map=/home/oleg/openwrt/build_dir/target-arm_cortex-a7_musl_eabi/libnftnl-1.3.1=libnftnl-1.3.1 -flto=auto -fno-fat-lto-objects -Wl,-z,max-page-size=4096 -Wformat -Werror=format-security -fstack-protector -D_FORTIFY_SOURCE=1 -Wl,-z,now -Wl,-z,relro -DPIC -fpic -c expr/hash.c -o expr/hash.o >/dev/null 2>&1
/bin/bash ../libtool  --tag=CC   --mode=compile arm-openwrt-linux-muslgnueabi-gcc -DHAVE_CONFIG_H -I. -I..  -D_FILE_OFFSET_BITS=64 -D_REENTRANT -I../include -I/home/oleg/openwrt/staging_dir/target-arm_cortex-a7_musl_eabi/usr/include  -I/home/oleg/openwrt/staging_dir/toolchain-arm_cortex-a7_gcc-14.4.0_musl_eabi/usr/include -I/home/oleg/openwrt/staging_dir/toolchain-arm_cortex-a7_gcc-14.4.0_musl_eabi/include -I/home/oleg/openwrt/staging_dir/toolchain-arm_cortex-a7_gcc-14.4.0_musl_eabi/include/fortify  -Wall -Waggregate-return -Wmissing-declarations 	-Wmissing-prototypes -Wshadow -Wstrict-prototypes 	-Wformat=2 -Wwrite-strings -pipe -fvisibility=hidden -Os -pipe -fno-caller-saves -fno-plt -fhonour-copts -mfloat-abi=soft -fmacro-prefix-map=/home/oleg/openwrt/build_dir/target-arm_cortex-a7_musl_eabi/libnftnl-1.3.1=libnftnl-1.3.1 -flto=auto -fno-fat-lto-objects -Wl,-z,max-page-size=4096 -Wformat -Werror=format-security -fstack-protector -D_FORTIFY_SOURCE=1 -Wl,-z,now -Wl,-z,relro -DPIC -fpic  -c -o obj/tunnel.lo obj/tunnel.c
/bin/bash ../libtool  --tag=CC   --mode=compile arm-openwrt-linux-muslgnueabi-gcc -DHAVE_CONFIG_H -I. -I..  -D_FILE_OFFSET_BITS=64 -D_REENTRANT -I../include -I/home/oleg/openwrt/staging_dir/target-arm_cortex-a7_musl_eabi/usr/include  -I/home/oleg/openwrt/staging_dir/toolchain-arm_cortex-a7_gcc-14.4.0_musl_eabi/usr/include -I/home/oleg/openwrt/staging_dir/toolchain-arm_cortex-a7_gcc-14.4.0_musl_eabi/include -I/home/oleg/openwrt/staging_dir/toolchain-arm_cortex-a7_gcc-14.4.0_musl_eabi/include/fortify  -Wall -Waggregate-return -Wmissing-declarations 	-Wmissing-prototypes -Wshadow -Wstrict-prototypes 	-Wformat=2 -Wwrite-strings -pipe -fvisibility=hidden -Os -pipe -fno-caller-saves -fno-plt -fhonour-copts -mfloat-abi=soft -fmacro-prefix-map=/home/oleg/openwrt/build_dir/target-arm_cortex-a7_musl_eabi/libnftnl-1.3.1=libnftnl-1.3.1 -flto=auto -fno-fat-lto-objects -Wl,-z,max-page-size=4096 -Wformat -Werror=format-security -fstack-protector -D_FORTIFY_SOURCE=1 -Wl,-z,now -Wl,-z,relro -DPIC -fpic  -c -o obj/limit.lo obj/limit.c
/bin/bash ../libtool  --tag=CC   --mode=compile arm-openwrt-linux-muslgnueabi-gcc -DHAVE_CONFIG_H -I. -I..  -D_FILE_OFFSET_BITS=64 -D_REENTRANT -I../include -I/home/oleg/openwrt/staging_dir/target-arm_cortex-a7_musl_eabi/usr/include  -I/home/oleg/openwrt/staging_dir/toolchain-arm_cortex-a7_gcc-14.4.0_musl_eabi/usr/include -I/home/oleg/openwrt/staging_dir/toolchain-arm_cortex-a7_gcc-14.4.0_musl_eabi/include -I/home/oleg/openwrt/staging_dir/toolchain-arm_cortex-a7_gcc-14.4.0_musl_eabi/include/fortify  -Wall -Waggregate-return -Wmissing-declarations 	-Wmissing-prototypes -Wshadow -Wstrict-prototypes 	-Wformat=2 -Wwrite-strings -pipe -fvisibility=hidden -Os -pipe -fno-caller-saves -fno-plt -fhonour-copts -mfloat-abi=soft -fmacro-prefix-map=/home/oleg/openwrt/build_dir/target-arm_cortex-a7_musl_eabi/libnftnl-1.3.1=libnftnl-1.3.1 -flto=auto -fno-fat-lto-objects -Wl,-z,max-page-size=4096 -Wformat -Werror=format-security -fstack-protector -D_FORTIFY_SOURCE=1 -Wl,-z,now -Wl,-z,relro -DPIC -fpic  -c -o obj/synproxy.lo obj/synproxy.c
libtool: compile:  arm-openwrt-linux-muslgnueabi-gcc -DHAVE_CONFIG_H -I. -I.. -D_FILE_OFFSET_BITS=64 -D_REENTRANT -I../include -I/home/oleg/openwrt/staging_dir/target-arm_cortex-a7_musl_eabi/usr/include -I/home/oleg/openwrt/staging_dir/toolchain-arm_cortex-a7_gcc-14.4.0_musl_eabi/usr/include -I/home/oleg/openwrt/staging_dir/toolchain-arm_cortex-a7_gcc-14.4.0_musl_eabi/include -I/home/oleg/openwrt/staging_dir/toolchain-arm_cortex-a7_gcc-14.4.0_musl_eabi/include/fortify -Wall -Waggregate-return -Wmissing-declarations -Wmissing-prototypes -Wshadow -Wstrict-prototypes -Wformat=2 -Wwrite-strings -pipe -fvisibility=hidden -Os -pipe -fno-caller-saves -fno-plt -fhonour-copts -mfloat-abi=soft -fmacro-prefix-map=/home/oleg/openwrt/build_dir/target-arm_cortex-a7_musl_eabi/libnftnl-1.3.1=libnftnl-1.3.1 -flto=auto -fno-fat-lto-objects -Wl,-z,max-page-size=4096 -Wformat -Werror=format-security -fstack-protector -D_FORTIFY_SOURCE=1 -Wl,-z,now -Wl,-z,relro -DPIC -fpic -c expr/socket.c -o expr/socket.o >/dev/null 2>&1
libtool: compile:  arm-openwrt-linux-muslgnueabi-gcc -DHAVE_CONFIG_H -I. -I.. -D_FILE_OFFSET_BITS=64 -D_REENTRANT -I../include -I/home/oleg/openwrt/staging_dir/target-arm_cortex-a7_musl_eabi/usr/include -I/home/oleg/openwrt/staging_dir/toolchain-arm_cortex-a7_gcc-14.4.0_musl_eabi/usr/include -I/home/oleg/openwrt/staging_dir/toolchain-arm_cortex-a7_gcc-14.4.0_musl_eabi/include -I/home/oleg/openwrt/staging_dir/toolchain-arm_cortex-a7_gcc-14.4.0_musl_eabi/include/fortify -Wall -Waggregate-return -Wmissing-declarations -Wmissing-prototypes -Wshadow -Wstrict-prototypes -Wformat=2 -Wwrite-strings -pipe -fvisibility=hidden -Os -pipe -fno-caller-saves -fno-plt -fhonour-copts -mfloat-abi=soft -fmacro-prefix-map=/home/oleg/openwrt/build_dir/target-arm_cortex-a7_musl_eabi/libnftnl-1.3.1=libnftnl-1.3.1 -flto=auto -fno-fat-lto-objects -Wl,-z,max-page-size=4096 -Wformat -Werror=format-security -fstack-protector -D_FORTIFY_SOURCE=1 -Wl,-z,now -Wl,-z,relro -DPIC -fpic -c obj/counter.c  -fPIC -DPIC -o obj/.libs/counter.o
libtool: compile:  arm-openwrt-linux-muslgnueabi-gcc -DHAVE_CONFIG_H -I. -I.. -D_FILE_OFFSET_BITS=64 -D_REENTRANT -I../include -I/home/oleg/openwrt/staging_dir/target-arm_cortex-a7_musl_eabi/usr/include -I/home/oleg/openwrt/staging_dir/toolchain-arm_cortex-a7_gcc-14.4.0_musl_eabi/usr/include -I/home/oleg/openwrt/staging_dir/toolchain-arm_cortex-a7_gcc-14.4.0_musl_eabi/include -I/home/oleg/openwrt/staging_dir/toolchain-arm_cortex-a7_gcc-14.4.0_musl_eabi/include/fortify -Wall -Waggregate-return -Wmissing-declarations -Wmissing-prototypes -Wshadow -Wstrict-prototypes -Wformat=2 -Wwrite-strings -pipe -fvisibility=hidden -Os -pipe -fno-caller-saves -fno-plt -fhonour-copts -mfloat-abi=soft -fmacro-prefix-map=/home/oleg/openwrt/build_dir/target-arm_cortex-a7_musl_eabi/libnftnl-1.3.1=libnftnl-1.3.1 -flto=auto -fno-fat-lto-objects -Wl,-z,max-page-size=4096 -Wformat -Werror=format-security -fstack-protector -D_FORTIFY_SOURCE=1 -Wl,-z,now -Wl,-z,relro -DPIC -fpic -c obj/ct_helper.c  -fPIC -DPIC -o obj/.libs/ct_helper.o
/bin/bash ../libtool  --tag=CC   --mode=compile arm-openwrt-linux-muslgnueabi-gcc -DHAVE_CONFIG_H -I. -I..  -D_FILE_OFFSET_BITS=64 -D_REENTRANT -I../include -I/home/oleg/openwrt/staging_dir/target-arm_cortex-a7_musl_eabi/usr/include  -I/home/oleg/openwrt/staging_dir/toolchain-arm_cortex-a7_gcc-14.4.0_musl_eabi/usr/include -I/home/oleg/openwrt/staging_dir/toolchain-arm_cortex-a7_gcc-14.4.0_musl_eabi/include -I/home/oleg/openwrt/staging_dir/toolchain-arm_cortex-a7_gcc-14.4.0_musl_eabi/include/fortify  -Wall -Waggregate-return -Wmissing-declarations 	-Wmissing-prototypes -Wshadow -Wstrict-prototypes 	-Wformat=2 -Wwrite-strings -pipe -fvisibility=hidden -Os -pipe -fno-caller-saves -fno-plt -fhonour-copts -mfloat-abi=soft -fmacro-prefix-map=/home/oleg/openwrt/build_dir/target-arm_cortex-a7_musl_eabi/libnftnl-1.3.1=libnftnl-1.3.1 -flto=auto -fno-fat-lto-objects -Wl,-z,max-page-size=4096 -Wformat -Werror=format-security -fstack-protector -D_FORTIFY_SOURCE=1 -Wl,-z,now -Wl,-z,relro -DPIC -fpic  -c -o obj/ct_timeout.lo obj/ct_timeout.c
libtool: compile:  arm-openwrt-linux-muslgnueabi-gcc -DHAVE_CONFIG_H -I. -I.. -D_FILE_OFFSET_BITS=64 -D_REENTRANT -I../include -I/home/oleg/openwrt/staging_dir/target-arm_cortex-a7_musl_eabi/usr/include -I/home/oleg/openwrt/staging_dir/toolchain-arm_cortex-a7_gcc-14.4.0_musl_eabi/usr/include -I/home/oleg/openwrt/staging_dir/toolchain-arm_cortex-a7_gcc-14.4.0_musl_eabi/include -I/home/oleg/openwrt/staging_dir/toolchain-arm_cortex-a7_gcc-14.4.0_musl_eabi/include/fortify -Wall -Waggregate-return -Wmissing-declarations -Wmissing-prototypes -Wshadow -Wstrict-prototypes -Wformat=2 -Wwrite-strings -pipe -fvisibility=hidden -Os -pipe -fno-caller-saves -fno-plt -fhonour-copts -mfloat-abi=soft -fmacro-prefix-map=/home/oleg/openwrt/build_dir/target-arm_cortex-a7_musl_eabi/libnftnl-1.3.1=libnftnl-1.3.1 -flto=auto -fno-fat-lto-objects -Wl,-z,max-page-size=4096 -Wformat -Werror=format-security -fstack-protector -D_FORTIFY_SOURCE=1 -Wl,-z,now -Wl,-z,relro -DPIC -fpic -c expr/synproxy.c -o expr/synproxy.o >/dev/null 2>&1
libtool: compile:  arm-openwrt-linux-muslgnueabi-gcc -DHAVE_CONFIG_H -I. -I.. -D_FILE_OFFSET_BITS=64 -D_REENTRANT -I../include -I/home/oleg/openwrt/staging_dir/target-arm_cortex-a7_musl_eabi/usr/include -I/home/oleg/openwrt/staging_dir/toolchain-arm_cortex-a7_gcc-14.4.0_musl_eabi/usr/include -I/home/oleg/openwrt/staging_dir/toolchain-arm_cortex-a7_gcc-14.4.0_musl_eabi/include -I/home/oleg/openwrt/staging_dir/toolchain-arm_cortex-a7_gcc-14.4.0_musl_eabi/include/fortify -Wall -Waggregate-return -Wmissing-declarations -Wmissing-prototypes -Wshadow -Wstrict-prototypes -Wformat=2 -Wwrite-strings -pipe -fvisibility=hidden -Os -pipe -fno-caller-saves -fno-plt -fhonour-copts -mfloat-abi=soft -fmacro-prefix-map=/home/oleg/openwrt/build_dir/target-arm_cortex-a7_musl_eabi/libnftnl-1.3.1=libnftnl-1.3.1 -flto=auto -fno-fat-lto-objects -Wl,-z,max-page-size=4096 -Wformat -Werror=format-security -fstack-protector -D_FORTIFY_SOURCE=1 -Wl,-z,now -Wl,-z,relro -DPIC -fpic -c expr/osf.c -o expr/osf.o >/dev/null 2>&1
/bin/bash ../libtool  --tag=CC   --mode=compile arm-openwrt-linux-muslgnueabi-gcc -DHAVE_CONFIG_H -I. -I..  -D_FILE_OFFSET_BITS=64 -D_REENTRANT -I../include -I/home/oleg/openwrt/staging_dir/target-arm_cortex-a7_musl_eabi/usr/include  -I/home/oleg/openwrt/staging_dir/toolchain-arm_cortex-a7_gcc-14.4.0_musl_eabi/usr/include -I/home/oleg/openwrt/staging_dir/toolchain-arm_cortex-a7_gcc-14.4.0_musl_eabi/include -I/home/oleg/openwrt/staging_dir/toolchain-arm_cortex-a7_gcc-14.4.0_musl_eabi/include/fortify  -Wall -Waggregate-return -Wmissing-declarations 	-Wmissing-prototypes -Wshadow -Wstrict-prototypes 	-Wformat=2 -Wwrite-strings -pipe -fvisibility=hidden -Os -pipe -fno-caller-saves -fno-plt -fhonour-copts -mfloat-abi=soft -fmacro-prefix-map=/home/oleg/openwrt/build_dir/target-arm_cortex-a7_musl_eabi/libnftnl-1.3.1=libnftnl-1.3.1 -flto=auto -fno-fat-lto-objects -Wl,-z,max-page-size=4096 -Wformat -Werror=format-security -fstack-protector -D_FORTIFY_SOURCE=1 -Wl,-z,now -Wl,-z,relro -DPIC -fpic  -c -o obj/secmark.lo obj/secmark.c
/bin/bash ../libtool  --tag=CC   --mode=compile arm-openwrt-linux-muslgnueabi-gcc -DHAVE_CONFIG_H -I. -I..  -D_FILE_OFFSET_BITS=64 -D_REENTRANT -I../include -I/home/oleg/openwrt/staging_dir/target-arm_cortex-a7_musl_eabi/usr/include  -I/home/oleg/openwrt/staging_dir/toolchain-arm_cortex-a7_gcc-14.4.0_musl_eabi/usr/include -I/home/oleg/openwrt/staging_dir/toolchain-arm_cortex-a7_gcc-14.4.0_musl_eabi/include -I/home/oleg/openwrt/staging_dir/toolchain-arm_cortex-a7_gcc-14.4.0_musl_eabi/include/fortify  -Wall -Waggregate-return -Wmissing-declarations 	-Wmissing-prototypes -Wshadow -Wstrict-prototypes 	-Wformat=2 -Wwrite-strings -pipe -fvisibility=hidden -Os -pipe -fno-caller-saves -fno-plt -fhonour-copts -mfloat-abi=soft -fmacro-prefix-map=/home/oleg/openwrt/build_dir/target-arm_cortex-a7_musl_eabi/libnftnl-1.3.1=libnftnl-1.3.1 -flto=auto -fno-fat-lto-objects -Wl,-z,max-page-size=4096 -Wformat -Werror=format-security -fstack-protector -D_FORTIFY_SOURCE=1 -Wl,-z,now -Wl,-z,relro -DPIC -fpic  -c -o obj/ct_expect.lo obj/ct_expect.c
libtool: compile:  arm-openwrt-linux-muslgnueabi-gcc -DHAVE_CONFIG_H -I. -I.. -D_FILE_OFFSET_BITS=64 -D_REENTRANT -I../include -I/home/oleg/openwrt/staging_dir/target-arm_cortex-a7_musl_eabi/usr/include -I/home/oleg/openwrt/staging_dir/toolchain-arm_cortex-a7_gcc-14.4.0_musl_eabi/usr/include -I/home/oleg/openwrt/staging_dir/toolchain-arm_cortex-a7_gcc-14.4.0_musl_eabi/include -I/home/oleg/openwrt/staging_dir/toolchain-arm_cortex-a7_gcc-14.4.0_musl_eabi/include/fortify -Wall -Waggregate-return -Wmissing-declarations -Wmissing-prototypes -Wshadow -Wstrict-prototypes -Wformat=2 -Wwrite-strings -pipe -fvisibility=hidden -Os -pipe -fno-caller-saves -fno-plt -fhonour-copts -mfloat-abi=soft -fmacro-prefix-map=/home/oleg/openwrt/build_dir/target-arm_cortex-a7_musl_eabi/libnftnl-1.3.1=libnftnl-1.3.1 -flto=auto -fno-fat-lto-objects -Wl,-z,max-page-size=4096 -Wformat -Werror=format-security -fstack-protector -D_FORTIFY_SOURCE=1 -Wl,-z,now -Wl,-z,relro -DPIC -fpic -c expr/xfrm.c -o expr/xfrm.o >/dev/null 2>&1
libtool: compile:  arm-openwrt-linux-muslgnueabi-gcc -DHAVE_CONFIG_H -I. -I.. -D_FILE_OFFSET_BITS=64 -D_REENTRANT -I../include -I/home/oleg/openwrt/staging_dir/target-arm_cortex-a7_musl_eabi/usr/include -I/home/oleg/openwrt/staging_dir/toolchain-arm_cortex-a7_gcc-14.4.0_musl_eabi/usr/include -I/home/oleg/openwrt/staging_dir/toolchain-arm_cortex-a7_gcc-14.4.0_musl_eabi/include -I/home/oleg/openwrt/staging_dir/toolchain-arm_cortex-a7_gcc-14.4.0_musl_eabi/include/fortify -Wall -Waggregate-return -Wmissing-declarations -Wmissing-prototypes -Wshadow -Wstrict-prototypes -Wformat=2 -Wwrite-strings -pipe -fvisibility=hidden -Os -pipe -fno-caller-saves -fno-plt -fhonour-copts -mfloat-abi=soft -fmacro-prefix-map=/home/oleg/openwrt/build_dir/target-arm_cortex-a7_musl_eabi/libnftnl-1.3.1=libnftnl-1.3.1 -flto=auto -fno-fat-lto-objects -Wl,-z,max-page-size=4096 -Wformat -Werror=format-security -fstack-protector -D_FORTIFY_SOURCE=1 -Wl,-z,now -Wl,-z,relro -DPIC -fpic -c obj/quota.c  -fPIC -DPIC -o obj/.libs/quota.o
libtool: compile:  arm-openwrt-linux-muslgnueabi-gcc -DHAVE_CONFIG_H -I. -I.. -D_FILE_OFFSET_BITS=64 -D_REENTRANT -I../include -I/home/oleg/openwrt/staging_dir/target-arm_cortex-a7_musl_eabi/usr/include -I/home/oleg/openwrt/staging_dir/toolchain-arm_cortex-a7_gcc-14.4.0_musl_eabi/usr/include -I/home/oleg/openwrt/staging_dir/toolchain-arm_cortex-a7_gcc-14.4.0_musl_eabi/include -I/home/oleg/openwrt/staging_dir/toolchain-arm_cortex-a7_gcc-14.4.0_musl_eabi/include/fortify -Wall -Waggregate-return -Wmissing-declarations -Wmissing-prototypes -Wshadow -Wstrict-prototypes -Wformat=2 -Wwrite-strings -pipe -fvisibility=hidden -Os -pipe -fno-caller-saves -fno-plt -fhonour-copts -mfloat-abi=soft -fmacro-prefix-map=/home/oleg/openwrt/build_dir/target-arm_cortex-a7_musl_eabi/libnftnl-1.3.1=libnftnl-1.3.1 -flto=auto -fno-fat-lto-objects -Wl,-z,max-page-size=4096 -Wformat -Werror=format-security -fstack-protector -D_FORTIFY_SOURCE=1 -Wl,-z,now -Wl,-z,relro -DPIC -fpic -c obj/counter.c -o obj/counter.o >/dev/null 2>&1
libtool: compile:  arm-openwrt-linux-muslgnueabi-gcc -DHAVE_CONFIG_H -I. -I.. -D_FILE_OFFSET_BITS=64 -D_REENTRANT -I../include -I/home/oleg/openwrt/staging_dir/target-arm_cortex-a7_musl_eabi/usr/include -I/home/oleg/openwrt/staging_dir/toolchain-arm_cortex-a7_gcc-14.4.0_musl_eabi/usr/include -I/home/oleg/openwrt/staging_dir/toolchain-arm_cortex-a7_gcc-14.4.0_musl_eabi/include -I/home/oleg/openwrt/staging_dir/toolchain-arm_cortex-a7_gcc-14.4.0_musl_eabi/include/fortify -Wall -Waggregate-return -Wmissing-declarations -Wmissing-prototypes -Wshadow -Wstrict-prototypes -Wformat=2 -Wwrite-strings -pipe -fvisibility=hidden -Os -pipe -fno-caller-saves -fno-plt -fhonour-copts -mfloat-abi=soft -fmacro-prefix-map=/home/oleg/openwrt/build_dir/target-arm_cortex-a7_musl_eabi/libnftnl-1.3.1=libnftnl-1.3.1 -flto=auto -fno-fat-lto-objects -Wl,-z,max-page-size=4096 -Wformat -Werror=format-security -fstack-protector -D_FORTIFY_SOURCE=1 -Wl,-z,now -Wl,-z,relro -DPIC -fpic -c obj/tunnel.c  -fPIC -DPIC -o obj/.libs/tunnel.o
libtool: compile:  arm-openwrt-linux-muslgnueabi-gcc -DHAVE_CONFIG_H -I. -I.. -D_FILE_OFFSET_BITS=64 -D_REENTRANT -I../include -I/home/oleg/openwrt/staging_dir/target-arm_cortex-a7_musl_eabi/usr/include -I/home/oleg/openwrt/staging_dir/toolchain-arm_cortex-a7_gcc-14.4.0_musl_eabi/usr/include -I/home/oleg/openwrt/staging_dir/toolchain-arm_cortex-a7_gcc-14.4.0_musl_eabi/include -I/home/oleg/openwrt/staging_dir/toolchain-arm_cortex-a7_gcc-14.4.0_musl_eabi/include/fortify -Wall -Waggregate-return -Wmissing-declarations -Wmissing-prototypes -Wshadow -Wstrict-prototypes -Wformat=2 -Wwrite-strings -pipe -fvisibility=hidden -Os -pipe -fno-caller-saves -fno-plt -fhonour-copts -mfloat-abi=soft -fmacro-prefix-map=/home/oleg/openwrt/build_dir/target-arm_cortex-a7_musl_eabi/libnftnl-1.3.1=libnftnl-1.3.1 -flto=auto -fno-fat-lto-objects -Wl,-z,max-page-size=4096 -Wformat -Werror=format-security -fstack-protector -D_FORTIFY_SOURCE=1 -Wl,-z,now -Wl,-z,relro -DPIC -fpic -c obj/ct_helper.c -o obj/ct_helper.o >/dev/null 2>&1
libtool: compile:  arm-openwrt-linux-muslgnueabi-gcc -DHAVE_CONFIG_H -I. -I.. -D_FILE_OFFSET_BITS=64 -D_REENTRANT -I../include -I/home/oleg/openwrt/staging_dir/target-arm_cortex-a7_musl_eabi/usr/include -I/home/oleg/openwrt/staging_dir/toolchain-arm_cortex-a7_gcc-14.4.0_musl_eabi/usr/include -I/home/oleg/openwrt/staging_dir/toolchain-arm_cortex-a7_gcc-14.4.0_musl_eabi/include -I/home/oleg/openwrt/staging_dir/toolchain-arm_cortex-a7_gcc-14.4.0_musl_eabi/include/fortify -Wall -Waggregate-return -Wmissing-declarations -Wmissing-prototypes -Wshadow -Wstrict-prototypes -Wformat=2 -Wwrite-strings -pipe -fvisibility=hidden -Os -pipe -fno-caller-saves -fno-plt -fhonour-copts -mfloat-abi=soft -fmacro-prefix-map=/home/oleg/openwrt/build_dir/target-arm_cortex-a7_musl_eabi/libnftnl-1.3.1=libnftnl-1.3.1 -flto=auto -fno-fat-lto-objects -Wl,-z,max-page-size=4096 -Wformat -Werror=format-security -fstack-protector -D_FORTIFY_SOURCE=1 -Wl,-z,now -Wl,-z,relro -DPIC -fpic -c obj/synproxy.c  -fPIC -DPIC -o obj/.libs/synproxy.o
libtool: compile:  arm-openwrt-linux-muslgnueabi-gcc -DHAVE_CONFIG_H -I. -I.. -D_FILE_OFFSET_BITS=64 -D_REENTRANT -I../include -I/home/oleg/openwrt/staging_dir/target-arm_cortex-a7_musl_eabi/usr/include -I/home/oleg/openwrt/staging_dir/toolchain-arm_cortex-a7_gcc-14.4.0_musl_eabi/usr/include -I/home/oleg/openwrt/staging_dir/toolchain-arm_cortex-a7_gcc-14.4.0_musl_eabi/include -I/home/oleg/openwrt/staging_dir/toolchain-arm_cortex-a7_gcc-14.4.0_musl_eabi/include/fortify -Wall -Waggregate-return -Wmissing-declarations -Wmissing-prototypes -Wshadow -Wstrict-prototypes -Wformat=2 -Wwrite-strings -pipe -fvisibility=hidden -Os -pipe -fno-caller-saves -fno-plt -fhonour-copts -mfloat-abi=soft -fmacro-prefix-map=/home/oleg/openwrt/build_dir/target-arm_cortex-a7_musl_eabi/libnftnl-1.3.1=libnftnl-1.3.1 -flto=auto -fno-fat-lto-objects -Wl,-z,max-page-size=4096 -Wformat -Werror=format-security -fstack-protector -D_FORTIFY_SOURCE=1 -Wl,-z,now -Wl,-z,relro -DPIC -fpic -c obj/limit.c  -fPIC -DPIC -o obj/.libs/limit.o
libtool: compile:  arm-openwrt-linux-muslgnueabi-gcc -DHAVE_CONFIG_H -I. -I.. -D_FILE_OFFSET_BITS=64 -D_REENTRANT -I../include -I/home/oleg/openwrt/staging_dir/target-arm_cortex-a7_musl_eabi/usr/include -I/home/oleg/openwrt/staging_dir/toolchain-arm_cortex-a7_gcc-14.4.0_musl_eabi/usr/include -I/home/oleg/openwrt/staging_dir/toolchain-arm_cortex-a7_gcc-14.4.0_musl_eabi/include -I/home/oleg/openwrt/staging_dir/toolchain-arm_cortex-a7_gcc-14.4.0_musl_eabi/include/fortify -Wall -Waggregate-return -Wmissing-declarations -Wmissing-prototypes -Wshadow -Wstrict-prototypes -Wformat=2 -Wwrite-strings -pipe -fvisibility=hidden -Os -pipe -fno-caller-saves -fno-plt -fhonour-copts -mfloat-abi=soft -fmacro-prefix-map=/home/oleg/openwrt/build_dir/target-arm_cortex-a7_musl_eabi/libnftnl-1.3.1=libnftnl-1.3.1 -flto=auto -fno-fat-lto-objects -Wl,-z,max-page-size=4096 -Wformat -Werror=format-security -fstack-protector -D_FORTIFY_SOURCE=1 -Wl,-z,now -Wl,-z,relro -DPIC -fpic -c obj/ct_timeout.c  -fPIC -DPIC -o obj/.libs/ct_timeout.o
libtool: compile:  arm-openwrt-linux-muslgnueabi-gcc -DHAVE_CONFIG_H -I. -I.. -D_FILE_OFFSET_BITS=64 -D_REENTRANT -I../include -I/home/oleg/openwrt/staging_dir/target-arm_cortex-a7_musl_eabi/usr/include -I/home/oleg/openwrt/staging_dir/toolchain-arm_cortex-a7_gcc-14.4.0_musl_eabi/usr/include -I/home/oleg/openwrt/staging_dir/toolchain-arm_cortex-a7_gcc-14.4.0_musl_eabi/include -I/home/oleg/openwrt/staging_dir/toolchain-arm_cortex-a7_gcc-14.4.0_musl_eabi/include/fortify -Wall -Waggregate-return -Wmissing-declarations -Wmissing-prototypes -Wshadow -Wstrict-prototypes -Wformat=2 -Wwrite-strings -pipe -fvisibility=hidden -Os -pipe -fno-caller-saves -fno-plt -fhonour-copts -mfloat-abi=soft -fmacro-prefix-map=/home/oleg/openwrt/build_dir/target-arm_cortex-a7_musl_eabi/libnftnl-1.3.1=libnftnl-1.3.1 -flto=auto -fno-fat-lto-objects -Wl,-z,max-page-size=4096 -Wformat -Werror=format-security -fstack-protector -D_FORTIFY_SOURCE=1 -Wl,-z,now -Wl,-z,relro -DPIC -fpic -c obj/secmark.c  -fPIC -DPIC -o obj/.libs/secmark.o
libtool: compile:  arm-openwrt-linux-muslgnueabi-gcc -DHAVE_CONFIG_H -I. -I.. -D_FILE_OFFSET_BITS=64 -D_REENTRANT -I../include -I/home/oleg/openwrt/staging_dir/target-arm_cortex-a7_musl_eabi/usr/include -I/home/oleg/openwrt/staging_dir/toolchain-arm_cortex-a7_gcc-14.4.0_musl_eabi/usr/include -I/home/oleg/openwrt/staging_dir/toolchain-arm_cortex-a7_gcc-14.4.0_musl_eabi/include -I/home/oleg/openwrt/staging_dir/toolchain-arm_cortex-a7_gcc-14.4.0_musl_eabi/include/fortify -Wall -Waggregate-return -Wmissing-declarations -Wmissing-prototypes -Wshadow -Wstrict-prototypes -Wformat=2 -Wwrite-strings -pipe -fvisibility=hidden -Os -pipe -fno-caller-saves -fno-plt -fhonour-copts -mfloat-abi=soft -fmacro-prefix-map=/home/oleg/openwrt/build_dir/target-arm_cortex-a7_musl_eabi/libnftnl-1.3.1=libnftnl-1.3.1 -flto=auto -fno-fat-lto-objects -Wl,-z,max-page-size=4096 -Wformat -Werror=format-security -fstack-protector -D_FORTIFY_SOURCE=1 -Wl,-z,now -Wl,-z,relro -DPIC -fpic -c obj/ct_expect.c  -fPIC -DPIC -o obj/.libs/ct_expect.o
libtool: compile:  arm-openwrt-linux-muslgnueabi-gcc -DHAVE_CONFIG_H -I. -I.. -D_FILE_OFFSET_BITS=64 -D_REENTRANT -I../include -I/home/oleg/openwrt/staging_dir/target-arm_cortex-a7_musl_eabi/usr/include -I/home/oleg/openwrt/staging_dir/toolchain-arm_cortex-a7_gcc-14.4.0_musl_eabi/usr/include -I/home/oleg/openwrt/staging_dir/toolchain-arm_cortex-a7_gcc-14.4.0_musl_eabi/include -I/home/oleg/openwrt/staging_dir/toolchain-arm_cortex-a7_gcc-14.4.0_musl_eabi/include/fortify -Wall -Waggregate-return -Wmissing-declarations -Wmissing-prototypes -Wshadow -Wstrict-prototypes -Wformat=2 -Wwrite-strings -pipe -fvisibility=hidden -Os -pipe -fno-caller-saves -fno-plt -fhonour-copts -mfloat-abi=soft -fmacro-prefix-map=/home/oleg/openwrt/build_dir/target-arm_cortex-a7_musl_eabi/libnftnl-1.3.1=libnftnl-1.3.1 -flto=auto -fno-fat-lto-objects -Wl,-z,max-page-size=4096 -Wformat -Werror=format-security -fstack-protector -D_FORTIFY_SOURCE=1 -Wl,-z,now -Wl,-z,relro -DPIC -fpic -c obj/quota.c -o obj/quota.o >/dev/null 2>&1
libtool: compile:  arm-openwrt-linux-muslgnueabi-gcc -DHAVE_CONFIG_H -I. -I.. -D_FILE_OFFSET_BITS=64 -D_REENTRANT -I../include -I/home/oleg/openwrt/staging_dir/target-arm_cortex-a7_musl_eabi/usr/include -I/home/oleg/openwrt/staging_dir/toolchain-arm_cortex-a7_gcc-14.4.0_musl_eabi/usr/include -I/home/oleg/openwrt/staging_dir/toolchain-arm_cortex-a7_gcc-14.4.0_musl_eabi/include -I/home/oleg/openwrt/staging_dir/toolchain-arm_cortex-a7_gcc-14.4.0_musl_eabi/include/fortify -Wall -Waggregate-return -Wmissing-declarations -Wmissing-prototypes -Wshadow -Wstrict-prototypes -Wformat=2 -Wwrite-strings -pipe -fvisibility=hidden -Os -pipe -fno-caller-saves -fno-plt -fhonour-copts -mfloat-abi=soft -fmacro-prefix-map=/home/oleg/openwrt/build_dir/target-arm_cortex-a7_musl_eabi/libnftnl-1.3.1=libnftnl-1.3.1 -flto=auto -fno-fat-lto-objects -Wl,-z,max-page-size=4096 -Wformat -Werror=format-security -fstack-protector -D_FORTIFY_SOURCE=1 -Wl,-z,now -Wl,-z,relro -DPIC -fpic -c obj/synproxy.c -o obj/synproxy.o >/dev/null 2>&1
libtool: compile:  arm-openwrt-linux-muslgnueabi-gcc -DHAVE_CONFIG_H -I. -I.. -D_FILE_OFFSET_BITS=64 -D_REENTRANT -I../include -I/home/oleg/openwrt/staging_dir/target-arm_cortex-a7_musl_eabi/usr/include -I/home/oleg/openwrt/staging_dir/toolchain-arm_cortex-a7_gcc-14.4.0_musl_eabi/usr/include -I/home/oleg/openwrt/staging_dir/toolchain-arm_cortex-a7_gcc-14.4.0_musl_eabi/include -I/home/oleg/openwrt/staging_dir/toolchain-arm_cortex-a7_gcc-14.4.0_musl_eabi/include/fortify -Wall -Waggregate-return -Wmissing-declarations -Wmissing-prototypes -Wshadow -Wstrict-prototypes -Wformat=2 -Wwrite-strings -pipe -fvisibility=hidden -Os -pipe -fno-caller-saves -fno-plt -fhonour-copts -mfloat-abi=soft -fmacro-prefix-map=/home/oleg/openwrt/build_dir/target-arm_cortex-a7_musl_eabi/libnftnl-1.3.1=libnftnl-1.3.1 -flto=auto -fno-fat-lto-objects -Wl,-z,max-page-size=4096 -Wformat -Werror=format-security -fstack-protector -D_FORTIFY_SOURCE=1 -Wl,-z,now -Wl,-z,relro -DPIC -fpic -c obj/limit.c -o obj/limit.o >/dev/null 2>&1
libtool: compile:  arm-openwrt-linux-muslgnueabi-gcc -DHAVE_CONFIG_H -I. -I.. -D_FILE_OFFSET_BITS=64 -D_REENTRANT -I../include -I/home/oleg/openwrt/staging_dir/target-arm_cortex-a7_musl_eabi/usr/include -I/home/oleg/openwrt/staging_dir/toolchain-arm_cortex-a7_gcc-14.4.0_musl_eabi/usr/include -I/home/oleg/openwrt/staging_dir/toolchain-arm_cortex-a7_gcc-14.4.0_musl_eabi/include -I/home/oleg/openwrt/staging_dir/toolchain-arm_cortex-a7_gcc-14.4.0_musl_eabi/include/fortify -Wall -Waggregate-return -Wmissing-declarations -Wmissing-prototypes -Wshadow -Wstrict-prototypes -Wformat=2 -Wwrite-strings -pipe -fvisibility=hidden -Os -pipe -fno-caller-saves -fno-plt -fhonour-copts -mfloat-abi=soft -fmacro-prefix-map=/home/oleg/openwrt/build_dir/target-arm_cortex-a7_musl_eabi/libnftnl-1.3.1=libnftnl-1.3.1 -flto=auto -fno-fat-lto-objects -Wl,-z,max-page-size=4096 -Wformat -Werror=format-security -fstack-protector -D_FORTIFY_SOURCE=1 -Wl,-z,now -Wl,-z,relro -DPIC -fpic -c obj/ct_timeout.c -o obj/ct_timeout.o >/dev/null 2>&1
libtool: compile:  arm-openwrt-linux-muslgnueabi-gcc -DHAVE_CONFIG_H -I. -I.. -D_FILE_OFFSET_BITS=64 -D_REENTRANT -I../include -I/home/oleg/openwrt/staging_dir/target-arm_cortex-a7_musl_eabi/usr/include -I/home/oleg/openwrt/staging_dir/toolchain-arm_cortex-a7_gcc-14.4.0_musl_eabi/usr/include -I/home/oleg/openwrt/staging_dir/toolchain-arm_cortex-a7_gcc-14.4.0_musl_eabi/include -I/home/oleg/openwrt/staging_dir/toolchain-arm_cortex-a7_gcc-14.4.0_musl_eabi/include/fortify -Wall -Waggregate-return -Wmissing-declarations -Wmissing-prototypes -Wshadow -Wstrict-prototypes -Wformat=2 -Wwrite-strings -pipe -fvisibility=hidden -Os -pipe -fno-caller-saves -fno-plt -fhonour-copts -mfloat-abi=soft -fmacro-prefix-map=/home/oleg/openwrt/build_dir/target-arm_cortex-a7_musl_eabi/libnftnl-1.3.1=libnftnl-1.3.1 -flto=auto -fno-fat-lto-objects -Wl,-z,max-page-size=4096 -Wformat -Werror=format-security -fstack-protector -D_FORTIFY_SOURCE=1 -Wl,-z,now -Wl,-z,relro -DPIC -fpic -c obj/secmark.c -o obj/secmark.o >/dev/null 2>&1
libtool: compile:  arm-openwrt-linux-muslgnueabi-gcc -DHAVE_CONFIG_H -I. -I.. -D_FILE_OFFSET_BITS=64 -D_REENTRANT -I../include -I/home/oleg/openwrt/staging_dir/target-arm_cortex-a7_musl_eabi/usr/include -I/home/oleg/openwrt/staging_dir/toolchain-arm_cortex-a7_gcc-14.4.0_musl_eabi/usr/include -I/home/oleg/openwrt/staging_dir/toolchain-arm_cortex-a7_gcc-14.4.0_musl_eabi/include -I/home/oleg/openwrt/staging_dir/toolchain-arm_cortex-a7_gcc-14.4.0_musl_eabi/include/fortify -Wall -Waggregate-return -Wmissing-declarations -Wmissing-prototypes -Wshadow -Wstrict-prototypes -Wformat=2 -Wwrite-strings -pipe -fvisibility=hidden -Os -pipe -fno-caller-saves -fno-plt -fhonour-copts -mfloat-abi=soft -fmacro-prefix-map=/home/oleg/openwrt/build_dir/target-arm_cortex-a7_musl_eabi/libnftnl-1.3.1=libnftnl-1.3.1 -flto=auto -fno-fat-lto-objects -Wl,-z,max-page-size=4096 -Wformat -Werror=format-security -fstack-protector -D_FORTIFY_SOURCE=1 -Wl,-z,now -Wl,-z,relro -DPIC -fpic -c obj/ct_expect.c -o obj/ct_expect.o >/dev/null 2>&1
libtool: compile:  arm-openwrt-linux-muslgnueabi-gcc -DHAVE_CONFIG_H -I. -I.. -D_FILE_OFFSET_BITS=64 -D_REENTRANT -I../include -I/home/oleg/openwrt/staging_dir/target-arm_cortex-a7_musl_eabi/usr/include -I/home/oleg/openwrt/staging_dir/toolchain-arm_cortex-a7_gcc-14.4.0_musl_eabi/usr/include -I/home/oleg/openwrt/staging_dir/toolchain-arm_cortex-a7_gcc-14.4.0_musl_eabi/include -I/home/oleg/openwrt/staging_dir/toolchain-arm_cortex-a7_gcc-14.4.0_musl_eabi/include/fortify -Wall -Waggregate-return -Wmissing-declarations -Wmissing-prototypes -Wshadow -Wstrict-prototypes -Wformat=2 -Wwrite-strings -pipe -fvisibility=hidden -Os -pipe -fno-caller-saves -fno-plt -fhonour-copts -mfloat-abi=soft -fmacro-prefix-map=/home/oleg/openwrt/build_dir/target-arm_cortex-a7_musl_eabi/libnftnl-1.3.1=libnftnl-1.3.1 -flto=auto -fno-fat-lto-objects -Wl,-z,max-page-size=4096 -Wformat -Werror=format-security -fstack-protector -D_FORTIFY_SOURCE=1 -Wl,-z,now -Wl,-z,relro -DPIC -fpic -c obj/tunnel.c -o obj/tunnel.o >/dev/null 2>&1
/bin/bash ../libtool  --tag=CC   --mode=link arm-openwrt-linux-muslgnueabi-gcc -Wall -Waggregate-return -Wmissing-declarations 	-Wmissing-prototypes -Wshadow -Wstrict-prototypes 	-Wformat=2 -Wwrite-strings -pipe -fvisibility=hidden -Os -pipe -fno-caller-saves -fno-plt -fhonour-copts -mfloat-abi=soft -fmacro-prefix-map=/home/oleg/openwrt/build_dir/target-arm_cortex-a7_musl_eabi/libnftnl-1.3.1=libnftnl-1.3.1 -flto=auto -fno-fat-lto-objects -Wl,-z,max-page-size=4096 -Wformat -Werror=format-security -fstack-protector -D_FORTIFY_SOURCE=1 -Wl,-z,now -Wl,-z,relro -DPIC -fpic  -Wl,--version-script=./libnftnl.map -version-info 18:0:7 -L/home/oleg/openwrt/staging_dir/toolchain-arm_cortex-a7_gcc-14.4.0_musl_eabi/usr/lib -L/home/oleg/openwrt/staging_dir/toolchain-arm_cortex-a7_gcc-14.4.0_musl_eabi/lib -fuse-ld=bfd -flto=auto -fuse-linker-plugin -zmax-page-size=4096 -znow -zrelro  -o libnftnl.la -rpath /usr/lib utils.lo batch.lo flowtable.lo common.lo gen.lo table.lo trace.lo chain.lo object.lo rule.lo set.lo set_elem.lo str_array.lo ruleset.lo udata.lo expr.lo expr_ops.lo expr/bitwise.lo expr/byteorder.lo expr/cmp.lo expr/range.lo expr/connlimit.lo expr/counter.lo expr/ct.lo expr/data_reg.lo expr/dup.lo expr/exthdr.lo expr/flow_offload.lo expr/fib.lo expr/fwd.lo expr/last.lo expr/limit.lo expr/log.lo expr/lookup.lo expr/dynset.lo expr/immediate.lo expr/inner.lo expr/match.lo expr/meta.lo expr/numgen.lo expr/nat.lo expr/tproxy.lo expr/objref.lo expr/payload.lo expr/queue.lo expr/quota.lo expr/reject.lo expr/rt.lo expr/target.lo expr/tunnel.lo expr/masq.lo expr/redir.lo expr/hash.lo expr/socket.lo expr/synproxy.lo expr/osf.lo expr/xfrm.lo obj/counter.lo obj/ct_helper.lo obj/quota.lo obj/tunnel.lo obj/limit.lo obj/synproxy.lo obj/ct_timeout.lo obj/secmark.lo obj/ct_expect.lo -L/home/oleg/openwrt/staging_dir/target-arm_cortex-a7_musl_eabi/usr/lib -lmnl 
libtool: link: arm-openwrt-linux-muslgnueabi-gcc -shared  -fPIC -DPIC  .libs/utils.o .libs/batch.o .libs/flowtable.o .libs/common.o .libs/gen.o .libs/table.o .libs/trace.o .libs/chain.o .libs/object.o .libs/rule.o .libs/set.o .libs/set_elem.o .libs/str_array.o .libs/ruleset.o .libs/udata.o .libs/expr.o .libs/expr_ops.o expr/.libs/bitwise.o expr/.libs/byteorder.o expr/.libs/cmp.o expr/.libs/range.o expr/.libs/connlimit.o expr/.libs/counter.o expr/.libs/ct.o expr/.libs/data_reg.o expr/.libs/dup.o expr/.libs/exthdr.o expr/.libs/flow_offload.o expr/.libs/fib.o expr/.libs/fwd.o expr/.libs/last.o expr/.libs/limit.o expr/.libs/log.o expr/.libs/lookup.o expr/.libs/dynset.o expr/.libs/immediate.o expr/.libs/inner.o expr/.libs/match.o expr/.libs/meta.o expr/.libs/numgen.o expr/.libs/nat.o expr/.libs/tproxy.o expr/.libs/objref.o expr/.libs/payload.o expr/.libs/queue.o expr/.libs/quota.o expr/.libs/reject.o expr/.libs/rt.o expr/.libs/target.o expr/.libs/tunnel.o expr/.libs/masq.o expr/.libs/redir.o expr/.libs/hash.o expr/.libs/socket.o expr/.libs/synproxy.o expr/.libs/osf.o expr/.libs/xfrm.o obj/.libs/counter.o obj/.libs/ct_helper.o obj/.libs/quota.o obj/.libs/tunnel.o obj/.libs/limit.o obj/.libs/synproxy.o obj/.libs/ct_timeout.o obj/.libs/secmark.o obj/.libs/ct_expect.o   -L/home/oleg/openwrt/staging_dir/toolchain-arm_cortex-a7_gcc-14.4.0_musl_eabi/usr/lib -L/home/oleg/openwrt/staging_dir/toolchain-arm_cortex-a7_gcc-14.4.0_musl_eabi/lib -L/home/oleg/openwrt/staging_dir/target-arm_cortex-a7_musl_eabi/usr/lib -lmnl  -Os -mfloat-abi=soft -fmacro-prefix-map=/home/oleg/openwrt/build_dir/target-arm_cortex-a7_musl_eabi/libnftnl-1.3.1=libnftnl-1.3.1 -flto=auto -Wl,-z -Wl,max-page-size=4096 -Werror=format-security -fstack-protector -Wl,-z -Wl,now -Wl,-z -Wl,relro -Wl,--version-script=./libnftnl.map -fuse-ld=bfd -flto=auto -fuse-linker-plugin   -Wl,-soname -Wl,libnftnl.so.11 -o .libs/libnftnl.so.11.7.0
/home/oleg/openwrt/scripts/ipkg-remove kmod-gpio-button-hotplug /home/oleg/openwrt/bin/targets/airoha/an7563/packages/kmod-gpio-button-hotplug-6.18.37-r5.apk
removed '/home/oleg/openwrt/bin/targets/airoha/an7563/packages/kmod-gpio-button-hotplug-6.18.37-r5.apk'
mkdir -p /home/oleg/openwrt/bin/targets/airoha/an7563/packages /home/oleg/openwrt/build_dir/target-arm_cortex-a7_musl_eabi/linux-airoha_an7563/gpio-button-hotplug/ipkg-arm_cortex-a7/kmod-gpio-button-hotplug /home/oleg/openwrt/staging_dir/target-arm_cortex-a7_musl_eabi/pkginfo
mkdir -p /home/oleg/openwrt/build_dir/target-arm_cortex-a7_musl_eabi/linux-airoha_an7563/gpio-button-hotplug/ipkg-arm_cortex-a7/kmod-gpio-button-hotplug/etc/modules.d; ( echo "gpio-button-hotplug"; ) > /home/oleg/openwrt/build_dir/target-arm_cortex-a7_musl_eabi/linux-airoha_an7563/gpio-button-hotplug/ipkg-arm_cortex-a7/kmod-gpio-button-hotplug/etc/modules.d/30-gpio-button-hotplug;  mkdir -p /home/oleg/openwrt/build_dir/target-arm_cortex-a7_musl_eabi/linux-airoha_an7563/gpio-button-hotplug/ipkg-arm_cortex-a7/kmod-gpio-button-hotplug/etc/modules-boot.d; ln -sf ../modules.d/30-gpio-button-hotplug /home/oleg/openwrt/build_dir/target-arm_cortex-a7_musl_eabi/linux-airoha_an7563/gpio-button-hotplug/ipkg-arm_cortex-a7/kmod-gpio-button-hotplug/etc/modules-boot.d/;
find /home/oleg/openwrt/build_dir/target-arm_cortex-a7_musl_eabi/linux-airoha_an7563/gpio-button-hotplug/ipkg-arm_cortex-a7/kmod-gpio-button-hotplug -name '.svn' -o -name '.#*' -o -name '*~'| xargs -r rm -rf
export CROSS="arm-openwrt-linux-muslgnueabi-"  NO_RENAME=1 ; NM="arm-openwrt-linux-muslgnueabi-nm" STRIP="/home/oleg/openwrt/staging_dir/host/bin/sstrip -z" STRIP_KMOD="/home/oleg/openwrt/scripts/strip-kmod.sh" PATCHELF="/home/oleg/openwrt/staging_dir/host/bin/patchelf" /home/oleg/openwrt/scripts/rstrip.sh /home/oleg/openwrt/build_dir/target-arm_cortex-a7_musl_eabi/linux-airoha_an7563/gpio-button-hotplug/ipkg-arm_cortex-a7/kmod-gpio-button-hotplug
rstrip.sh: /home/oleg/openwrt/build_dir/target-arm_cortex-a7_musl_eabi/linux-airoha_an7563/gpio-button-hotplug/ipkg-arm_cortex-a7/kmod-gpio-button-hotplug/lib/modules/6.18.37/gpio-button-hotplug.ko: relocatable
install -d -m0755 /home/oleg/openwrt/bin/targets/airoha/an7563/packages
mkdir -p /home/oleg/openwrt/build_dir/target-arm_cortex-a7_musl_eabi/linux-airoha_an7563/gpio-button-hotplug/apk-arm_cortex-a7/kmod-gpio-button-hotplug/
mkdir -p /home/oleg/openwrt/build_dir/target-arm_cortex-a7_musl_eabi/linux-airoha_an7563/gpio-button-hotplug/ipkg-arm_cortex-a7/kmod-gpio-button-hotplug/lib/apk/packages/
(cd /home/oleg/openwrt/build_dir/target-arm_cortex-a7_musl_eabi/linux-airoha_an7563/gpio-button-hotplug/apk-arm_cortex-a7/kmod-gpio-button-hotplug; )
( echo "#!/bin/sh"; echo "[ \"\${IPKG_NO_SCRIPT}\" = \"1\" ] && exit 0"; echo "[ -s "\${IPKG_INSTROOT}/lib/functions.sh" ] || exit 0"; echo ". \${IPKG_INSTROOT}/lib/functions.sh"; echo 'export root="${IPKG_INSTROOT}"'; echo 'export pkgname="kmod-gpio-button-hotplug"'; echo "add_group_and_user"; echo "default_postinst"; [ ! -f /home/oleg/openwrt/build_dir/target-arm_cortex-a7_musl_eabi/linux-airoha_an7563/gpio-button-hotplug/apk-arm_cortex-a7/kmod-gpio-button-hotplug/postinst-pkg ] || sed '/^\s*#!/d' "/home/oleg/openwrt/build_dir/target-arm_cortex-a7_musl_eabi/linux-airoha_an7563/gpio-button-hotplug/apk-arm_cortex-a7/kmod-gpio-button-hotplug/postinst-pkg"; ) > /home/oleg/openwrt/build_dir/target-arm_cortex-a7_musl_eabi/linux-airoha_an7563/gpio-button-hotplug/apk-arm_cortex-a7/kmod-gpio-button-hotplug/post-install;
( echo "#!/bin/sh"; echo 'export PKG_UPGRADE=1'; [ ! -f /home/oleg/openwrt/build_dir/target-arm_cortex-a7_musl_eabi/linux-airoha_an7563/gpio-button-hotplug/apk-arm_cortex-a7/kmod-gpio-button-hotplug/post-install ] || sed '/^\s*#!/d' "/home/oleg/openwrt/build_dir/target-arm_cortex-a7_musl_eabi/linux-airoha_an7563/gpio-button-hotplug/apk-arm_cortex-a7/kmod-gpio-button-hotplug/post-install"; ) > /home/oleg/openwrt/build_dir/target-arm_cortex-a7_musl_eabi/linux-airoha_an7563/gpio-button-hotplug/apk-arm_cortex-a7/kmod-gpio-button-hotplug/post-upgrade;
( echo "#!/bin/sh"; echo "[ -s "\${IPKG_INSTROOT}/lib/functions.sh" ] || exit 0"; echo ". \${IPKG_INSTROOT}/lib/functions.sh"; echo 'export root="${IPKG_INSTROOT}"'; echo 'export pkgname="kmod-gpio-button-hotplug"'; echo "default_prerm"; [ ! -f /home/oleg/openwrt/build_dir/target-arm_cortex-a7_musl_eabi/linux-airoha_an7563/gpio-button-hotplug/apk-arm_cortex-a7/kmod-gpio-button-hotplug/prerm-pkg ] || sed '/^\s*#!/d' "/home/oleg/openwrt/build_dir/target-arm_cortex-a7_musl_eabi/linux-airoha_an7563/gpio-button-hotplug/apk-arm_cortex-a7/kmod-gpio-button-hotplug/prerm-pkg"; ) > /home/oleg/openwrt/build_dir/target-arm_cortex-a7_musl_eabi/linux-airoha_an7563/gpio-button-hotplug/apk-arm_cortex-a7/kmod-gpio-button-hotplug/pre-deinstall;
[ ! -f /home/oleg/openwrt/build_dir/target-arm_cortex-a7_musl_eabi/linux-airoha_an7563/gpio-button-hotplug/apk-arm_cortex-a7/kmod-gpio-button-hotplug/postrm ] || sed -zi 's/^\s*#!/#!/' "/home/oleg/openwrt/build_dir/target-arm_cortex-a7_musl_eabi/linux-airoha_an7563/gpio-button-hotplug/apk-arm_cortex-a7/kmod-gpio-button-hotplug/postrm";
if [ -n "" ]; then echo  > /home/oleg/openwrt/build_dir/target-arm_cortex-a7_musl_eabi/linux-airoha_an7563/gpio-button-hotplug/ipkg-arm_cortex-a7/kmod-gpio-button-hotplug/lib/apk/packages/kmod-gpio-button-hotplug.rusers; fi;
if [ -n "" ]; then echo  > /home/oleg/openwrt/build_dir/target-arm_cortex-a7_musl_eabi/linux-airoha_an7563/gpio-button-hotplug/ipkg-arm_cortex-a7/kmod-gpio-button-hotplug/lib/apk/packages/kmod-gpio-button-hotplug.alternatives; fi;
(cd /home/oleg/openwrt/build_dir/target-arm_cortex-a7_musl_eabi/linux-airoha_an7563/gpio-button-hotplug/ipkg-arm_cortex-a7/kmod-gpio-button-hotplug && find . -type f,l -printf "/%P\n" | sort > /home/oleg/openwrt/tmp/kmod-gpio-button-hotplug.list && mv /home/oleg/openwrt/tmp/kmod-gpio-button-hotplug.list /home/oleg/openwrt/build_dir/target-arm_cortex-a7_musl_eabi/linux-airoha_an7563/gpio-button-hotplug/ipkg-arm_cortex-a7/kmod-gpio-button-hotplug/lib/apk/packages/kmod-gpio-button-hotplug.list)
# Move conffiles to IDIR and build conffiles_static with csums
if [ -f /home/oleg/openwrt/build_dir/target-arm_cortex-a7_musl_eabi/linux-airoha_an7563/gpio-button-hotplug/apk-arm_cortex-a7/kmod-gpio-button-hotplug/conffiles ]; then mv -f /home/oleg/openwrt/build_dir/target-arm_cortex-a7_musl_eabi/linux-airoha_an7563/gpio-button-hotplug/apk-arm_cortex-a7/kmod-gpio-button-hotplug/conffiles /home/oleg/openwrt/build_dir/target-arm_cortex-a7_musl_eabi/linux-airoha_an7563/gpio-button-hotplug/ipkg-arm_cortex-a7/kmod-gpio-button-hotplug/lib/apk/packages/kmod-gpio-button-hotplug.conffiles; for file in $(cat /home/oleg/openwrt/build_dir/target-arm_cortex-a7_musl_eabi/linux-airoha_an7563/gpio-button-hotplug/ipkg-arm_cortex-a7/kmod-gpio-button-hotplug/lib/apk/packages/kmod-gpio-button-hotplug.conffiles); do [ -f /home/oleg/openwrt/build_dir/target-arm_cortex-a7_musl_eabi/linux-airoha_an7563/gpio-button-hotplug/ipkg-arm_cortex-a7/kmod-gpio-button-hotplug/$file ] || continue; csum=$(/home/oleg/openwrt/staging_dir/host/bin/mkhash sha256 /home/oleg/openwrt/build_dir/target-arm_cortex-a7_musl_eabi/linux-airoha_an7563/gpio-button-hotplug/ipkg-arm_cortex-a7/kmod-gpio-button-hotplug/$file); echo $file $csum >> /home/oleg/openwrt/build_dir/target-arm_cortex-a7_musl_eabi/linux-airoha_an7563/gpio-button-hotplug/ipkg-arm_cortex-a7/kmod-gpio-button-hotplug/lib/apk/packages/kmod-gpio-button-hotplug.conffiles_static; done; fi
# Some package (base-files) manually append stuff to conffiles
# Append stuff from it and delete the CONTROL directory since everything else should be migrated
if [ -f /home/oleg/openwrt/build_dir/target-arm_cortex-a7_musl_eabi/linux-airoha_an7563/gpio-button-hotplug/ipkg-arm_cortex-a7/kmod-gpio-button-hotplug/CONTROL/conffiles ]; then echo $(IDIR_kmod-gpio-button-hotplug)/CONTROL/conffiles >> /home/oleg/openwrt/build_dir/target-arm_cortex-a7_musl_eabi/linux-airoha_an7563/gpio-button-hotplug/ipkg-arm_cortex-a7/kmod-gpio-button-hotplug/lib/apk/packages/kmod-gpio-button-hotplug.conffiles; for file in $(cat /home/oleg/openwrt/build_dir/target-arm_cortex-a7_musl_eabi/linux-airoha_an7563/gpio-button-hotplug/ipkg-arm_cortex-a7/kmod-gpio-button-hotplug/CONTROL/conffiles); do [ -f /home/oleg/openwrt/build_dir/target-arm_cortex-a7_musl_eabi/linux-airoha_an7563/gpio-button-hotplug/ipkg-arm_cortex-a7/kmod-gpio-button-hotplug/$file ] || continue; csum=$(/home/oleg/openwrt/staging_dir/host/bin/mkhash sha256 /home/oleg/openwrt/build_dir/target-arm_cortex-a7_musl_eabi/linux-airoha_an7563/gpio-button-hotplug/ipkg-arm_cortex-a7/kmod-gpio-button-hotplug/$file); echo $file $csum >> /home/oleg/openwrt/build_dir/target-arm_cortex-a7_musl_eabi/linux-airoha_an7563/gpio-button-hotplug/ipkg-arm_cortex-a7/kmod-gpio-button-hotplug/lib/apk/packages/kmod-gpio-button-hotplug.conffiles_static; done; rm -rf /home/oleg/openwrt/build_dir/target-arm_cortex-a7_musl_eabi/linux-airoha_an7563/gpio-button-hotplug/ipkg-arm_cortex-a7/kmod-gpio-button-hotplug/CONTROL/conffiles; fi
if [ -z "$(ls -A /home/oleg/openwrt/build_dir/target-arm_cortex-a7_musl_eabi/linux-airoha_an7563/gpio-button-hotplug/ipkg-arm_cortex-a7/kmod-gpio-button-hotplug/CONTROL 2>/dev/null)" ]; then rm -rf /home/oleg/openwrt/build_dir/target-arm_cortex-a7_musl_eabi/linux-airoha_an7563/gpio-button-hotplug/ipkg-arm_cortex-a7/kmod-gpio-button-hotplug/CONTROL; else echo "CONTROL directory /home/oleg/openwrt/build_dir/target-arm_cortex-a7_musl_eabi/linux-airoha_an7563/gpio-button-hotplug/ipkg-arm_cortex-a7/kmod-gpio-button-hotplug/CONTROL is not empty! This is not right and should be checked!" >&2; exit 1; fi
SOURCE_DATE_EPOCH=0 /home/oleg/openwrt/staging_dir/host/bin/fakeroot /home/oleg/openwrt/staging_dir/host/bin/apk mkpkg --info "name:kmod-gpio-button-hotplug" --info "version:6.18.37-r5" --info "tags:openwrt:section=kernel" --info "description:This is a replacement for the following in-kernel drivers: 1) gpio_keys (KEYBOARD_GPIO) 2) gpio_keys_polled (KEYBOARD_GPIO_POLLED) Instead of generating input events (like in-kernel drivers do) it generates uevent-s and broadcasts them. This allows disabling input subsystem which is an overkill for OpenWrt simple needs." --info "arch:arm_cortex-a7" --info "license:GPL-2.0" --info "origin:feeds/base/kernel/gpio-button-hotplug" --info "url:" --info "maintainer:" --info "provides:kmod-gpio-button-hotplug-any"  --script "post-install:/home/oleg/openwrt/build_dir/target-arm_cortex-a7_musl_eabi/linux-airoha_an7563/gpio-button-hotplug/apk-arm_cortex-a7/kmod-gpio-button-hotplug/post-install" --script "post-upgrade:/home/oleg/openwrt/build_dir/target-arm_cortex-a7_musl_eabi/linux-airoha_an7563/gpio-button-hotplug/apk-arm_cortex-a7/kmod-gpio-button-hotplug/post-upgrade" --script "pre-deinstall:/home/oleg/openwrt/build_dir/target-arm_cortex-a7_musl_eabi/linux-airoha_an7563/gpio-button-hotplug/apk-arm_cortex-a7/kmod-gpio-button-hotplug/pre-deinstall" --info "depends:kernel=6.18.37~b1f26ddf0e230c5b358c53aa2fa027f3-r1" --files "/home/oleg/openwrt/build_dir/target-arm_cortex-a7_musl_eabi/linux-airoha_an7563/gpio-button-hotplug/ipkg-arm_cortex-a7/kmod-gpio-button-hotplug" --sign /home/oleg/openwrt/private-key.pem --output "/home/oleg/openwrt/bin/targets/airoha/an7563/packages/kmod-gpio-button-hotplug-6.18.37-r5.apk"
rm -rf /home/oleg/openwrt/build_dir/target-arm_cortex-a7_musl_eabi/linux-airoha_an7563/gpio-button-hotplug/.pkgdir/kmod-gpio-button-hotplug.installed /home/oleg/openwrt/build_dir/target-arm_cortex-a7_musl_eabi/linux-airoha_an7563/gpio-button-hotplug/.pkgdir/kmod-gpio-button-hotplug
mkdir -p /home/oleg/openwrt/build_dir/target-arm_cortex-a7_musl_eabi/linux-airoha_an7563/gpio-button-hotplug/.pkgdir/kmod-gpio-button-hotplug
mkdir -p /home/oleg/openwrt/build_dir/target-arm_cortex-a7_musl_eabi/linux-airoha_an7563/gpio-button-hotplug/.pkgdir/kmod-gpio-button-hotplug/etc/modules.d; ( echo "gpio-button-hotplug"; ) > /home/oleg/openwrt/build_dir/target-arm_cortex-a7_musl_eabi/linux-airoha_an7563/gpio-button-hotplug/.pkgdir/kmod-gpio-button-hotplug/etc/modules.d/30-gpio-button-hotplug;  mkdir -p /home/oleg/openwrt/build_dir/target-arm_cortex-a7_musl_eabi/linux-airoha_an7563/gpio-button-hotplug/.pkgdir/kmod-gpio-button-hotplug/etc/modules-boot.d; ln -sf ../modules.d/30-gpio-button-hotplug /home/oleg/openwrt/build_dir/target-arm_cortex-a7_musl_eabi/linux-airoha_an7563/gpio-button-hotplug/.pkgdir/kmod-gpio-button-hotplug/etc/modules-boot.d/;
touch /home/oleg/openwrt/build_dir/target-arm_cortex-a7_musl_eabi/linux-airoha_an7563/gpio-button-hotplug/.pkgdir/kmod-gpio-button-hotplug.installed
mkdir -p /home/oleg/openwrt/staging_dir/target-arm_cortex-a7_musl_eabi/root-airoha/stamp
SHELL= flock /home/oleg/openwrt/tmp/.root-copy.flock -c 'cp -fpR /home/oleg/openwrt/build_dir/target-arm_cortex-a7_musl_eabi/linux-airoha_an7563/gpio-button-hotplug/.pkgdir/kmod-gpio-button-hotplug/. /home/oleg/openwrt/staging_dir/target-arm_cortex-a7_musl_eabi/root-airoha/'
touch /home/oleg/openwrt/staging_dir/target-arm_cortex-a7_musl_eabi/root-airoha/stamp/.kmod-gpio-button-hotplug_installed
echo "kmod-gpio-button-hotplug" >> /home/oleg/openwrt/staging_dir/target-arm_cortex-a7_musl_eabi/pkginfo/gpio-button-hotplug.default.install
make[3]: Leaving directory '/home/oleg/openwrt/package/kernel/gpio-button-hotplug'
time: package/kernel/gpio-button-hotplug/compile#4.93#0.89#6.18
libtool: link: (cd ".libs" && rm -f "libnftnl.so.11" && ln -s "libnftnl.so.11.7.0" "libnftnl.so.11")
libtool: link: (cd ".libs" && rm -f "libnftnl.so" && ln -s "libnftnl.so.11.7.0" "libnftnl.so")
copying selected object files to avoid basename conflicts...
libtool: link: ln obj/counter.o .libs/libnftnl.lax/lt1-counter.o || cp obj/counter.o .libs/libnftnl.lax/lt1-counter.o
libtool: link: ln obj/quota.o .libs/libnftnl.lax/lt2-quota.o || cp obj/quota.o .libs/libnftnl.lax/lt2-quota.o
libtool: link: ln obj/tunnel.o .libs/libnftnl.lax/lt3-tunnel.o || cp obj/tunnel.o .libs/libnftnl.lax/lt3-tunnel.o
libtool: link: ln obj/limit.o .libs/libnftnl.lax/lt4-limit.o || cp obj/limit.o .libs/libnftnl.lax/lt4-limit.o
libtool: link: ln obj/synproxy.o .libs/libnftnl.lax/lt5-synproxy.o || cp obj/synproxy.o .libs/libnftnl.lax/lt5-synproxy.o
libtool: link: arm-openwrt-linux-muslgnueabi-gcc-ar cr .libs/libnftnl.a utils.o batch.o flowtable.o common.o gen.o table.o trace.o chain.o object.o rule.o set.o set_elem.o str_array.o ruleset.o udata.o expr.o expr_ops.o expr/bitwise.o expr/byteorder.o expr/cmp.o expr/range.o expr/connlimit.o expr/counter.o expr/ct.o expr/data_reg.o expr/dup.o expr/exthdr.o expr/flow_offload.o expr/fib.o expr/fwd.o expr/last.o expr/limit.o expr/log.o expr/lookup.o expr/dynset.o expr/immediate.o expr/inner.o expr/match.o expr/meta.o expr/numgen.o expr/nat.o expr/tproxy.o expr/objref.o expr/payload.o expr/queue.o expr/quota.o expr/reject.o expr/rt.o expr/target.o expr/tunnel.o expr/masq.o expr/redir.o expr/hash.o expr/socket.o expr/synproxy.o expr/osf.o expr/xfrm.o .libs/libnftnl.lax/lt1-counter.o obj/ct_helper.o .libs/libnftnl.lax/lt2-quota.o .libs/libnftnl.lax/lt3-tunnel.o .libs/libnftnl.lax/lt4-limit.o .libs/libnftnl.lax/lt5-synproxy.o obj/ct_timeout.o obj/secmark.o obj/ct_expect.o
libtool: link: arm-openwrt-linux-muslgnueabi-gcc-ranlib .libs/libnftnl.a
libtool: link: rm -fr .libs/libnftnl.lax
libtool: link: ( cd ".libs" && rm -f "libnftnl.la" && ln -s "../libnftnl.la" "libnftnl.la" )
make[6]: Leaving directory '/home/oleg/openwrt/build_dir/target-arm_cortex-a7_musl_eabi/libnftnl-1.3.1/src'
Making all in include
make[6]: Entering directory '/home/oleg/openwrt/build_dir/target-arm_cortex-a7_musl_eabi/libnftnl-1.3.1/include'
Making all in libnftnl
make[7]: Entering directory '/home/oleg/openwrt/build_dir/target-arm_cortex-a7_musl_eabi/libnftnl-1.3.1/include/libnftnl'
make[7]: Nothing to be done for 'all'.
make[7]: Leaving directory '/home/oleg/openwrt/build_dir/target-arm_cortex-a7_musl_eabi/libnftnl-1.3.1/include/libnftnl'
Making all in linux
make[7]: Entering directory '/home/oleg/openwrt/build_dir/target-arm_cortex-a7_musl_eabi/libnftnl-1.3.1/include/linux'
Making all in netfilter
make[8]: Entering directory '/home/oleg/openwrt/build_dir/target-arm_cortex-a7_musl_eabi/libnftnl-1.3.1/include/linux/netfilter'
make[8]: Nothing to be done for 'all'.
make[8]: Leaving directory '/home/oleg/openwrt/build_dir/target-arm_cortex-a7_musl_eabi/libnftnl-1.3.1/include/linux/netfilter'
make[8]: Entering directory '/home/oleg/openwrt/build_dir/target-arm_cortex-a7_musl_eabi/libnftnl-1.3.1/include/linux'
make[8]: Nothing to be done for 'all-am'.
make[8]: Leaving directory '/home/oleg/openwrt/build_dir/target-arm_cortex-a7_musl_eabi/libnftnl-1.3.1/include/linux'
make[7]: Leaving directory '/home/oleg/openwrt/build_dir/target-arm_cortex-a7_musl_eabi/libnftnl-1.3.1/include/linux'
make[7]: Entering directory '/home/oleg/openwrt/build_dir/target-arm_cortex-a7_musl_eabi/libnftnl-1.3.1/include'
make[7]: Nothing to be done for 'all-am'.
make[7]: Leaving directory '/home/oleg/openwrt/build_dir/target-arm_cortex-a7_musl_eabi/libnftnl-1.3.1/include'
make[6]: Leaving directory '/home/oleg/openwrt/build_dir/target-arm_cortex-a7_musl_eabi/libnftnl-1.3.1/include'
Making all in examples
make[6]: Entering directory '/home/oleg/openwrt/build_dir/target-arm_cortex-a7_musl_eabi/libnftnl-1.3.1/examples'
make[6]: Nothing to be done for 'all'.
make[6]: Leaving directory '/home/oleg/openwrt/build_dir/target-arm_cortex-a7_musl_eabi/libnftnl-1.3.1/examples'
Making all in tests
make[6]: Entering directory '/home/oleg/openwrt/build_dir/target-arm_cortex-a7_musl_eabi/libnftnl-1.3.1/tests'
make[6]: Nothing to be done for 'all'.
make[6]: Leaving directory '/home/oleg/openwrt/build_dir/target-arm_cortex-a7_musl_eabi/libnftnl-1.3.1/tests'
make[6]: Entering directory '/home/oleg/openwrt/build_dir/target-arm_cortex-a7_musl_eabi/libnftnl-1.3.1'
make[6]: Leaving directory '/home/oleg/openwrt/build_dir/target-arm_cortex-a7_musl_eabi/libnftnl-1.3.1'
make[5]: Leaving directory '/home/oleg/openwrt/build_dir/target-arm_cortex-a7_musl_eabi/libnftnl-1.3.1'
make[4]: Leaving directory '/home/oleg/openwrt/build_dir/target-arm_cortex-a7_musl_eabi/libnftnl-1.3.1'
CFLAGS="-Os -pipe -fno-caller-saves -fno-plt -fhonour-copts -mfloat-abi=soft -fmacro-prefix-map=/home/oleg/openwrt/build_dir/target-arm_cortex-a7_musl_eabi/libnftnl-1.3.1=libnftnl-1.3.1 -flto=auto -fno-fat-lto-objects -Wl,-z,max-page-size=4096 -Wformat -Werror=format-security -fstack-protector -D_FORTIFY_SOURCE=1 -Wl,-z,now -Wl,-z,relro -DPIC -fpic  -I/home/oleg/openwrt/staging_dir/toolchain-arm_cortex-a7_gcc-14.4.0_musl_eabi/usr/include -I/home/oleg/openwrt/staging_dir/toolchain-arm_cortex-a7_gcc-14.4.0_musl_eabi/include -I/home/oleg/openwrt/staging_dir/toolchain-arm_cortex-a7_gcc-14.4.0_musl_eabi/include/fortify " CXXFLAGS="-Os -pipe -fno-caller-saves -fno-plt -fhonour-copts -mfloat-abi=soft -fmacro-prefix-map=/home/oleg/openwrt/build_dir/target-arm_cortex-a7_musl_eabi/libnftnl-1.3.1=libnftnl-1.3.1 -flto=auto -fno-fat-lto-objects -Wl,-z,max-page-size=4096 -Wformat -Werror=format-security -fstack-protector -D_FORTIFY_SOURCE=1 -Wl,-z,now -Wl,-z,relro -DPIC -fpic -flto=auto -fno-fat-lto-objects  -I/home/oleg/openwrt/staging_dir/toolchain-arm_cortex-a7_gcc-14.4.0_musl_eabi/usr/include -I/home/oleg/openwrt/staging_dir/toolchain-arm_cortex-a7_gcc-14.4.0_musl_eabi/include -I/home/oleg/openwrt/staging_dir/toolchain-arm_cortex-a7_gcc-14.4.0_musl_eabi/include/fortify " LDFLAGS="-L/home/oleg/openwrt/staging_dir/toolchain-arm_cortex-a7_gcc-14.4.0_musl_eabi/usr/lib -L/home/oleg/openwrt/staging_dir/toolchain-arm_cortex-a7_gcc-14.4.0_musl_eabi/lib -fuse-ld=bfd -flto=auto -fuse-linker-plugin -zmax-page-size=4096 -znow -zrelro " make -C /home/oleg/openwrt/build_dir/target-arm_cortex-a7_musl_eabi/libnftnl-1.3.1/. AR="arm-openwrt-linux-muslgnueabi-gcc-ar" AS="arm-openwrt-linux-muslgnueabi-gcc -c -Os -pipe -fno-caller-saves -fno-plt -fhonour-copts -mfloat-abi=soft -fmacro-prefix-map=/home/oleg/openwrt/build_dir/target-arm_cortex-a7_musl_eabi/libnftnl-1.3.1=libnftnl-1.3.1 -flto=auto -fno-fat-lto-objects -Wl,-z,max-page-size=4096 -Wformat -Werror=format-security -fstack-protector -D_FORTIFY_SOURCE=1 -Wl,-z,now -Wl,-z,relro -DPIC -fpic" LD="arm-openwrt-linux-muslgnueabi-ld.bfd" NM="arm-openwrt-linux-muslgnueabi-gcc-nm" CC="arm-openwrt-linux-muslgnueabi-gcc" GCC="arm-openwrt-linux-muslgnueabi-gcc" CXX="arm-openwrt-linux-muslgnueabi-g++" RANLIB="arm-openwrt-linux-muslgnueabi-gcc-ranlib" STRIP=arm-openwrt-linux-muslgnueabi-strip OBJCOPY=arm-openwrt-linux-muslgnueabi-objcopy OBJDUMP=arm-openwrt-linux-muslgnueabi-objdump SIZE=arm-openwrt-linux-muslgnueabi-size CROSS="arm-openwrt-linux-muslgnueabi-" ARCH="arm" DESTDIR="/home/oleg/openwrt/build_dir/target-arm_cortex-a7_musl_eabi/libnftnl-1.3.1/ipkg-install"   install;
make[4]: Entering directory '/home/oleg/openwrt/build_dir/target-arm_cortex-a7_musl_eabi/libnftnl-1.3.1'
Making install in src
make[5]: Entering directory '/home/oleg/openwrt/build_dir/target-arm_cortex-a7_musl_eabi/libnftnl-1.3.1/src'
make[6]: Entering directory '/home/oleg/openwrt/build_dir/target-arm_cortex-a7_musl_eabi/libnftnl-1.3.1/src'
 /usr/bin/mkdir -p '/home/oleg/openwrt/build_dir/target-arm_cortex-a7_musl_eabi/libnftnl-1.3.1/ipkg-install/usr/lib'
 /bin/bash ../libtool   --mode=install /home/oleg/openwrt/staging_dir/host/bin/install -c   libnftnl.la '/home/oleg/openwrt/build_dir/target-arm_cortex-a7_musl_eabi/libnftnl-1.3.1/ipkg-install/usr/lib'
libtool: install: /home/oleg/openwrt/staging_dir/host/bin/install -c .libs/libnftnl.so.11.7.0 /home/oleg/openwrt/build_dir/target-arm_cortex-a7_musl_eabi/libnftnl-1.3.1/ipkg-install/usr/lib/libnftnl.so.11.7.0
libtool: install: (cd /home/oleg/openwrt/build_dir/target-arm_cortex-a7_musl_eabi/libnftnl-1.3.1/ipkg-install/usr/lib && { ln -s -f libnftnl.so.11.7.0 libnftnl.so.11 || { rm -f libnftnl.so.11 && ln -s libnftnl.so.11.7.0 libnftnl.so.11; }; })
libtool: install: (cd /home/oleg/openwrt/build_dir/target-arm_cortex-a7_musl_eabi/libnftnl-1.3.1/ipkg-install/usr/lib && { ln -s -f libnftnl.so.11.7.0 libnftnl.so || { rm -f libnftnl.so && ln -s libnftnl.so.11.7.0 libnftnl.so; }; })
libtool: install: /home/oleg/openwrt/staging_dir/host/bin/install -c .libs/libnftnl.lai /home/oleg/openwrt/build_dir/target-arm_cortex-a7_musl_eabi/libnftnl-1.3.1/ipkg-install/usr/lib/libnftnl.la
libtool: install: /home/oleg/openwrt/staging_dir/host/bin/install -c .libs/libnftnl.a /home/oleg/openwrt/build_dir/target-arm_cortex-a7_musl_eabi/libnftnl-1.3.1/ipkg-install/usr/lib/libnftnl.a
libtool: install: chmod 644 /home/oleg/openwrt/build_dir/target-arm_cortex-a7_musl_eabi/libnftnl-1.3.1/ipkg-install/usr/lib/libnftnl.a
libtool: install: arm-openwrt-linux-muslgnueabi-gcc-ranlib /home/oleg/openwrt/build_dir/target-arm_cortex-a7_musl_eabi/libnftnl-1.3.1/ipkg-install/usr/lib/libnftnl.a
libtool: warning: remember to run 'libtool --finish /usr/lib'
make[6]: Nothing to be done for 'install-data-am'.
make[6]: Leaving directory '/home/oleg/openwrt/build_dir/target-arm_cortex-a7_musl_eabi/libnftnl-1.3.1/src'
make[5]: Leaving directory '/home/oleg/openwrt/build_dir/target-arm_cortex-a7_musl_eabi/libnftnl-1.3.1/src'
Making install in include
make[5]: Entering directory '/home/oleg/openwrt/build_dir/target-arm_cortex-a7_musl_eabi/libnftnl-1.3.1/include'
Making install in libnftnl
make[6]: Entering directory '/home/oleg/openwrt/build_dir/target-arm_cortex-a7_musl_eabi/libnftnl-1.3.1/include/libnftnl'
make[7]: Entering directory '/home/oleg/openwrt/build_dir/target-arm_cortex-a7_musl_eabi/libnftnl-1.3.1/include/libnftnl'
make[7]: Nothing to be done for 'install-exec-am'.
 /usr/bin/mkdir -p '/home/oleg/openwrt/build_dir/target-arm_cortex-a7_musl_eabi/libnftnl-1.3.1/ipkg-install/usr/include/libnftnl'
 /home/oleg/openwrt/staging_dir/host/bin/install -c -m 644 batch.h table.h trace.h chain.h object.h rule.h expr.h set.h flowtable.h ruleset.h common.h udata.h gen.h '/home/oleg/openwrt/build_dir/target-arm_cortex-a7_musl_eabi/libnftnl-1.3.1/ipkg-install/usr/include/libnftnl'
make[7]: Leaving directory '/home/oleg/openwrt/build_dir/target-arm_cortex-a7_musl_eabi/libnftnl-1.3.1/include/libnftnl'
make[6]: Leaving directory '/home/oleg/openwrt/build_dir/target-arm_cortex-a7_musl_eabi/libnftnl-1.3.1/include/libnftnl'
Making install in linux
make[6]: Entering directory '/home/oleg/openwrt/build_dir/target-arm_cortex-a7_musl_eabi/libnftnl-1.3.1/include/linux'
Making install in netfilter
make[7]: Entering directory '/home/oleg/openwrt/build_dir/target-arm_cortex-a7_musl_eabi/libnftnl-1.3.1/include/linux/netfilter'
make[8]: Entering directory '/home/oleg/openwrt/build_dir/target-arm_cortex-a7_musl_eabi/libnftnl-1.3.1/include/linux/netfilter'
make[8]: Nothing to be done for 'install-exec-am'.
make[8]: Nothing to be done for 'install-data-am'.
make[8]: Leaving directory '/home/oleg/openwrt/build_dir/target-arm_cortex-a7_musl_eabi/libnftnl-1.3.1/include/linux/netfilter'
make[7]: Leaving directory '/home/oleg/openwrt/build_dir/target-arm_cortex-a7_musl_eabi/libnftnl-1.3.1/include/linux/netfilter'
make[7]: Entering directory '/home/oleg/openwrt/build_dir/target-arm_cortex-a7_musl_eabi/libnftnl-1.3.1/include/linux'
make[8]: Entering directory '/home/oleg/openwrt/build_dir/target-arm_cortex-a7_musl_eabi/libnftnl-1.3.1/include/linux'
make[8]: Nothing to be done for 'install-exec-am'.
make[8]: Nothing to be done for 'install-data-am'.
make[8]: Leaving directory '/home/oleg/openwrt/build_dir/target-arm_cortex-a7_musl_eabi/libnftnl-1.3.1/include/linux'
make[7]: Leaving directory '/home/oleg/openwrt/build_dir/target-arm_cortex-a7_musl_eabi/libnftnl-1.3.1/include/linux'
make[6]: Leaving directory '/home/oleg/openwrt/build_dir/target-arm_cortex-a7_musl_eabi/libnftnl-1.3.1/include/linux'
make[6]: Entering directory '/home/oleg/openwrt/build_dir/target-arm_cortex-a7_musl_eabi/libnftnl-1.3.1/include'
make[7]: Entering directory '/home/oleg/openwrt/build_dir/target-arm_cortex-a7_musl_eabi/libnftnl-1.3.1/include'
make[7]: Nothing to be done for 'install-exec-am'.
make[7]: Nothing to be done for 'install-data-am'.
make[7]: Leaving directory '/home/oleg/openwrt/build_dir/target-arm_cortex-a7_musl_eabi/libnftnl-1.3.1/include'
make[6]: Leaving directory '/home/oleg/openwrt/build_dir/target-arm_cortex-a7_musl_eabi/libnftnl-1.3.1/include'
make[5]: Leaving directory '/home/oleg/openwrt/build_dir/target-arm_cortex-a7_musl_eabi/libnftnl-1.3.1/include'
Making install in examples
make[5]: Entering directory '/home/oleg/openwrt/build_dir/target-arm_cortex-a7_musl_eabi/libnftnl-1.3.1/examples'
make[6]: Entering directory '/home/oleg/openwrt/build_dir/target-arm_cortex-a7_musl_eabi/libnftnl-1.3.1/examples'
make[6]: Nothing to be done for 'install-exec-am'.
make[6]: Nothing to be done for 'install-data-am'.
make[6]: Leaving directory '/home/oleg/openwrt/build_dir/target-arm_cortex-a7_musl_eabi/libnftnl-1.3.1/examples'
make[5]: Leaving directory '/home/oleg/openwrt/build_dir/target-arm_cortex-a7_musl_eabi/libnftnl-1.3.1/examples'
Making install in tests
make[5]: Entering directory '/home/oleg/openwrt/build_dir/target-arm_cortex-a7_musl_eabi/libnftnl-1.3.1/tests'
make[6]: Entering directory '/home/oleg/openwrt/build_dir/target-arm_cortex-a7_musl_eabi/libnftnl-1.3.1/tests'
make[6]: Nothing to be done for 'install-exec-am'.
make[6]: Nothing to be done for 'install-data-am'.
make[6]: Leaving directory '/home/oleg/openwrt/build_dir/target-arm_cortex-a7_musl_eabi/libnftnl-1.3.1/tests'
make[5]: Leaving directory '/home/oleg/openwrt/build_dir/target-arm_cortex-a7_musl_eabi/libnftnl-1.3.1/tests'
make[5]: Entering directory '/home/oleg/openwrt/build_dir/target-arm_cortex-a7_musl_eabi/libnftnl-1.3.1'
make[6]: Entering directory '/home/oleg/openwrt/build_dir/target-arm_cortex-a7_musl_eabi/libnftnl-1.3.1'
make[6]: Nothing to be done for 'install-exec-am'.
 /usr/bin/mkdir -p '/home/oleg/openwrt/build_dir/target-arm_cortex-a7_musl_eabi/libnftnl-1.3.1/ipkg-install/usr/lib/pkgconfig'
 /home/oleg/openwrt/staging_dir/host/bin/install -c -m 644 libnftnl.pc '/home/oleg/openwrt/build_dir/target-arm_cortex-a7_musl_eabi/libnftnl-1.3.1/ipkg-install/usr/lib/pkgconfig'
make[6]: Leaving directory '/home/oleg/openwrt/build_dir/target-arm_cortex-a7_musl_eabi/libnftnl-1.3.1'
make[5]: Leaving directory '/home/oleg/openwrt/build_dir/target-arm_cortex-a7_musl_eabi/libnftnl-1.3.1'
make[4]: Leaving directory '/home/oleg/openwrt/build_dir/target-arm_cortex-a7_musl_eabi/libnftnl-1.3.1'
touch /home/oleg/openwrt/build_dir/target-arm_cortex-a7_musl_eabi/libnftnl-1.3.1/.built
rm -rf /home/oleg/openwrt/build_dir/target-arm_cortex-a7_musl_eabi/libnftnl-1.3.1/ipkg-arm_cortex-a7/libnftnl
mkdir -p /home/oleg/openwrt/bin/targets/airoha/an7563/packages /home/oleg/openwrt/build_dir/target-arm_cortex-a7_musl_eabi/libnftnl-1.3.1/ipkg-arm_cortex-a7/libnftnl /home/oleg/openwrt/staging_dir/target-arm_cortex-a7_musl_eabi/pkginfo
install -d -m0755 /home/oleg/openwrt/build_dir/target-arm_cortex-a7_musl_eabi/libnftnl-1.3.1/ipkg-arm_cortex-a7/libnftnl/usr/lib
cp -fpR /home/oleg/openwrt/build_dir/target-arm_cortex-a7_musl_eabi/libnftnl-1.3.1/ipkg-install/usr/lib/libnftnl.so.* /home/oleg/openwrt/build_dir/target-arm_cortex-a7_musl_eabi/libnftnl-1.3.1/ipkg-arm_cortex-a7/libnftnl/usr/lib/
find /home/oleg/openwrt/build_dir/target-arm_cortex-a7_musl_eabi/libnftnl-1.3.1/ipkg-arm_cortex-a7/libnftnl -name '.svn' -o -name '.#*' -o -name '*~'| xargs -r rm -rf
export CROSS="arm-openwrt-linux-muslgnueabi-"  NO_RENAME=1 ; NM="arm-openwrt-linux-muslgnueabi-nm" STRIP="/home/oleg/openwrt/staging_dir/host/bin/sstrip -z" STRIP_KMOD="/home/oleg/openwrt/scripts/strip-kmod.sh" PATCHELF="/home/oleg/openwrt/staging_dir/host/bin/patchelf" /home/oleg/openwrt/scripts/rstrip.sh /home/oleg/openwrt/build_dir/target-arm_cortex-a7_musl_eabi/libnftnl-1.3.1/ipkg-arm_cortex-a7/libnftnl
rstrip.sh: /home/oleg/openwrt/build_dir/target-arm_cortex-a7_musl_eabi/libnftnl-1.3.1/ipkg-arm_cortex-a7/libnftnl/usr/lib/libnftnl.so.11.7.0: shared object
install -d -m0755 /home/oleg/openwrt/bin/packages/arm_cortex-a7/base
mkdir -p /home/oleg/openwrt/build_dir/target-arm_cortex-a7_musl_eabi/libnftnl-1.3.1/apk-arm_cortex-a7/libnftnl/
mkdir -p /home/oleg/openwrt/build_dir/target-arm_cortex-a7_musl_eabi/libnftnl-1.3.1/ipkg-arm_cortex-a7/libnftnl/lib/apk/packages/
(cd /home/oleg/openwrt/build_dir/target-arm_cortex-a7_musl_eabi/libnftnl-1.3.1/apk-arm_cortex-a7/libnftnl; )
( echo "#!/bin/sh"; echo "[ \"\${IPKG_NO_SCRIPT}\" = \"1\" ] && exit 0"; echo "[ -s "\${IPKG_INSTROOT}/lib/functions.sh" ] || exit 0"; echo ". \${IPKG_INSTROOT}/lib/functions.sh"; echo 'export root="${IPKG_INSTROOT}"'; echo 'export pkgname="libnftnl11"'; echo "add_group_and_user"; echo "default_postinst"; [ ! -f /home/oleg/openwrt/build_dir/target-arm_cortex-a7_musl_eabi/libnftnl-1.3.1/apk-arm_cortex-a7/libnftnl/postinst-pkg ] || sed '/^\s*#!/d' "/home/oleg/openwrt/build_dir/target-arm_cortex-a7_musl_eabi/libnftnl-1.3.1/apk-arm_cortex-a7/libnftnl/postinst-pkg"; ) > /home/oleg/openwrt/build_dir/target-arm_cortex-a7_musl_eabi/libnftnl-1.3.1/apk-arm_cortex-a7/libnftnl/post-install;
( echo "#!/bin/sh"; echo 'export PKG_UPGRADE=1'; [ ! -f /home/oleg/openwrt/build_dir/target-arm_cortex-a7_musl_eabi/libnftnl-1.3.1/apk-arm_cortex-a7/libnftnl/post-install ] || sed '/^\s*#!/d' "/home/oleg/openwrt/build_dir/target-arm_cortex-a7_musl_eabi/libnftnl-1.3.1/apk-arm_cortex-a7/libnftnl/post-install"; ) > /home/oleg/openwrt/build_dir/target-arm_cortex-a7_musl_eabi/libnftnl-1.3.1/apk-arm_cortex-a7/libnftnl/post-upgrade;
( echo "#!/bin/sh"; echo "[ -s "\${IPKG_INSTROOT}/lib/functions.sh" ] || exit 0"; echo ". \${IPKG_INSTROOT}/lib/functions.sh"; echo 'export root="${IPKG_INSTROOT}"'; echo 'export pkgname="libnftnl11"'; echo "default_prerm"; [ ! -f /home/oleg/openwrt/build_dir/target-arm_cortex-a7_musl_eabi/libnftnl-1.3.1/apk-arm_cortex-a7/libnftnl/prerm-pkg ] || sed '/^\s*#!/d' "/home/oleg/openwrt/build_dir/target-arm_cortex-a7_musl_eabi/libnftnl-1.3.1/apk-arm_cortex-a7/libnftnl/prerm-pkg"; ) > /home/oleg/openwrt/build_dir/target-arm_cortex-a7_musl_eabi/libnftnl-1.3.1/apk-arm_cortex-a7/libnftnl/pre-deinstall;
[ ! -f /home/oleg/openwrt/build_dir/target-arm_cortex-a7_musl_eabi/libnftnl-1.3.1/apk-arm_cortex-a7/libnftnl/postrm ] || sed -zi 's/^\s*#!/#!/' "/home/oleg/openwrt/build_dir/target-arm_cortex-a7_musl_eabi/libnftnl-1.3.1/apk-arm_cortex-a7/libnftnl/postrm";
if [ -n "" ]; then echo  > /home/oleg/openwrt/build_dir/target-arm_cortex-a7_musl_eabi/libnftnl-1.3.1/ipkg-arm_cortex-a7/libnftnl/lib/apk/packages/libnftnl11.rusers; fi;
if [ -n "" ]; then echo  > /home/oleg/openwrt/build_dir/target-arm_cortex-a7_musl_eabi/libnftnl-1.3.1/ipkg-arm_cortex-a7/libnftnl/lib/apk/packages/libnftnl11.alternatives; fi;
(cd /home/oleg/openwrt/build_dir/target-arm_cortex-a7_musl_eabi/libnftnl-1.3.1/ipkg-arm_cortex-a7/libnftnl && find . -type f,l -printf "/%P\n" | sort > /home/oleg/openwrt/tmp/libnftnl.list && mv /home/oleg/openwrt/tmp/libnftnl.list /home/oleg/openwrt/build_dir/target-arm_cortex-a7_musl_eabi/libnftnl-1.3.1/ipkg-arm_cortex-a7/libnftnl/lib/apk/packages/libnftnl11.list)
# Move conffiles to IDIR and build conffiles_static with csums
if [ -f /home/oleg/openwrt/build_dir/target-arm_cortex-a7_musl_eabi/libnftnl-1.3.1/apk-arm_cortex-a7/libnftnl/conffiles ]; then mv -f /home/oleg/openwrt/build_dir/target-arm_cortex-a7_musl_eabi/libnftnl-1.3.1/apk-arm_cortex-a7/libnftnl/conffiles /home/oleg/openwrt/build_dir/target-arm_cortex-a7_musl_eabi/libnftnl-1.3.1/ipkg-arm_cortex-a7/libnftnl/lib/apk/packages/libnftnl11.conffiles; for file in $(cat /home/oleg/openwrt/build_dir/target-arm_cortex-a7_musl_eabi/libnftnl-1.3.1/ipkg-arm_cortex-a7/libnftnl/lib/apk/packages/libnftnl11.conffiles); do [ -f /home/oleg/openwrt/build_dir/target-arm_cortex-a7_musl_eabi/libnftnl-1.3.1/ipkg-arm_cortex-a7/libnftnl/$file ] || continue; csum=$(/home/oleg/openwrt/staging_dir/host/bin/mkhash sha256 /home/oleg/openwrt/build_dir/target-arm_cortex-a7_musl_eabi/libnftnl-1.3.1/ipkg-arm_cortex-a7/libnftnl/$file); echo $file $csum >> /home/oleg/openwrt/build_dir/target-arm_cortex-a7_musl_eabi/libnftnl-1.3.1/ipkg-arm_cortex-a7/libnftnl/lib/apk/packages/libnftnl11.conffiles_static; done; fi
# Some package (base-files) manually append stuff to conffiles
# Append stuff from it and delete the CONTROL directory since everything else should be migrated
if [ -f /home/oleg/openwrt/build_dir/target-arm_cortex-a7_musl_eabi/libnftnl-1.3.1/ipkg-arm_cortex-a7/libnftnl/CONTROL/conffiles ]; then echo $(IDIR_libnftnl)/CONTROL/conffiles >> /home/oleg/openwrt/build_dir/target-arm_cortex-a7_musl_eabi/libnftnl-1.3.1/ipkg-arm_cortex-a7/libnftnl/lib/apk/packages/libnftnl11.conffiles; for file in $(cat /home/oleg/openwrt/build_dir/target-arm_cortex-a7_musl_eabi/libnftnl-1.3.1/ipkg-arm_cortex-a7/libnftnl/CONTROL/conffiles); do [ -f /home/oleg/openwrt/build_dir/target-arm_cortex-a7_musl_eabi/libnftnl-1.3.1/ipkg-arm_cortex-a7/libnftnl/$file ] || continue; csum=$(/home/oleg/openwrt/staging_dir/host/bin/mkhash sha256 /home/oleg/openwrt/build_dir/target-arm_cortex-a7_musl_eabi/libnftnl-1.3.1/ipkg-arm_cortex-a7/libnftnl/$file); echo $file $csum >> /home/oleg/openwrt/build_dir/target-arm_cortex-a7_musl_eabi/libnftnl-1.3.1/ipkg-arm_cortex-a7/libnftnl/lib/apk/packages/libnftnl11.conffiles_static; done; rm -rf /home/oleg/openwrt/build_dir/target-arm_cortex-a7_musl_eabi/libnftnl-1.3.1/ipkg-arm_cortex-a7/libnftnl/CONTROL/conffiles; fi
if [ -z "$(ls -A /home/oleg/openwrt/build_dir/target-arm_cortex-a7_musl_eabi/libnftnl-1.3.1/ipkg-arm_cortex-a7/libnftnl/CONTROL 2>/dev/null)" ]; then rm -rf /home/oleg/openwrt/build_dir/target-arm_cortex-a7_musl_eabi/libnftnl-1.3.1/ipkg-arm_cortex-a7/libnftnl/CONTROL; else echo "CONTROL directory /home/oleg/openwrt/build_dir/target-arm_cortex-a7_musl_eabi/libnftnl-1.3.1/ipkg-arm_cortex-a7/libnftnl/CONTROL is not empty! This is not right and should be checked!" >&2; exit 1; fi
SOURCE_DATE_EPOCH=0 /home/oleg/openwrt/staging_dir/host/bin/fakeroot /home/oleg/openwrt/staging_dir/host/bin/apk mkpkg --info "name:libnftnl11" --info "version:1.3.1-r1" --info "tags:openwrt:abiversion=11 openwrt:section=libs openwrt:cpe=cpe:/a:netfilter:libnftnl" --info "description:libnftnl is a userspace library providing a low-level netlink programming interface (API) to the in-kernel nf_tables subsystem." --info "arch:arm_cortex-a7" --info "license:GPL-2.0-or-later" --info "origin:feeds/base/libs/libnftnl" --info "url:http://www.netfilter.org/projects/libnftnl" --info "maintainer:Steven Barth <steven@midlink.org>" --info "provides:libnftnl libnftnl-any" --info "provider-priority:10" --script "post-install:/home/oleg/openwrt/build_dir/target-arm_cortex-a7_musl_eabi/libnftnl-1.3.1/apk-arm_cortex-a7/libnftnl/post-install" --script "post-upgrade:/home/oleg/openwrt/build_dir/target-arm_cortex-a7_musl_eabi/libnftnl-1.3.1/apk-arm_cortex-a7/libnftnl/post-upgrade" --script "pre-deinstall:/home/oleg/openwrt/build_dir/target-arm_cortex-a7_musl_eabi/libnftnl-1.3.1/apk-arm_cortex-a7/libnftnl/pre-deinstall" --info "depends:libc libmnl0" --files "/home/oleg/openwrt/build_dir/target-arm_cortex-a7_musl_eabi/libnftnl-1.3.1/ipkg-arm_cortex-a7/libnftnl" --sign /home/oleg/openwrt/private-key.pem --output "/home/oleg/openwrt/bin/packages/arm_cortex-a7/base/libnftnl11-1.3.1-r1.apk"
rm -rf /home/oleg/openwrt/build_dir/target-arm_cortex-a7_musl_eabi/libnftnl-1.3.1/.pkgdir/libnftnl.installed /home/oleg/openwrt/build_dir/target-arm_cortex-a7_musl_eabi/libnftnl-1.3.1/.pkgdir/libnftnl
mkdir -p /home/oleg/openwrt/build_dir/target-arm_cortex-a7_musl_eabi/libnftnl-1.3.1/.pkgdir/libnftnl
install -d -m0755 /home/oleg/openwrt/build_dir/target-arm_cortex-a7_musl_eabi/libnftnl-1.3.1/.pkgdir/libnftnl/usr/lib
cp -fpR /home/oleg/openwrt/build_dir/target-arm_cortex-a7_musl_eabi/libnftnl-1.3.1/ipkg-install/usr/lib/libnftnl.so.* /home/oleg/openwrt/build_dir/target-arm_cortex-a7_musl_eabi/libnftnl-1.3.1/.pkgdir/libnftnl/usr/lib/
touch /home/oleg/openwrt/build_dir/target-arm_cortex-a7_musl_eabi/libnftnl-1.3.1/.pkgdir/libnftnl.installed
mkdir -p /home/oleg/openwrt/staging_dir/target-arm_cortex-a7_musl_eabi/root-airoha/stamp
echo '11' | cmp -s - /home/oleg/openwrt/staging_dir/target-arm_cortex-a7_musl_eabi/pkginfo/libnftnl.version || { mkdir -p /home/oleg/openwrt/staging_dir/target-arm_cortex-a7_musl_eabi/pkginfo; echo '11' > /home/oleg/openwrt/staging_dir/target-arm_cortex-a7_musl_eabi/pkginfo/libnftnl.version;  cp /home/oleg/openwrt/staging_dir/target-arm_cortex-a7_musl_eabi/pkginfo/libnftnl.version /home/oleg/openwrt/staging_dir/target-arm_cortex-a7_musl_eabi/pkginfo/libnftnl-any.version;  } 
SHELL= flock /home/oleg/openwrt/tmp/.root-copy.flock -c 'cp -fpR /home/oleg/openwrt/build_dir/target-arm_cortex-a7_musl_eabi/libnftnl-1.3.1/.pkgdir/libnftnl/. /home/oleg/openwrt/staging_dir/target-arm_cortex-a7_musl_eabi/root-airoha/'
touch /home/oleg/openwrt/staging_dir/target-arm_cortex-a7_musl_eabi/root-airoha/stamp/.libnftnl_installed
echo "libnftnl" >> /home/oleg/openwrt/staging_dir/target-arm_cortex-a7_musl_eabi/pkginfo/libnftnl.default.install
rm -rf /home/oleg/openwrt/tmp/stage-libnftnl
mkdir -p /home/oleg/openwrt/tmp/stage-libnftnl/host /home/oleg/openwrt/staging_dir/target-arm_cortex-a7_musl_eabi/packages
install -d -m0755 /home/oleg/openwrt/tmp/stage-libnftnl/usr/include/libnftnl
cp -fpR /home/oleg/openwrt/build_dir/target-arm_cortex-a7_musl_eabi/libnftnl-1.3.1/ipkg-install/usr/include/libnftnl/*.h /home/oleg/openwrt/tmp/stage-libnftnl/usr/include/libnftnl/
install -d -m0755 /home/oleg/openwrt/tmp/stage-libnftnl/usr/lib
cp -fpR /home/oleg/openwrt/build_dir/target-arm_cortex-a7_musl_eabi/libnftnl-1.3.1/ipkg-install/usr/lib/libnftnl.{so*,a,la} /home/oleg/openwrt/tmp/stage-libnftnl/usr/lib/
install -d -m0755 /home/oleg/openwrt/tmp/stage-libnftnl/usr/lib/pkgconfig
cp -fpR /home/oleg/openwrt/build_dir/target-arm_cortex-a7_musl_eabi/libnftnl-1.3.1/ipkg-install/usr/lib/pkgconfig/libnftnl.pc /home/oleg/openwrt/tmp/stage-libnftnl/usr/lib/pkgconfig/
find /home/oleg/openwrt/tmp/stage-libnftnl -name '*.la' | xargs -r rm -f; 
if [ -f /home/oleg/openwrt/staging_dir/target-arm_cortex-a7_musl_eabi/packages/libnftnl.list ]; then /home/oleg/openwrt/scripts/clean-package.sh "/home/oleg/openwrt/staging_dir/target-arm_cortex-a7_musl_eabi/packages/libnftnl.list" "/home/oleg/openwrt/staging_dir/target-arm_cortex-a7_musl_eabi"; fi
if [ -d /home/oleg/openwrt/tmp/stage-libnftnl ]; then (cd /home/oleg/openwrt/tmp/stage-libnftnl; find ./ > /home/oleg/openwrt/tmp/stage-libnftnl.files); 	SHELL= flock /home/oleg/openwrt/tmp/.staging-dir.flock -c ' mv /home/oleg/openwrt/tmp/stage-libnftnl.files /home/oleg/openwrt/staging_dir/target-arm_cortex-a7_musl_eabi/packages/libnftnl.list && cp -fpR /home/oleg/openwrt/tmp/stage-libnftnl/* /home/oleg/openwrt/staging_dir/target-arm_cortex-a7_musl_eabi/; '; fi
rm -rf /home/oleg/openwrt/tmp/stage-libnftnl
touch /home/oleg/openwrt/staging_dir/target-arm_cortex-a7_musl_eabi/stamp/.libnftnl_installed
make[3]: Leaving directory '/home/oleg/openwrt/package/libs/libnftnl'
time: package/libs/libnftnl/compile#12.10#3.79#6.11
make[2]: Leaving directory '/home/oleg/openwrt'
make[1]: *** [package/Makefile:192: /home/oleg/openwrt/staging_dir/target-arm_cortex-a7_musl_eabi/stamp/.package_compile] Error 2
make[1]: *** Waiting for unfinished jobs....
make[2]: Leaving directory '/home/oleg/openwrt'
make[1]: Leaving directory '/home/oleg/openwrt'
make: *** [/home/oleg/openwrt/include/toplevel.mk:233: world] Error 2
